"Data Source","World Development Indicators",

"Last Updated Date","2026-04-08",

"Country Name","Country Code","Indicator Name","Indicator Code","1960","1961","1962","1963","1964","1965","1966","1967","1968","1969","1970","1971","1972","1973","1974","1975","1976","1977","1978","1979","1980","1981","1982","1983","1984","1985","1986","1987","1988","1989","1990","1991","1992","1993","1994","1995","1996","1997","1998","1999","2000","2001","2002","2003","2004","2005","2006","2007","2008","2009","2010","2011","2012","2013","2014","2015","2016","2017","2018","2019","2020","2021","2022","2023","2024","2025",
"Aruba","ABW","Domestic general government health expenditure (% of GDP)","SH.XPD.GHED.GD.ZS","","","","","","","","","","","","","","","","","","","","","","","","","","","","","","","","","","","","","","","","","","","","","","","","","","","","","","","","","","","","","","","","","","",
"Africa Eastern and Southern","AFE","Domestic general government health expenditure (% of GDP)","SH.XPD.GHED.GD.ZS","","","","","","","","","","","","","","","","","","","","","","","","","","","","","","","","","","","","","","","","","2.07480836325694","2.03201637394063","1.9127310898034","2.32584071234405","2.32944021182086","2.27476310472412","2.47211994090449","2.52499109661674","2.45238983549063","2.74734867247968","2.80083539720603","2.79462329401432","2.73582989870811","2.62592123235301","2.62505263151567","2.67971494433485","2.74208699626195","2.73600482718679","2.72570294751678","2.73567553327344","3.1387376262421","3.08059075645484","2.74728133485323","2.69883179761905","","",
"Afghanistan","AFG","Domestic general government health expenditure (% of GDP)","SH.XPD.GHED.GD.ZS","","","","","","","","","","","","","","","","","","","","","","","","","","","","","","","","","","","","","","","","","","","0.08418062","0.65096337","0.54292566","0.5291841","0.49784002","0.55994755","0.62779975","0.53190351","0.46915731","0.47999981","0.34288675","0.44335932","0.47265697","0.52267277","0.60012972","0.64313394","0.55239552","0.49705607","1.18621242","0.71036398","0.18147056","0.24774949","","",
"Africa Western and Central","AFW","Domestic general government health expenditure (% of GDP)","SH.XPD.GHED.GD.ZS","","","","","","","","","","","","","","","","","","","","","","","","","","","","","","","","","","","","","","","","","0.696879546604546","0.855214577100921","0.684064616676621","0.917051106044699","1.07706997872024","1.05319387761381","0.938377083734918","0.847815736038644","0.767015141772623","0.767048467529496","0.684518900204214","0.706785950634921","0.72308299560876","0.72077625645611","0.651210902547373","0.742713444156151","0.721870677963045","0.799872170682834","0.744825549457975","0.727961933468943","0.902921014711324","0.909341818849809","0.916696263397926","0.956329000337115","","",
"Angola","AGO","Domestic general government health expenditure (% of GDP)","SH.XPD.GHED.GD.ZS","","","","","","","","","","","","","","","","","","","","","","","","","","","","","","","","","","","","","","","","","0.98097837","1.80684185","1.15548134","1.28335834","1.4713583","1.14204562","1.28968012","1.53876388","1.91652381","2.23769045","1.46826649","1.52542961","1.39434171","1.5071826","1.16797769","1.08924341","1.05520773","1.12824702","0.97981894","1.00303984","1.46055436","1.51676536","1.30711842","1.1340301","","",
"Albania","ALB","Domestic general government health expenditure (% of GDP)","SH.XPD.GHED.GD.ZS","","","","","","","","","","","","","","","","","","","","","","","","","","","","","","","","","","","","","","","","","2.73330545","2.72089767","2.55822611","2.63895035","2.7876544","2.65562892","2.60609818","2.71601963","2.27345061","2.33076763","2.35073113","2.36980104","2.42631125","2.54741931","2.56312561","2.67593837","2.84762025","2.74185801","2.84073949","2.89433575","2.97455955","2.91998744","3.72758842","3.49766994","","",
"Andorra","AND","Domestic general government health expenditure (% of GDP)","SH.XPD.GHED.GD.ZS","","","","","","","","","","","","","","","","","","","","","","","","","","","","","","","","","","","","","","","","","3.88115096","3.82370234","3.97611761","3.54889631","3.27483177","3.58344364","2.96214485","2.95692062","3.70078373","4.13392305","5.68869781","5.60742188","4.67067814","4.76766396","4.8130722","4.97208548","5.00518513","5.08694077","5.21907949","5.22278023","6.37670708","6.16799164","5.53698158","5.45127535","","",
"Arab World","ARB","Domestic general government health expenditure (% of GDP)","SH.XPD.GHED.GD.ZS","","","","","","","","","","","","","","","","","","","","","","","","","","","","","","","","","","","","","","","","","2.14651230852434","2.38297937559091","2.34562400394402","2.23288022552367","2.08578923606675","1.9583629549158","1.9611474011102","2.00831798788004","1.91775920277946","2.54635936423376","2.24891109644393","2.2759980721112","2.3036231000245","2.46953186329305","2.72886322818961","2.92121280266174","3.19936978488205","3.02917433728892","2.87434969852607","2.98920936020837","3.65123150016355","3.36644910116568","2.93568567934409","3.33390266787101","","",
"United Arab Emirates","ARE","Domestic general government health expenditure (% of GDP)","SH.XPD.GHED.GD.ZS","","","","","","","","","","","","","","","","","","","","","","","","","","","","","","","","","","","","","","","","","1.64852011","1.91321862","1.66402185","1.62154937","1.40612853","1.3188324","1.33256018","1.50558293","1.8716644","2.98415613","2.65301466","2.58301282","2.42006803","2.52060986","2.50834441","2.46962833","2.97157669","2.19714189","2.1139648","2.2531426","3.55229998","3.40082932","3.0025692","3.31956935","","",
"Argentina","ARG","Domestic general government health expenditure (% of GDP)","SH.XPD.GHED.GD.ZS","","","","","","","","","","","","","","","","","","","","","","","","","","","","","","","","","","","","","","","","","4.49895144","4.4767065","3.87838697","3.76298237","3.43900657","3.93187881","4.04397869","4.24544716","4.47786331","5.74631262","5.56987906","5.71961212","6.14357281","6.2950058","6.40571356","6.80309105","6.5777607","6.68290806","6.11101341","6.2193737","6.99057627","6.34810066","5.95705795","6.18493843","","",
"Armenia","ARM","Domestic general government health expenditure (% of GDP)","SH.XPD.GHED.GD.ZS","","","","","","","","","","","","","","","","","","","","","","","","","","","","","","","","","","","","","","","","","0.95468217","1.33908558","1.17184055","1.20635736","1.29411483","1.47841108","1.58640754","1.61389112","1.48813355","1.81169069","1.68628836","1.6728667","1.57816982","1.37565804","1.50548005","1.61020839","1.63735199","1.37250984","1.23468125","1.41167367","2.35673714","2.18868065","1.71535587","1.46441019","","",
"American Samoa","ASM","Domestic general government health expenditure (% of GDP)","SH.XPD.GHED.GD.ZS","","","","","","","","","","","","","","","","","","","","","","","","","","","","","","","","","","","","","","","","","","","","","","","","","","","","","","","","","","","","","","","","","","",
"Antigua and Barbuda","ATG","Domestic general government health expenditure (% of GDP)","SH.XPD.GHED.GD.ZS","","","","","","","","","","","","","","","","","","","","","","","","","","","","","","","","","","","","","","","","","2.50122428","2.92959142","2.80217075","3.01983333","2.6607554","2.48221588","2.17760348","2.01404786","1.87520587","2.03098321","2.77452183","2.73921561","2.71204996","2.75379777","3.14859223","2.93535352","2.75887132","2.61894512","2.81542587","2.49952674","3.58067584","3.06314707","2.85039449","2.30815935","","",
"Australia","AUS","Domestic general government health expenditure (% of GDP)","SH.XPD.GHED.GD.ZS","","","","","","","","","","","","","","","","","","","","","","","","","","","","","","","","","","","","","","","","","5.45143652","5.45680571","5.66308641","5.61926126","5.79416561","5.72175741","5.71296024","5.8701992","5.96531916","6.23710108","6.0919981","6.2522192","6.17619228","5.92386961","6.89110136","7.2235322","7.20443821","7.23039198","7.19087696","7.53765869","7.85286617","7.93791485","7.34881544","7.65963793","","",
"Austria","AUT","Domestic general government health expenditure (% of GDP)","SH.XPD.GHED.GD.ZS","","","","","","","","","","","","","","","","","","","","","","","","","","","","","","","","","","","","","","","","","6.86705208","6.86088991","6.95735025","7.01927948","7.05908728","7.05110073","7.01176453","6.98812008","7.23871469","7.50799561","7.45021629","7.34409189","7.49027205","7.49345398","7.59864187","7.5736208","7.54772329","7.71547127","7.75579357","7.88670015","8.71023846","9.46212482","8.65631485","8.532197","","",
"Azerbaijan","AZE","Domestic general government health expenditure (% of GDP)","SH.XPD.GHED.GD.ZS","","","","","","","","","","","","","","","","","","","","","","","","","","","","","","","","","","","","","","","","","0.86689276","0.80511665","0.73890811","0.7737512","0.86166471","0.89067221","0.8678329","0.90984386","0.86519617","1.13348269","1.01347423","0.94998968","1.11568439","1.06625199","1.13015568","1.30528009","1.16546094","1.00444698","0.88865483","1.06925082","2.32817769","1.48136711","0.95312107","1.39353979","","",
"Burundi","BDI","Domestic general government health expenditure (% of GDP)","SH.XPD.GHED.GD.ZS","","","","","","","","","","","","","","","","","","","","","","","","","","","","","","","","","","","","","","","","","1.46507239","1.69244206","1.5355022","1.35508084","2.3681941","2.06248069","2.36401343","2.46383238","1.5591383","2.08079624","1.9852922","3.47107577","2.66949105","1.54086971","2.78679872","2.4195447","2.23587942","2.01362443","2.0575192","2.27763605","2.1569612","2.22447824","1.58512878","1.34036565","","",
"Belgium","BEL","Domestic general government health expenditure (% of GDP)","SH.XPD.GHED.GD.ZS","","","","","","","","","","","","","","","","","","","","","","","","","","","","","","","","","","","","","","","","","5.96185923","6.13948441","6.13245678","6.78976488","6.99315739","6.8955164","6.80566692","6.77384472","7.26614666","7.84423971","7.7745738","7.83494329","7.99403429","7.99912691","8.03469563","8.26822186","8.31613922","8.3176775","8.32855988","8.08414745","8.72537518","8.49062634","7.9360981","7.95761585","","",
"Benin","BEN","Domestic general government health expenditure (% of GDP)","SH.XPD.GHED.GD.ZS","","","","","","","","","","","","","","","","","","","","","","","","","","","","","","","","","","","","","","","","","1.13417935","1.20063126","0.93714452","1.05233788","1.15381396","1.04785359","1.06306994","0.95481884","0.74250972","0.86784607","0.7522946","0.65150005","0.74686456","0.76463026","0.57532531","0.59082586","0.71389222","0.70637327","0.66673458","0.45625761","0.51122105","0.33374113","0.50720674","0.4894892","","",
"Burkina Faso","BFA","Domestic general government health expenditure (% of GDP)","SH.XPD.GHED.GD.ZS","","","","","","","","","","","","","","","","","","","","","","","","","","","","","","","","","","","","","","","","","0.96129316","0.97162038","1.05799043","0.9801873","1.69977903","1.22285259","1.43097806","1.43212855","1.36111355","1.64177847","1.30630887","1.34620178","1.06450117","1.61236513","1.62685239","1.45618761","2.38693118","2.6879499","2.12523532","2.23602796","2.84514332","2.73058271","2.62870407","2.45250058","","",
"Bangladesh","BGD","Domestic general government health expenditure (% of GDP)","SH.XPD.GHED.GD.ZS","","","","","","","","","","","","","","","","","","","","","","","","","","","","","","","","","","","","","","","","","0.50841981","0.38396508","0.47014153","0.48277113","0.48091501","0.45040676","0.47882023","0.48857561","0.44322866","0.43522108","0.47062662","0.4823136","0.46968287","0.4372614","0.4220427","0.38844827","0.4755646","0.50250494","0.48568422","0.36105901","0.35576752","0.38806468","0.34193528","0.31430635","","",
"Bulgaria","BGR","Domestic general government health expenditure (% of GDP)","SH.XPD.GHED.GD.ZS","","","","","","","","","","","","","","","","","","","","","","","","","","","","","","","","","","","","","","","","","3.4715004","3.84590173","4.20194769","4.37132454","4.09508371","4.10456991","3.63341045","3.43214798","3.48064542","3.54883742","3.91909194","3.84521842","3.82989573","4.03953886","4.47450733","4.13284254","4.11281013","4.11801386","4.23101759","4.2107811","5.05085564","5.52486372","4.77777004","4.97369862","","",
"Bahrain","BHR","Domestic general government health expenditure (% of GDP)","SH.XPD.GHED.GD.ZS","","","","","","","","","","","","","","","","","","","","","","","","","","","","","","","","","","","","","","","","","2.27505612","2.39680648","2.5144496","2.45939231","2.25912499","2.18422818","2.06908512","2.03086805","2.00388288","2.74579287","2.55753851","2.42909908","2.58166146","2.70170784","2.75321245","3.08921409","2.8373127","2.44733834","2.31990647","2.20524931","2.86910701","2.75866771","2.37968802","2.36801171","","",
"Bahamas, The","BHS","Domestic general government health expenditure (% of GDP)","SH.XPD.GHED.GD.ZS","","","","","","","","","","","","","","","","","","","","","","","","","","","","","","","","","","","","","","","","","1.50591624","1.56618142","1.50943291","1.62846565","1.611678","1.58765554","1.65727472","1.80025303","2.08452892","2.34723687","2.36928177","2.37497997","2.31367421","2.59359813","2.53589177","2.32609415","2.71795917","3.57633185","2.79429245","2.87397003","4.37366199","3.51553249","3.99245048","3.18650889","","",
"Bosnia and Herzegovina","BIH","Domestic general government health expenditure (% of GDP)","SH.XPD.GHED.GD.ZS","","","","","","","","","","","","","","","","","","","","","","","","","","","","","","","","","","","","","","","","","4.07377338","4.31801033","4.4219141","5.47854805","5.16201019","4.81401253","4.84716463","5.12106037","5.28242588","6.13346386","6.13426924","6.20625067","6.50727367","6.57830858","6.66444492","6.39630365","6.47960949","6.18360281","6.1210475","6.13385725","6.75351286","6.52639914","5.73453379","6.00363779","","",
"Belarus","BLR","Domestic general government health expenditure (% of GDP)","SH.XPD.GHED.GD.ZS","","","","","","","","","","","","","","","","","","","","","","","","","","","","","","","","","","","","","","","","","4.15422821","4.25791645","4.07934141","4.38554096","4.39936543","4.52236795","3.9855392","3.99474669","3.48282266","3.48038435","3.84921932","3.08841538","3.44369793","3.56868172","3.37288022","3.68674207","4.19298792","3.98054695","3.9000001","4.12526941","4.54088545","4.87342072","4.44357491","4.7274251","","",
"Belize","BLZ","Domestic general government health expenditure (% of GDP)","SH.XPD.GHED.GD.ZS","","","","","","","","","","","","","","","","","","","","","","","","","","","","","","","","","","","","","","","","","1.35279799","1.76350856","1.82957494","1.75257611","1.7102828","1.78223765","1.97383273","2.37503958","2.91308498","2.89427853","2.97982311","2.98816276","2.86571932","2.92492223","3.03495717","3.17137766","3.35043669","3.2159059","3.27672195","3.31428432","3.79881597","3.51546001","2.61415029","2.69897199","","",
"Bermuda","BMU","Domestic general government health expenditure (% of GDP)","SH.XPD.GHED.GD.ZS","","","","","","","","","","","","","","","","","","","","","","","","","","","","","","","","","","","","","","","","","","","","","","","","","","","","","","","","","","","","","","","","","","",
"Bolivia","BOL","Domestic general government health expenditure (% of GDP)","SH.XPD.GHED.GD.ZS","","","","","","","","","","","","","","","","","","","","","","","","","","","","","","","","","","","","","","","","","2.43201661","2.61401916","2.60214591","2.75486469","2.53551769","2.7536962","2.61106277","2.7755425","2.70188808","3.15830708","3.05729318","3.02061009","2.9963541","3.26242685","3.69240737","4.30645275","4.4294467","4.44758177","4.79799795","4.89661789","5.80238628","5.88253403","4.61549664","4.65502548","","",
"Brazil","BRA","Domestic general government health expenditure (% of GDP)","SH.XPD.GHED.GD.ZS","","","","","","","","","","","","","","","","","","","","","","","","","","","","","","","","","","","","","","","","","3.47014546","3.51298475","3.6863513","3.50954437","3.46692538","3.34525418","3.54130626","3.48462701","3.50441861","3.70742011","3.57701325","3.46567941","3.35463309","3.55113959","3.69886327","3.85396719","3.94799495","3.95315194","3.88924217","3.91702151","4.17190552","4.30673981","4.25969172","4.29392195","","",
"Barbados","BRB","Domestic general government health expenditure (% of GDP)","SH.XPD.GHED.GD.ZS","","","","","","","","","","","","","","","","","","","","","","","","","","","","","","","","","","","","","","","","","2.5543673","2.71995711","2.89702082","3.47478461","3.98423481","3.51634121","3.32250285","2.92400503","3.17477036","3.4388876","3.18992829","2.93728137","3.79151535","3.33373475","2.87362003","2.84907889","2.85200191","2.7041471","2.65220022","2.54682422","3.32207417","4.04128695","2.6457088","2.25056767","","",
"Brunei Darussalam","BRN","Domestic general government health expenditure (% of GDP)","SH.XPD.GHED.GD.ZS","","","","","","","","","","","","","","","","","","","","","","","","","","","","","","","","","","","","","","","","","2.14453936","2.11852527","2.11855745","2.15882659","2.12041497","1.86898351","1.62710452","1.69323945","1.68647766","2.1657393","2.09004593","1.70617342","1.68712533","1.71973145","1.77395678","2.26836538","2.42138696","2.14737701","2.29566693","2.10503411","2.30922484","1.99766231","1.6302222","2.06224728","","",
"Bhutan","BTN","Domestic general government health expenditure (% of GDP)","SH.XPD.GHED.GD.ZS","","","","","","","","","","","","","","","","","","","","","","","","","","","","","","","","","","","","","","","","","3.29712725","3.29277039","3.09706593","2.65240765","2.81644845","2.44967246","2.28304935","2.47752094","2.17638206","2.43460202","2.3471601","2.21770048","2.26811028","2.3066659","2.23058915","2.55167842","2.42386007","2.31912565","2.44134831","2.4829967","3.18623781","2.31712747","2.13837457","2.9429884","","",
"Botswana","BWA","Domestic general government health expenditure (% of GDP)","SH.XPD.GHED.GD.ZS","","","","","","","","","","","","","","","","","","","","","","","","","","","","","","","","","","","","","","","","","3.2540555","3.50531387","3.76324773","3.60058308","3.4343946","2.86616707","2.79110265","3.12948751","3.66806316","3.41018438","3.60705996","3.60456705","4.09601831","4.15482092","3.99039125","4.13518047","3.83726597","5.01613283","4.14253378","4.37294102","4.48994827","4.82830048","4.30745316","4.72067308","","",
"Central African Republic","CAF","Domestic general government health expenditure (% of GDP)","SH.XPD.GHED.GD.ZS","","","","","","","","","","","","","","","","","","","","","","","","","","","","","","","","","","","","","","","","","1.7200942","1.51679921","1.434237","1.54274023","1.4743973","1.03554976","1.22708309","1.27105796","0.84676838","0.73201287","0.57671779","0.41518956","0.62262207","0.98418158","0.71106249","0.45585203","0.59953427","0.72881997","0.68853283","0.81889474","1.22141719","1.26395118","1.49499202","1.53037214","","",
"Canada","CAN","Domestic general government health expenditure (% of GDP)","SH.XPD.GHED.GD.ZS","","","","","","","","","","","","","","","","","","","","","","","","","","","","","","","","","","","","","","","","","6.00886488","6.27896452","6.41558075","6.5905304","6.62396574","6.59897947","6.48794031","6.57450104","6.70112658","7.52285767","7.48326397","7.31292295","7.43784714","7.40494967","7.27883959","7.63076639","7.72722769","7.60926294","7.604599","7.68264532","9.61535835","9.00172424","7.86726427","7.86552382","7.93846798","",
"Central Europe and the Baltics","CEB","Domestic general government health expenditure (% of GDP)","SH.XPD.GHED.GD.ZS","","","","","","","","","","","","","","","","","","","","","","","","","","","","","","","","","","","","","","","","","4.21379865427647","4.35516098087764","4.5764053891046","4.77405127399571","4.61995964003271","4.66487324462649","4.54367729098509","4.47869529059305","4.69313260128743","5.04702615388628","5.08150291845578","4.810531261271","4.76620120902484","4.87064763032361","4.82475461203914","4.74639044448249","4.84279954952239","4.79420150992586","4.84462607103849","4.92949090371287","5.46286573804227","5.57397138215314","5.32806004986715","5.49682772771346","","",
"Switzerland","CHE","Domestic general government health expenditure (% of GDP)","SH.XPD.GHED.GD.ZS","","","","","","","","","","","","","","","","","","","","","","","","","","","","","","","","","","","","","","","","","2.60934997","2.8348732","3.09866619","3.18358994","3.15826011","3.12288141","2.9323988","2.89200497","3.01256084","3.26037979","3.31898856","3.39824772","3.55156374","3.54965854","3.59058547","3.6722703","3.763062","3.8158226","3.75385094","3.82881737","4.2842145","4.26561546","4.04552841","3.8676703","","",
"Channel Islands","CHI","Domestic general government health expenditure (% of GDP)","SH.XPD.GHED.GD.ZS","","","","","","","","","","","","","","","","","","","","","","","","","","","","","","","","","","","","","","","","","","","","","","","","","","","","","","","","","","","","","","","","","","",
"Chile","CHL","Domestic general government health expenditure (% of GDP)","SH.XPD.GHED.GD.ZS","","","","","","","","","","","","","","","","","","","","","","","","","","","","","","","","","","","","","","","","","2.50570464","2.58087945","2.7061429","2.77314019","2.72724271","2.605937","2.51085305","2.62537217","2.93340087","3.39756632","3.21233106","3.2064569","3.36484623","3.56203961","3.74321032","4.01006603","4.24912882","4.58157396","4.68868828","4.77255917","5.48000908","5.21842861","5.09029913","5.25075579","5.10949755","",
"China","CHN","Domestic general government health expenditure (% of GDP)","SH.XPD.GHED.GD.ZS","","","","","","","","","","","","","","","","","","","","","","","","","","","","","","","","","","","","","","","","","0.97868848","0.96197265","1.09706461","1.23556411","1.27916729","1.34709895","1.36572993","1.41172099","1.70800281","2.1124301","2.15837073","2.29242587","2.50277305","2.64646387","2.74482822","2.92099118","2.83731437","2.81638408","2.85993624","2.94739079","3.01223373","2.8417747","3.39281297","3.39381886","","",
"Cote d'Ivoire","CIV","Domestic general government health expenditure (% of GDP)","SH.XPD.GHED.GD.ZS","","","","","","","","","","","","","","","","","","","","","","","","","","","","","","","","","","","","","","","","","0.58689862","0.50978333","0.54329485","0.5154925","0.5599317","0.52909023","0.5577988","0.67966127","0.67955697","0.83744568","0.83997321","0.57983553","0.74607307","0.7278282","0.77760309","0.80445331","0.85302079","0.93267012","0.89862597","0.96328849","1.33183074","1.59011114","1.49067545","1.40123832","","",
"Cameroon","CMR","Domestic general government health expenditure (% of GDP)","SH.XPD.GHED.GD.ZS","","","","","","","","","","","","","","","","","","","","","","","","","","","","","","","","","","","","","","","","","0.64510846","0.7802825","0.89175522","0.8576715","0.70553547","0.65208685","0.64810383","0.56892991","0.55071974","0.44800821","0.4063552","0.5729565","0.64008772","0.4803811","0.58977377","0.36383638","0.36593068","0.14120807","0.35133773","0.40687224","0.60675448","0.48882192","0.66833162","0.66923392","","",
"Congo, Dem. Rep.","COD","Domestic general government health expenditure (% of GDP)","SH.XPD.GHED.GD.ZS","","","","","","","","","","","","","","","","","","","","","","","","","","","","","","","","","","","","","","","","","0.06221032","0.10641284","0.10429236","0.22955258","0.2026829","0.20690806","0.21125633","0.21943448","0.25156215","0.30943882","0.38362399","0.34667644","0.51978379","0.46684277","0.51571059","0.62508768","0.53029794","0.39801776","0.48873118","0.55490303","0.63877279","0.64831114","0.72449565","0.68990564","","",
"Congo, Rep.","COG","Domestic general government health expenditure (% of GDP)","SH.XPD.GHED.GD.ZS","","","","","","","","","","","","","","","","","","","","","","","","","","","","","","","","","","","","","","","","","0.51469523","0.96511757","0.43198308","0.50115985","0.43517572","0.43213499","0.55492193","0.58651859","1.09928632","0.61770952","0.8283878","0.65133953","0.81893653","0.93664998","0.94694966","1.11883152","1.11958003","0.90735477","0.62025368","1.02925241","1.73444974","1.72020531","0.80518568","1.12095106","","",
"Colombia","COL","Domestic general government health expenditure (% of GDP)","SH.XPD.GHED.GD.ZS","","","","","","","","","","","","","","","","","","","","","","","","","","","","","","","","","","","","","","","","","4.20017815","4.4598279","4.36780405","4.46871901","4.26406574","4.35741234","4.56696033","4.58606243","4.74562693","5.26797438","5.10725737","4.98383522","4.7128706","4.90206432","5.05892658","5.32889223","5.29663372","5.4549818","5.38843489","5.47731161","6.18919849","6.64501476","5.34694386","5.73787117","5.68002081","",
"Comoros","COM","Domestic general government health expenditure (% of GDP)","SH.XPD.GHED.GD.ZS","","","","","","","","","","","","","","","","","","","","","","","","","","","","","","","","","","","","","","","","","0.89172548","0.5343321","0.95670593","0.85293937","0.79133189","0.69428998","0.6453765","0.56597984","0.43337327","0.37907231","0.37668347","0.9567222","0.79534382","0.65978307","0.55491424","0.46612623","0.57399994","0.67584765","0.76553828","0.83244753","1.29287672","0.94517165","0.8734315","0.84639359","","",
"Cabo Verde","CPV","Domestic general government health expenditure (% of GDP)","SH.XPD.GHED.GD.ZS","","","","","","","","","","","","","","","","","","","","","","","","","","","","","","","","","","","","","","","","","2.75231051","2.69890738","2.71163344","2.66076279","2.5304296","2.30860901","2.53359437","2.73044729","2.23800421","2.54577112","2.58053112","2.61180115","2.79963088","2.78713155","2.77216268","2.89664817","2.76934814","2.55316591","3.10238695","3.24034405","4.64176846","4.58503008","4.16780281","3.42531776","","",
"Costa Rica","CRI","Domestic general government health expenditure (% of GDP)","SH.XPD.GHED.GD.ZS","","","","","","","","","","","","","","","","","","","","","","","","","","","","","","","","","","","","","","","","","4.262187","4.24420071","4.5927887","4.62578392","4.37697315","4.26226091","4.58488178","4.63239908","5.06513548","5.57623196","5.80644417","5.70106649","5.503479","5.45445585","5.44291878","5.51982594","5.36528826","5.1788969","5.27453423","5.23799706","5.61917973","5.35382223","4.95363188","4.61124086","","",
"Caribbean small states","CSS","Domestic general government health expenditure (% of GDP)","SH.XPD.GHED.GD.ZS","","","","","","","","","","","","","","","","","","","","","","","","","","","","","","","","","","","","","","","","","1.8030560731567","1.88264765390764","1.98891057068542","2.04398877362219","2.07733034334903","2.13822631949653","2.01950974387221","2.03504192391739","2.00127124056906","2.51063599297719","2.43490598285864","2.36803133461283","2.38042393864266","2.49400665340083","2.4526894512077","2.72801288064866","2.9666537154103","3.18823645585149","3.04664944955266","3.12846083224018","3.67656825829918","3.40019096645837","2.92871091421448","2.85729627417252","","",
"Cuba","CUB","Domestic general government health expenditure (% of GDP)","SH.XPD.GHED.GD.ZS","","","","","","","","","","","","","","","","","","","","","","","","","","","","","","","","","","","","","","","","","5.50884342","5.6706562","5.72780991","5.64911461","5.4684186","7.43015385","7.08049011","9.8824482","10.29249096","11.28293419","9.70249748","10.06710052","8.06292343","9.1383667","10.95755768","11.57499027","10.94796658","10.2355442","9.77753925","9.86760807","11.3656826","12.62847614","10.47128963","7.82557917","","",
"Curacao","CUW","Domestic general government health expenditure (% of GDP)","SH.XPD.GHED.GD.ZS","","","","","","","","","","","","","","","","","","","","","","","","","","","","","","","","","","","","","","","","","","","","","","","","","","","","","","","","","","","","","","","","","","",
"Cayman Islands","CYM","Domestic general government health expenditure (% of GDP)","SH.XPD.GHED.GD.ZS","","","","","","","","","","","","","","","","","","","","","","","","","","","","","","","","","","","","","","","","","","","","","","","","","","","","","","","","","","","","","","","","","","",
"Cyprus","CYP","Domestic general government health expenditure (% of GDP)","SH.XPD.GHED.GD.ZS","","","","","","","","","","","","","","","","","","","","","","","","","","","","","","","","","","","","","","","","","2.18027377","2.233531","2.49221182","2.47707176","2.23180842","2.25430155","2.34010673","2.31242609","2.50267649","2.74965072","2.97370887","3.04867911","3.00121903","3.15601254","2.94708562","2.85704303","2.79585361","2.74640369","2.85127211","3.79063916","6.21329498","6.97802401","6.32030439","6.23445129","","",
"Czechia","CZE","Domestic general government health expenditure (% of GDP)","SH.XPD.GHED.GD.ZS","","","","","","","","","","","","","","","","","","","","","","","","","","","","","","","","","","","","","","","","","5.02878523","5.10241747","5.41353321","5.68778181","5.54793978","5.39933109","5.27117157","5.01941013","5.13391018","6.02147913","6.34771013","6.3153348","6.37927723","6.29084349","6.33035374","6.15198898","6.18802738","6.12094069","6.24047327","6.33127356","7.89175224","7.91902399","7.18070936","7.10716867","","",
"Germany","DEU","Domestic general government health expenditure (% of GDP)","SH.XPD.GHED.GD.ZS","","","","","","","","","","","","","","","","","","","","","","","","","","","","","","","","","","","","","","","","","7.65972042","7.67568636","7.83683252","7.94904518","7.59995461","7.68023539","7.53175783","7.43098545","7.59074497","8.33827019","8.23746395","7.97318602","8.03190994","8.24677086","8.33346176","8.45390797","8.53130817","8.63574028","8.7105999","8.89676571","9.87329006","10.12237358","10.01671791","9.29177761","","",
"Djibouti","DJI","Domestic general government health expenditure (% of GDP)","SH.XPD.GHED.GD.ZS","","","","","","","","","","","","","","","","","","","","","","","","","","","","","","","","","","","","","","","","","1.4098289","1.25085211","1.28561246","1.50298142","1.43785477","1.39653015","1.72493029","1.73417449","1.83015931","1.90362072","1.85621846","2.14218068","1.88866687","1.8059175","1.76028001","1.70769882","1.32919765","1.1462568","1.33991563","1.28569102","1.07290661","0.76665086","1.06819105","1.05232239","","",
"Dominica","DMA","Domestic general government health expenditure (% of GDP)","SH.XPD.GHED.GD.ZS","","","","","","","","","","","","","","","","","","","","","","","","","","","","","","","","","","","","","","","","","3.36023808","2.57100463","2.43640971","2.70172191","2.57289863","2.79434443","2.69501734","2.52050734","2.61492229","2.67258692","2.95949578","3.15106702","3.48056149","3.28141499","3.21116447","3.25268769","3.33051729","3.76958227","4.10668468","3.33201027","3.79538107","4.03373861","4.50941896","3.36183167","","",
"Denmark","DNK","Domestic general government health expenditure (% of GDP)","SH.XPD.GHED.GD.ZS","","","","","","","","","","","","","","","","","","","","","","","","","","","","","","","","","","","","","","","","","6.74005842","7.04253101","7.28696489","7.4598999","7.50731468","7.59320974","7.67629194","7.78667593","7.95498371","8.97689438","8.92905712","8.72731876","8.88669872","8.69767475","8.70941639","8.74188137","8.65580463","8.49121284","8.49359703","8.52554512","9.01822376","9.00487709","7.99897861","7.95977545","7.83290672","",
"Dominican Republic","DOM","Domestic general government health expenditure (% of GDP)","SH.XPD.GHED.GD.ZS","","","","","","","","","","","","","","","","","","","","","","","","","","","","","","","","","","","","","","","","","1.71051323","1.70341122","1.67955506","1.15990651","1.14767253","1.39308929","1.40171933","1.68479145","2.12220812","2.33195949","2.51915145","2.72904515","2.76918435","2.78379869","2.46697044","2.37458324","2.6700182","2.60838318","2.57885528","2.66453695","3.25516009","3.36349916","2.81554079","2.94757152","","",
"Algeria","DZA","Domestic general government health expenditure (% of GDP)","SH.XPD.GHED.GD.ZS","","","","","","","","","","","","","","","","","","","","","","","","","","","","","","","","","","","","","","","","","2.31351972","2.69560528","2.59086323","2.55061412","2.3477478","2.16108608","2.18395877","2.52639246","2.86780095","3.4677248","3.22398353","3.40776706","4.02772284","3.91591859","4.21865416","4.33925533","3.94321752","3.84453487","3.84471345","3.27598047","3.31185937","2.87333918","1.71663105","2.30922818","","",
"East Asia & Pacific (excluding high income)","EAP","Domestic general government health expenditure (% of GDP)","SH.XPD.GHED.GD.ZS","","","","","","","","","","","","","","","","","","","","","","","","","","","","","","","","","","","","","","","","","1.03769044924712","1.03463250889368","1.14353951366814","1.26157485226263","1.28414497069087","1.33521591644154","1.37879864675348","1.43475044762285","1.6544417503459","1.98613843248708","1.97623319707555","2.09372033445191","2.28895802829545","2.42293312360157","2.54609362915509","2.71937206788167","2.65626385317282","2.63977396263717","2.68847968952713","2.75797713633133","2.87560111019886","2.79124527916725","3.19055243445901","3.17784661150651","","",
"Early-demographic dividend","EAR","Domestic general government health expenditure (% of GDP)","SH.XPD.GHED.GD.ZS","","","","","","","","","","","","","","","","","","","","","","","","","","","","","","","","","","","","","","","","","2.14028864238362","2.18516745451975","2.03282438459674","2.09699566493871","2.08093965690376","2.06997890397574","2.11473971010146","2.1271597203453","2.16689716916662","2.41459267752871","2.27348624303274","2.30572610059017","2.37786286999576","2.44766501103765","2.51353800772328","2.62227283248535","2.57262313633117","2.57248592396523","2.40263243194349","2.3950126809791","2.76929017343167","2.78703932850932","2.53845104587123","2.56749641741012","","",
"East Asia & Pacific","EAS","Domestic general government health expenditure (% of GDP)","SH.XPD.GHED.GD.ZS","","","","","","","","","","","","","","","","","","","","","","","","","","","","","","","","","","","","","","","","","4.27996255845714","4.27069957963761","4.20263347215704","4.23695535283662","4.23631395604251","4.18650580109901","3.97251514629274","3.84559467882004","3.96044225832744","4.36604832611452","4.28749030525967","4.68028558330752","4.70816158347609","4.42781178189068","4.41506725966195","4.3975048716571","4.42368855240226","4.32810720221199","4.28702430300929","4.39710644752593","4.60031267813568","4.50405474183306","4.64960480420061","4.40577171229089","","",
"Europe & Central Asia (excluding high income)","ECA","Domestic general government health expenditure (% of GDP)","SH.XPD.GHED.GD.ZS","","","","","","","","","","","","","","","","","","","","","","","","","","","","","","","","","","","","","","","","","2.77730863649498","3.08628604014319","3.34170147568503","3.47401526780212","3.42970715383221","3.32856554098266","3.41329850863602","3.35725955298373","3.40113499374773","3.87942226890912","3.4637894327729","3.21261542171059","3.20545884891404","3.08523272089006","3.06668285346635","3.00450715117322","3.14344309814822","3.01325592850273","2.9596863645521","3.05442301004123","3.49385499433517","3.58462665150688","2.82795860421579","3.13844399429928","","",
"Europe & Central Asia","ECS","Domestic general government health expenditure (% of GDP)","SH.XPD.GHED.GD.ZS","","","","","","","","","","","","","","","","","","","","","","","","","","","","","","","","","","","","","","","","","5.82830050933357","5.97155051993294","6.18298456827557","6.33118107620459","6.30826314748889","6.31464926518071","6.24240444724775","6.14590495163311","6.28953375488719","6.92581084874168","6.72019671033944","6.55353397994662","6.53927438744083","6.55844168260729","6.6446451127341","6.71011006194233","6.78738647646713","6.70310054471772","6.73658364361958","6.78617026563052","7.92403478470715","7.81938135904635","7.27785617509221","7.03451747315143","","",
"Ecuador","ECU","Domestic general government health expenditure (% of GDP)","SH.XPD.GHED.GD.ZS","","","","","","","","","","","","","","","","","","","","","","","","","","","","","","","","","","","","","","","","","1.00422108","1.32788515","1.49090707","1.74713385","1.8013922","1.7340647","1.86176145","2.17900252","2.18953037","2.55810642","2.98613954","3.15536475","3.52782917","3.86072373","4.15685654","4.49897623","4.62448025","4.63966084","4.99487257","4.91185951","5.27935171","5.314744","4.71747446","4.6845336","","",
"Egypt, Arab Rep.","EGY","Domestic general government health expenditure (% of GDP)","SH.XPD.GHED.GD.ZS","","","","","","","","","","","","","","","","","","","","","","","","","","","","","","","","","","","","","","","","","1.73206902","1.84800243","1.8990773","1.66768789","1.57912993","1.5893116","1.74427283","1.56855941","1.53611362","1.53461063","1.36768734","1.47460115","1.28014243","1.36696446","1.41039252","1.58139753","1.56636381","1.65595341","1.35182929","1.29722774","1.32617092","1.73679698","1.68629062","1.57523489","","",
"Euro area","EMU","Domestic general government health expenditure (% of GDP)","SH.XPD.GHED.GD.ZS","","","","","","","","","","","","","","","","","","","","","","","","","","","","","","","","","","","","","","","","","6.40669716797515","6.50565687350654","6.65654812110758","6.78594203602692","6.75787707456991","6.83776039982296","6.76556622225616","6.68527132002963","6.93376926254089","7.52420811141028","7.46934551123845","7.31711196166742","7.35814285126785","7.415531050228","7.43450350635884","7.43873846950823","7.50062007896236","7.48374418008559","7.47931336529117","7.50911018763469","8.46930247710554","8.47499311180148","8.09503423241847","7.57927886519384","","",
"Eritrea","ERI","Domestic general government health expenditure (% of GDP)","SH.XPD.GHED.GD.ZS","","","","","","","","","","","","","","","","","","","","","","","","","","","","","","","","","","","","","","","","","2.05245161","1.79195142","2.11955547","1.66898465","1.55933774","0.85298669","0.81826532","1.21488249","1.64659166","1.06634021","1.00715244","0.76524723","0.79066068","0.776559","0.51250237","0.73755044","0.7340641","1.00827622","0.62541473","0.74166143","0.84150839","0.88709611","0.90046018","0.84941107","","",
"Spain","ESP","Domestic general government health expenditure (% of GDP)","SH.XPD.GHED.GD.ZS","","","","","","","","","","","","","","","","","","","","","","","","","","","","","","","","","","","","","","","","","4.85389185","4.80818558","4.82988739","5.37498569","5.45236444","5.53586149","5.63825321","5.71479321","6.12689114","6.81394386","6.76060534","6.70592642","6.57172394","6.40668583","6.34630156","6.45323324","6.35498238","6.26789188","6.27582741","6.39903307","7.7817421","7.5110774","7.06012344","6.74802351","","",
"Estonia","EST","Domestic general government health expenditure (% of GDP)","SH.XPD.GHED.GD.ZS","","","","","","","","","","","","","","","","","","","","","","","","","","","","","","","","","","","","","","","","","3.92115879","3.7286675","3.57680702","3.8824501","3.92235065","3.90250659","3.69660807","3.87619781","4.50631046","5.22541809","4.84003878","4.48738861","4.53774357","4.61415815","4.66695023","4.85387135","4.88813353","4.75225782","4.82979679","4.94378757","5.75498247","5.68571281","5.18720722","5.66041517","","",
"Ethiopia","ETH","Domestic general government health expenditure (% of GDP)","SH.XPD.GHED.GD.ZS","","","","","","","","","","","","","","","","","","","","","","","","","","","","","","","","","","","","","","","","","1.79949319","2.01543713","2.08121943","2.27634907","1.32566774","1.72818744","1.12012815","1.33306754","0.51424927","0.90700704","0.94396317","0.3811754","1.06663179","1.09967208","0.71479559","0.96540898","0.90002954","0.8612687","0.76642609","0.73088509","0.98278511","0.97926205","0.72080112","0.614245","","",
"European Union","EUU","Domestic general government health expenditure (% of GDP)","SH.XPD.GHED.GD.ZS","","","","","","","","","","","","","","","","","","","","","","","","","","","","","","","","","","","","","","","","","6.29820223102185","6.40178589703652","6.56431863353606","6.70567081667856","6.66098923222296","6.72121527788559","6.64063744863729","6.55086911189978","6.77643285510079","7.36626186467581","7.30144563524094","7.21158435995203","7.25982008381308","7.32469226274136","7.33555555892798","7.32196504488988","7.38341943709818","7.35438286624817","7.34555818420429","7.36464259927353","8.26341991167415","8.26070885976057","7.86832500184489","7.44314560180966","","",
"Fragile and conflict affected situations","FCS","Domestic general government health expenditure (% of GDP)","SH.XPD.GHED.GD.ZS","","","","","","","","","","","","","","","","","","","","","","","","","","","","","","","","","","","","","","","","","1.36584746750427","1.66584253078934","1.57934796234682","1.75650283072866","1.85169298254254","1.78101507469942","1.651566058025","1.67201212113726","1.55709576516354","1.67760435627845","1.48928211255384","1.40644888646114","1.39701270864703","1.35721375545384","1.23365525846056","1.20080221597419","1.48156972440706","1.41285920711366","1.46425341499119","1.32765957910711","1.51564945724952","1.54328395797183","1.14827554948896","1.33147880426084","","",
"Finland","FIN","Domestic general government health expenditure (% of GDP)","SH.XPD.GHED.GD.ZS","","","","","","","","","","","","","","","","","","","","","","","","","","","","","","","","","","","","","","","","","5.37329912","5.52700138","5.86146975","6.13868189","6.2737546","6.44950962","6.52460337","6.35588789","6.57707214","7.24022865","7.18030024","7.31418705","7.67503309","7.82302523","7.8208828","7.6206398","7.3601203","7.17050409","7.1532836","7.39612961","7.88914347","8.06121445","7.96152925","8.49943733","","",
"Fiji","FJI","Domestic general government health expenditure (% of GDP)","SH.XPD.GHED.GD.ZS","","","","","","","","","","","","","","","","","","","","","","","","","","","","","","","","","","","","","","","","","2.63133216","2.08654332","2.20177889","2.22326541","2.21771884","2.41684818","2.47551131","2.46818185","2.21144366","2.19237089","2.18311381","1.88993454","1.91403711","1.87162006","2.0661068","2.09847856","2.09586525","2.11070943","2.4660871","2.64242482","3.00008559","3.65724373","3.196064","2.70261335","","",
"France","FRA","Domestic general government health expenditure (% of GDP)","SH.XPD.GHED.GD.ZS","","","","","","","","","","","","","","","","","","","","","","","","","","","","","","","","","","","","","","","","","6.99467659","7.0991745","7.36042738","7.36141872","7.4183507","7.42688227","7.41077948","7.34726858","7.42526388","7.98040915","7.81747055","7.76428938","7.8918004","7.99064016","8.07977486","8.23389816","8.61056232","8.6154108","8.49900723","8.33091736","9.25742054","9.25056267","8.90620232","7.80043125","7.89331961","",
"Faroe Islands","FRO","Domestic general government health expenditure (% of GDP)","SH.XPD.GHED.GD.ZS","","","","","","","","","","","","","","","","","","","","","","","","","","","","","","","","","","","","","","","","","","","","","","","","","","","","","","","","","","","","","","","","","","",
"Micronesia, Fed. Sts.","FSM","Domestic general government health expenditure (% of GDP)","SH.XPD.GHED.GD.ZS","","","","","","","","","","","","","","","","","","","","","","","","","","","","","","","","","","","","","","","","","1.74815881","1.83199584","1.71163332","2.12475729","1.14448988","1.11182237","1.07155871","1.02541602","1.59784043","0.99749589","1.21490371","1.89427388","1.40971768","1.55522645","2.0200696","1.89359462","2.00609899","1.53164423","1.40767145","1.74894965","1.7635082","1.15334094","1.55440867","1.83325839","","",
"Gabon","GAB","Domestic general government health expenditure (% of GDP)","SH.XPD.GHED.GD.ZS","","","","","","","","","","","","","","","","","","","","","","","","","","","","","","","","","","","","","","","","","1.06383789","1.26300132","1.19960451","1.4352864","1.35957062","1.05433261","1.2173816","1.23346996","1.06247222","1.54066849","1.57325745","1.58558345","1.48285842","1.82302928","1.51668847","1.56549394","2.01055074","1.75976336","1.61284041","1.66963005","1.89678836","1.65491903","1.88504732","2.05877304","","",
"United Kingdom","GBR","Domestic general government health expenditure (% of GDP)","SH.XPD.GHED.GD.ZS","","","","","","","","","","","","","","","","","","","","","","","","","","","","","","","","","","","","","","","","","5.41897774","5.64282608","6.0388236","6.30874586","6.67070103","6.81143427","7.03568316","7.04716635","7.3422575","8.14155865","8.03008556","8.01413918","8.01443958","7.93981838","7.93892813","7.90739918","7.90904903","7.73283911","7.78175926","7.95685244","10.17949867","10.11974335","9.10831928","8.98766613","","",
"Georgia","GEO","Domestic general government health expenditure (% of GDP)","SH.XPD.GHED.GD.ZS","","","","","","","","","","","","","","","","","","","","","","","","","","","","","","","","","","","","","","","","","0.82085949","1.13540304","1.12198305","1.14707553","1.17821777","1.20532346","1.18501794","1.09324026","1.53485286","2.04964566","1.90527785","1.36786854","1.52704597","1.82236254","2.14047027","2.59349322","2.87254119","2.58998537","2.75906873","2.69142175","3.66064787","4.43811321","3.06025243","2.30926275","","",
"Ghana","GHA","Domestic general government health expenditure (% of GDP)","SH.XPD.GHED.GD.ZS","","","","","","","","","","","","","","","","","","","","","","","","","","","","","","","","","","","","","","","","","0.73089105","0.84126645","0.65024012","0.94345516","0.9509024","1.756845","1.65231752","1.63629603","1.64284575","2.04712129","2.26015067","2.35423017","1.97869766","1.85814357","1.40883136","1.5937829","1.3003906","1.63058531","1.37083328","1.9720608","2.52818918","2.09936643","2.03708911","1.86317766","","",
"Gibraltar","GIB","Domestic general government health expenditure (% of GDP)","SH.XPD.GHED.GD.ZS","","","","","","","","","","","","","","","","","","","","","","","","","","","","","","","","","","","","","","","","","","","","","","","","","","","","","","","","","","","","","","","","","","",
"Guinea","GIN","Domestic general government health expenditure (% of GDP)","SH.XPD.GHED.GD.ZS","","","","","","","","","","","","","","","","","","","","","","","","","","","","","","","","","","","","","","","","","0.301292","0.37107071","0.64011806","0.42212996","0.24164158","0.26129073","0.24835719","0.24066733","0.26959306","0.26025116","0.36297843","0.51036745","0.51431388","0.48858824","0.61152339","0.42931107","0.66374409","0.60066199","0.61740124","0.92095226","0.77726084","0.68109477","0.72876471","0.80672276","","",
"Gambia, The","GMB","Domestic general government health expenditure (% of GDP)","SH.XPD.GHED.GD.ZS","","","","","","","","","","","","","","","","","","","","","","","","","","","","","","","","","","","","","","","","","0.6015296","0.61059773","0.54214686","0.5868997","0.78081375","0.81679177","0.88458723","0.70619458","0.7288478","0.9055742","0.91823167","1.04374862","1.20622373","1.08376527","1.09228694","0.99829203","1.2897681","1.06097889","1.04798186","1.28750503","1.9513855","1.28643787","1.54287362","1.29954684","","",
"Guinea-Bissau","GNB","Domestic general government health expenditure (% of GDP)","SH.XPD.GHED.GD.ZS","","","","","","","","","","","","","","","","","","","","","","","","","","","","","","","","","","","","","","","","","0.5933851","0.48134443","0.35467029","0.42981493","0.57971573","0.50890976","0.49984464","0.59780544","0.54897773","0.52002388","0.46807465","0.43690556","0.50444686","0.55160207","0.59649962","0.53779858","0.48464295","0.49838862","0.50527376","0.45877996","1.20048702","1.13860166","1.03818488","0.9383629","","",
"Equatorial Guinea","GNQ","Domestic general government health expenditure (% of GDP)","SH.XPD.GHED.GD.ZS","","","","","","","","","","","","","","","","","","","","","","","","","","","","","","","","","","","","","","","","","0.52302271","0.39180481","0.36000615","0.39797717","0.35340402","0.40104085","0.45787242","0.48071325","0.48362917","0.76920271","0.64514917","0.59239239","0.70269078","0.61788166","0.65114552","0.7432819","0.86530524","0.78999829","0.81501949","0.8050639","1.0338515","1.14400554","0.86760986","1.12861156","","",
"Greece","GRC","Domestic general government health expenditure (% of GDP)","SH.XPD.GHED.GD.ZS","","","","","","","","","","","","","","","","","","","","","","","","","","","","","","","","","","","","","","","","","4.62980747","5.21165657","5.12075806","5.1977067","4.86593294","5.32978392","5.17268229","5.39813805","5.84622145","6.5149498","6.62841225","6.03533649","5.7518816","5.23182106","4.51781511","4.7674284","4.43071413","4.29561758","4.17521954","3.95904088","5.06405878","5.38438177","4.56988621","4.24943686","","",
"Grenada","GRD","Domestic general government health expenditure (% of GDP)","SH.XPD.GHED.GD.ZS","","","","","","","","","","","","","","","","","","","","","","","","","","","","","","","","","","","","","","","","","1.86039817","2.14943409","2.71163964","2.16133189","2.59474087","2.42088819","2.04412723","2.00870275","1.96291316","2.17009425","2.05670786","2.41611266","2.38694572","2.27822328","2.09314442","1.93493712","1.76571214","1.88796365","1.86524379","2.04134059","2.28805852","2.16806746","1.9978193","2.10270882","","",
"Greenland","GRL","Domestic general government health expenditure (% of GDP)","SH.XPD.GHED.GD.ZS","","","","","","","","","","","","","","","","","","","","","","","","","","","","","","","","","","","","","","","","","","","","","","","","","","","","","","","","","","","","","","","","","","",
"Guatemala","GTM","Domestic general government health expenditure (% of GDP)","SH.XPD.GHED.GD.ZS","","","","","","","","","","","","","","","","","","","","","","","","","","","","","","","","","","","","","","","","","1.91270578","1.98154283","1.9446981","2.04141212","2.02383399","1.88113928","2.06657243","1.97883451","2.05419135","2.25974083","2.06138587","1.99347126","2.02626443","2.21485376","2.23796296","2.27820134","2.28762269","2.1993053","2.19892383","2.37253165","2.47224283","2.66252208","2.47282767","2.43609333","","",
"Guam","GUM","Domestic general government health expenditure (% of GDP)","SH.XPD.GHED.GD.ZS","","","","","","","","","","","","","","","","","","","","","","","","","","","","","","","","","","","","","","","","","","","","","","","","","","","","","","","","","","","","","","","","","","",
"Guyana","GUY","Domestic general government health expenditure (% of GDP)","SH.XPD.GHED.GD.ZS","","","","","","","","","","","","","","","","","","","","","","","","","","","","","","","","","","","","","","","","","1.78830874","1.63222313","1.73537362","1.72908437","1.73980284","1.78057182","1.65196764","1.6837045","1.69491982","1.88041246","1.81934333","2.02701139","1.79707813","1.88811839","2.17510056","2.35677791","2.5319159","2.79179382","2.95149112","2.90384364","3.97433281","3.19546413","1.73739421","1.73029017","","",
"High income","HIC","Domestic general government health expenditure (% of GDP)","SH.XPD.GHED.GD.ZS","","","","","","","","","","","","","","","","","","","","","","","","","","","","","","","","","","","","","","","","","5.55776149105261","5.82472718782394","6.05592428258427","6.20416755975304","6.22783300295843","6.24550953670993","6.25874540039365","6.26299600601995","6.45395153133067","7.1223057431919","7.03713535537919","7.09451921357715","7.10558227360053","7.08812057082015","7.25171886283946","7.45224288817859","7.55693889641935","7.48645904848968","7.46698752890974","7.59495115625242","8.99761850957521","8.59382962866723","8.11044813287599","7.8898249154157","","",
"Hong Kong SAR, China","HKG","Domestic general government health expenditure (% of GDP)","SH.XPD.GHED.GD.ZS","","","","","","","","","","","","","","","","","","","","","","","","","","","","","","","","","","","","","","","","","","","","","","","","","","","","","","","","","","","","","","","","","","",
"Honduras","HND","Domestic general government health expenditure (% of GDP)","SH.XPD.GHED.GD.ZS","","","","","","","","","","","","","","","","","","","","","","","","","","","","","","","","","","","","","","","","","3.02285886","2.49121737","2.54012251","2.61311603","2.45127177","2.91977549","3.27406335","3.33394694","3.31875777","3.96730256","3.69605827","3.89370441","3.3830452","3.4937377","3.19305706","2.94796515","3.09310865","2.85400987","2.84892344","2.89673924","3.50717759","3.47907257","3.20130515","2.46127725","","",
"Heavily indebted poor countries (HIPC)","HPC","Domestic general government health expenditure (% of GDP)","SH.XPD.GHED.GD.ZS","","","","","","","","","","","","","","","","","","","","","","","","","","","","","","","","","","","","","","","","","1.08735944709186","1.20798173218379","1.17591619274407","1.26063343370712","1.25423444717895","1.33190344014176","1.33744673186008","1.37616820079396","1.29744763584554","1.42611017205703","1.33778462001817","1.2550852670996","1.26546910301636","1.27614028859014","1.2981019449734","1.32750792524279","1.39474871704197","1.45714912283285","1.40236054370305","1.45949548671407","1.7010400089664","1.64197454058777","1.45391220062763","1.38112812225483","","",
"Croatia","HRV","Domestic general government health expenditure (% of GDP)","SH.XPD.GHED.GD.ZS","","","","","","","","","","","","","","","","","","","","","","","","","","","","","","","","","","","","","","","","","6.50514507","5.89368153","4.85369205","5.12203264","5.19365215","5.8138175","5.84456825","6.38684225","6.40165615","6.65384912","6.63025713","6.25037861","6.30977678","5.44869661","5.51811647","5.5316987","5.54387617","5.49144459","5.53542042","5.53433323","6.28337812","6.79773712","6.16261101","6.00462341","","",
"Haiti","HTI","Domestic general government health expenditure (% of GDP)","SH.XPD.GHED.GD.ZS","","","","","","","","","","","","","","","","","","","","","","","","","","","","","","","","","","","","","","","","","0.87098479","0.72717297","0.48891512","0.51697874","0.58639508","0.58343035","0.28958338","0.79249322","0.83237052","0.78221947","0.81272614","0.42167202","0.45754522","0.47550055","0.4683435","0.56089777","0.52977306","0.46510881","0.52653241","0.40745705","0.48513991","0.40921035","0.34204665","0.29809323","","",
"Hungary","HUN","Domestic general government health expenditure (% of GDP)","SH.XPD.GHED.GD.ZS","","","","","","","","","","","","","","","","","","","","","","","","","","","","","","","","","","","","","","","","","4.66075277","4.56258917","4.92859268","5.6894331","5.40700102","5.60735846","5.4774394","4.88565254","4.80511093","4.91961193","4.97306871","4.96192122","4.81794548","4.79123878","4.69849157","4.6434226","4.71779013","4.60974598","4.53718567","4.26813841","5.09558201","5.29752254","4.8313055","4.67247677","","",
"IBRD only","IBD","Domestic general government health expenditure (% of GDP)","SH.XPD.GHED.GD.ZS","","","","","","","","","","","","","","","","","","","","","","","","","","","","","","","","","","","","","","","","","2.15284779335788","2.16162533941273","2.13663891092013","2.20313213935384","2.21130227965579","2.25173427876042","2.30492687928486","2.33607041124404","2.4881129022119","2.72790218870133","2.6255052651768","2.64156506784003","2.70674991308578","2.79566551054418","2.85837049923156","2.94795417268514","2.9127228114774","2.90494437610592","2.87067304106065","2.9167644396291","3.21807418217692","3.11374708558855","3.29880326723666","3.31721503522547","","",
"IDA & IBRD total","IBT","Domestic general government health expenditure (% of GDP)","SH.XPD.GHED.GD.ZS","","","","","","","","","","","","","","","","","","","","","","","","","","","","","","","","","","","","","","","","","2.06194091630432","2.07715803903324","2.0465811213301","2.10981482050303","2.12206607854661","2.16220080128395","2.20566612754542","2.23793008851296","2.3734959071452","2.5985712817276","2.50479514863566","2.52196100138642","2.58737790310883","2.66697134208546","2.71836286239638","2.80035915009198","2.76823455258647","2.7698847554868","2.73744945029599","2.76549304205499","3.05330534173643","2.97159607970668","3.13303505421062","3.16244757288513","","",
"IDA total","IDA","Domestic general government health expenditure (% of GDP)","SH.XPD.GHED.GD.ZS","","","","","","","","","","","","","","","","","","","","","","","","","","","","","","","","","","","","","","","","","1.01828696647918","1.0834415636551","1.05061487305201","1.07604162698688","1.11688296704498","1.12926415969467","1.07210916350805","1.05269496859404","0.985615737091776","1.04049165566121","0.984702478794017","0.933969814752116","0.993295256756926","0.996249576057569","0.98370981103875","1.02381529963789","1.01157247164495","1.04938991414999","1.02910507020023","0.983861665368771","1.12690334340754","1.16646036282837","1.06872810338696","1.05403482106056","","",
"IDA blend","IDB","Domestic general government health expenditure (% of GDP)","SH.XPD.GHED.GD.ZS","","","","","","","","","","","","","","","","","","","","","","","","","","","","","","","","","","","","","","","","","0.885825551481479","0.935503942043246","0.839383325938525","0.83032941467144","0.942528021183888","0.930089483046404","0.841648358266274","0.792448832575137","0.742857906804989","0.771086265627514","0.772227186040412","0.748791135026254","0.86194724985923","0.840755871661869","0.831226290207078","0.926745525524617","0.899481802022659","0.963045826030544","0.938971094993483","0.873295768664816","1.02289213455744","1.08579761035437","1.08412720533957","1.10036423637715","","",
"Indonesia","IDN","Domestic general government health expenditure (% of GDP)","SH.XPD.GHED.GD.ZS","","","","","","","","","","","","","","","","","","","","","","","","","","","","","","","","","","","","","","","","","0.54974306","0.77221775","0.67425066","0.81785041","0.74926209","0.73213077","0.83084059","1.01869452","0.89791358","0.92164314","0.66109079","0.70190871","0.76724905","0.81686825","0.99270725","1.15799773","1.37558317","1.34984481","1.395854","1.39791656","1.88725579","2.20201159","1.39438057","1.44882917","","",
"IDA only","IDX","Domestic general government health expenditure (% of GDP)","SH.XPD.GHED.GD.ZS","","","","","","","","","","","","","","","","","","","","","","","","","","","","","","","","","","","","","","","","","1.13869583177694","1.2195597037648","1.25008604357209","1.31146915665638","1.29528602174234","1.33710645528002","1.32788785682065","1.33408634087533","1.23957052666162","1.29637592770469","1.19335555304134","1.11852279346962","1.13742418401863","1.16771140344064","1.15419359614947","1.126982918833","1.11669341452159","1.12658828421099","1.10886113839436","1.09820847799793","1.22569412130633","1.24231945938391","1.05450231366022","1.01707633468561","","",
"Isle of Man","IMN","Domestic general government health expenditure (% of GDP)","SH.XPD.GHED.GD.ZS","","","","","","","","","","","","","","","","","","","","","","","","","","","","","","","","","","","","","","","","","","","","","","","","","","","","","","","","","","","","","","","","","","",
"India","IND","Domestic general government health expenditure (% of GDP)","SH.XPD.GHED.GD.ZS","","","","","","","","","","","","","","","","","","","","","","","","","","","","","","","","","","","","","","","","","0.84906155","0.81879407","0.78371018","0.76340038","0.72411484","0.77590197","0.75237411","0.74839747","0.8119961","0.90823442","0.87431055","0.93731916","0.93186861","0.86504197","0.85653549","0.92193186","0.94049966","0.96734685","0.98024821","1.03550148","1.21139216","1.35207272","1.37196231","1.30319667","","",
"Not classified","INX","Domestic general government health expenditure (% of GDP)","SH.XPD.GHED.GD.ZS","","","","","","","","","","","","","","","","","","","","","","","","","","","","","","","","","","","","","","","","","","","","","","","","","","","","","","","","","","","","","","","","","","",
"Ireland","IRL","Domestic general government health expenditure (% of GDP)","SH.XPD.GHED.GD.ZS","","","","","","","","","","","","","","","","","","","","","","","","","","","","","","","","","","","","","","","","","4.57260036","5.014184","5.27079201","5.51941919","5.69755459","6.02741861","5.84971762","6.18633509","7.23859835","8.11006927","8.01437855","7.56952333","7.56647778","7.12790918","6.58024883","5.08183002","5.29494858","5.019907","4.96560764","4.8862195","5.41204929","4.93912601","4.60636616","5.03631401","","",
"Iran, Islamic Rep.","IRN","Domestic general government health expenditure (% of GDP)","SH.XPD.GHED.GD.ZS","","","","","","","","","","","","","","","","","","","","","","","","","","","","","","","","","","","","","","","","","1.78084624","1.97451782","1.82648432","1.95293641","1.86830163","1.95377719","2.15025973","1.95606387","1.86860132","2.24113083","2.03566408","2.0313952","2.05416632","2.17463541","3.27688289","4.21780825","4.12576914","4.1947484","3.1700592","2.74998093","2.47541046","2.27706981","2.62992668","2.81532979","","",
"Iraq","IRQ","Domestic general government health expenditure (% of GDP)","SH.XPD.GHED.GD.ZS","","","","","","","","","","","","","","","","","","","","","","","","","","","","","","","","","","","","","","","","","","","","1.35636795","2.72581053","2.02030635","1.53326082","2.03766322","2.37276387","2.89204693","2.38097811","2.08112431","1.00896454","1.1463443","1.03747606","0.73074299","2.53573442","1.69484437","2.001724","2.07680917","2.5794127","2.53705359","1.98248768","2.54604125","","",
"Iceland","ISL","Domestic general government health expenditure (% of GDP)","SH.XPD.GHED.GD.ZS","","","","","","","","","","","","","","","","","","","","","","","","","","","","","","","","","","","","","","","","","7.18854856","7.05830956","7.65274143","7.9075551","7.55137873","7.24719429","6.98110867","6.85141087","6.85962439","7.16391802","6.67772865","6.61492586","6.58818579","6.61044264","6.68532133","6.58261681","6.65842867","6.82592249","6.9620142","7.16506433","8.051507","8.14422035","7.69027185","7.27967358","","",
"Israel","ISR","Domestic general government health expenditure (% of GDP)","SH.XPD.GHED.GD.ZS","","","","","","","","","","","","","","","","","","","","","","","","","","","","","","","","","","","","","","","","","4.16107655","4.38720655","4.42173243","4.2819376","4.19897032","4.12496138","4.17553473","4.04315805","4.17143965","4.20548964","4.30216122","4.25976515","4.34608603","4.40172148","4.43815184","4.45243502","4.49493361","4.58158922","4.67882729","4.67124081","5.25961494","5.60308933","4.42022657","4.63090897","","",
"Italy","ITA","Domestic general government health expenditure (% of GDP)","SH.XPD.GHED.GD.ZS","","","","","","","","","","","","","","","","","","","","","","","","","","","","","","","","","","","","","","","","","5.48200989","5.75421619","5.87404585","5.8810792","6.20417976","6.43857861","6.52941465","6.27780056","6.60362339","6.97926426","6.96612167","6.72206736","6.63017321","6.60825253","6.63854408","6.54743338","6.44775581","6.37222385","6.34945059","6.31018782","7.25222397","6.91720438","6.52353668","6.14251709","","",
"Jamaica","JAM","Domestic general government health expenditure (% of GDP)","SH.XPD.GHED.GD.ZS","","","","","","","","","","","","","","","","","","","","","","","","","","","","","","","","","","","","","","","","","3.18738079","2.40047431","2.76125169","2.04667425","2.47339988","2.23363185","2.00050378","2.66426182","2.95135403","2.94776607","3.04630113","3.09656906","2.78247046","2.97220016","3.06121469","3.55884409","3.62554812","4.06524467","3.88880324","3.97861576","4.52264309","5.11554575","5.92761612","4.8935523","","",
"Jordan","JOR","Domestic general government health expenditure (% of GDP)","SH.XPD.GHED.GD.ZS","","","","","","","","","","","","","","","","","","","","","","","","","","","","","","","","","","","","","","","","","4.20303917","4.36767626","4.39886856","4.0944252","3.43877316","4.39218235","3.93785167","4.48511505","5.13681602","6.18757915","5.45029831","5.49565887","5.03539467","4.41074276","4.64796257","3.99459696","3.1935668","3.18527389","3.00017619","3.03746152","3.41537142","3.33083987","3.41554523","3.44745827","","",
"Japan","JPN","Domestic general government health expenditure (% of GDP)","SH.XPD.GHED.GD.ZS","","","","","","","","","","","","","","","","","","","","","","","","","","","","","","","","","","","","","","","","","5.65793514","5.86137772","5.93724489","5.98652935","6.04880905","6.2159934","6.17422724","6.32067204","6.56596708","7.282969","7.42507124","8.78255081","8.9568243","8.99433517","9.02501678","9.03866768","8.95745564","8.97414494","8.99690151","9.2108326","9.777771","10.42161942","10.60008049","9.11008263","","",
"Kazakhstan","KAZ","Domestic general government health expenditure (% of GDP)","SH.XPD.GHED.GD.ZS","","","","","","","","","","","","","","","","","","","","","","","","","","","","","","","","","","","","","","","","","2.11957979","1.96616435","1.93378294","2.04266071","2.32648873","2.53736401","2.3206408","1.79586542","2.2773366","2.66703558","1.84399545","1.84243834","2.06988907","1.84699571","2.13331318","1.91990697","2.04025173","1.89267063","1.76464748","1.72108889","2.52114773","2.60474586","2.30231667","2.47987461","","",
"Kenya","KEN","Domestic general government health expenditure (% of GDP)","SH.XPD.GHED.GD.ZS","","","","","","","","","","","","","","","","","","","","","","","","","","","","","","","","","","","","","","","","","0.99913371","1.05907285","1.10948944","1.12453854","1.07972252","1.11996722","1.17933488","1.27245092","1.35639918","1.4598949","1.56062746","1.60566163","1.62624443","1.66091359","1.83768213","1.92388499","2.03529072","1.71156442","1.7670722","2.00870633","2.2100935","2.22920752","2.00364423","1.95431077","","",
"Kyrgyz Republic","KGZ","Domestic general government health expenditure (% of GDP)","SH.XPD.GHED.GD.ZS","","","","","","","","","","","","","","","","","","","","","","","","","","","","","","","","","","","","","","","","","2.13439822","2.00316715","2.21980453","2.26654911","2.33701825","3.79884839","4.21177483","3.08531475","2.89586782","3.48071551","3.41518092","3.69314909","4.22100592","3.94686103","2.74904537","2.71162796","2.49723411","2.34767461","2.42471886","2.18779993","2.21847796","2.95868587","2.64341927","2.40183544","","",
"Cambodia","KHM","Domestic general government health expenditure (% of GDP)","SH.XPD.GHED.GD.ZS","","","","","","","","","","","","","","","","","","","","","","","","","","","","","","","","","","","","","","","","","1.27856123","1.13873184","1.3330735","1.37088227","1.24548018","1.08696556","0.83623242","0.82912254","0.87098134","1.01281023","1.10954452","1.02417195","1.08205044","1.11564887","1.0150677","1.00400126","1.04308498","1.1320188","1.20929301","1.22948682","1.40071249","3.00353575","1.17839336","1.24129963","","",
"Kiribati","KIR","Domestic general government health expenditure (% of GDP)","SH.XPD.GHED.GD.ZS","","","","","","","","","","","","","","","","","","","","","","","","","","","","","","","","","","","","","","","","","7.51573658","11.49674606","10.99297142","9.63364887","11.80788708","10.94691277","9.41590595","8.82424259","10.07999992","8.11666679","7.94999981","7.53157902","7.0250001","7.14354086","7.37837839","6.08627462","7.69784164","8.31615162","8.78594208","9.23076916","9.50155735","8.8684206","8.51073647","8.58790588","","",
"St. Kitts and Nevis","KNA","Domestic general government health expenditure (% of GDP)","SH.XPD.GHED.GD.ZS","","","","","","","","","","","","","","","","","","","","","","","","","","","","","","","","","","","","","","","","","2.01197886","1.91941488","1.92994869","2.09647655","2.16082859","2.22139931","2.23068857","2.08316684","1.79803109","1.9731133","1.96334112","1.91958332","1.96832883","1.92399502","1.94636261","1.94096529","2.17921019","2.19368339","2.25112653","2.55811405","3.04861951","3.54911423","2.90488815","3.11200881","","",
"Korea, Rep.","KOR","Domestic general government health expenditure (% of GDP)","SH.XPD.GHED.GD.ZS","","","","","","","","","","","","","","","","","","","","","","","","","","","","","","","","","","","","","","","","","1.88174403","2.25876665","2.14096594","2.24646783","2.25043464","2.38401437","2.63494611","2.72422862","2.80182195","3.12681341","3.20370984","3.2194593","3.23771381","3.3175869","3.40634632","3.50807333","3.65121055","3.78743124","4.03568125","4.43231916","4.67086744","5.07723141","5.52341843","5.0180707","4.91143751","",
"Kuwait","KWT","Domestic general government health expenditure (% of GDP)","SH.XPD.GHED.GD.ZS","","","","","","","","","","","","","","","","","","","","","","","","","","","","","","","","","","","","","","","","","1.59861708","2.51429915","2.39965487","2.12259054","1.79756808","1.53435338","1.39375639","1.47248399","1.50249875","2.2079618","2.25556993","1.97078466","1.9472518","2.08904266","2.466609","3.57679915","4.03627825","3.98828077","4.56324148","4.56783867","5.41016102","4.77891159","3.70099521","4.39482975","","",
"Latin America & Caribbean (excluding high income)","LAC","Domestic general government health expenditure (% of GDP)","SH.XPD.GHED.GD.ZS","","","","","","","","","","","","","","","","","","","","","","","","","","","","","","","","","","","","","","","","","2.9944308317529","2.98413450622459","2.85479011133762","2.94880877910221","3.0010222928218","3.03441241437677","3.12387153433312","3.24808498051218","3.35192527704627","3.74349851586784","3.64976839376031","3.64324868211464","3.63370937466566","3.80612093257891","3.87179656485449","4.14191318896093","4.12606327728749","4.13287260155174","3.95415692187533","3.94854203777633","4.4992689487257","4.28904109769354","4.10013694001994","4.00173237586171","","",
"Lao PDR","LAO","Domestic general government health expenditure (% of GDP)","SH.XPD.GHED.GD.ZS","","","","","","","","","","","","","","","","","","","","","","","","","","","","","","","","","","","","","","","","","1.23305964","1.3295666","1.01875496","1.09625208","0.79425544","0.90671808","0.64221585","0.58968216","0.51332533","1.14663947","0.60363603","0.36693901","0.43670169","0.71266264","0.68373317","0.86391306","0.76494843","0.88887793","0.86922747","0.96142328","0.79207379","0.71924585","0.62643725","0.52790278","","",
"Lebanon","LBN","Domestic general government health expenditure (% of GDP)","SH.XPD.GHED.GD.ZS","","","","","","","","","","","","","","","","","","","","","","","","","","","","","","","","","","","","","","","","","3.22929931","3.45263052","3.04984355","2.93956637","2.96955347","2.89969206","3.55163956","3.51309872","3.07543588","2.67676353","2.99847841","3.57470489","3.04691243","3.12071991","3.57181931","3.37505221","3.72473431","3.67671943","3.77159619","4.28126144","3.32454515","1.18353021","1.51495135","2.11316371","","",
"Liberia","LBR","Domestic general government health expenditure (% of GDP)","SH.XPD.GHED.GD.ZS","","","","","","","","","","","","","","","","","","","","","","","","","","","","","","","","","","","","","","","","","0.64587975","0.5318647","0.56401348","0.4171488","0.51704127","0.54538667","0.47191602","0.73447984","0.91902161","1.1980319","1.2732017","1.51829398","1.55076897","0.31744617","0.82358247","1.20420825","1.39315951","1.38745701","1.68725502","1.3562839","1.32303464","1.11087501","1.29002357","1.30092859","","",
"Libya","LBY","Domestic general government health expenditure (% of GDP)","SH.XPD.GHED.GD.ZS","","","","","","","","","","","","","","","","","","","","","","","","","","","","","","","","","","","","","","","","","1.61668956","2.13841844","3.17035413","2.63191676","2.22574258","1.62736928","1.50322449","1.60953808","1.51853251","2.46476388","2.29442048","2.54379559","2.91900086","3.6518445","3.42913532","4.02187729","4.16492653","3.09533191","3.48153329","3.95533991","5.58700848","4.47216082","3.14845943","6.25568771","","",
"St. Lucia","LCA","Domestic general government health expenditure (% of GDP)","SH.XPD.GHED.GD.ZS","","","","","","","","","","","","","","","","","","","","","","","","","","","","","","","","","","","","","","","","","1.67430913","1.7875514","1.82975125","1.64275706","1.56948078","1.60310745","1.56014967","1.55791318","1.60530984","1.8166678","1.81502438","1.81603396","2.03916478","2.07502913","1.91464138","1.99191558","1.95973325","2.03747821","1.98067319","2.07973409","3.02728176","2.75269866","2.25815845","2.38351178","","",
"Latin America & Caribbean","LCN","Domestic general government health expenditure (% of GDP)","SH.XPD.GHED.GD.ZS","","","","","","","","","","","","","","","","","","","","","","","","","","","","","","","","","","","","","","","","","2.9901049361207","2.99020534992308","2.87681995948041","2.96641821341385","3.00683714202848","3.02019490554534","3.09969386975541","3.22650582476205","3.34684927478294","3.74519435539266","3.65198987785371","3.64374780639536","3.6424389090184","3.81643502985058","3.88769054199994","4.15448122583262","4.16026874758183","4.18525021180424","3.98143232858005","3.98906401541648","4.57116114342911","4.35587379683967","4.15132325403636","4.05121907121136","","",
"Least developed countries: UN classification","LDC","Domestic general government health expenditure (% of GDP)","SH.XPD.GHED.GD.ZS","","","","","","","","","","","","","","","","","","","","","","","","","","","","","","","","","","","","","","","","","0.889532959988452","1.00791501594587","1.00773359875659","1.08637497287085","1.11972725445163","1.10093396938786","1.11890990748537","1.17229958743863","1.15784750686937","1.20122329322414","1.00929544391937","0.952758413996789","0.975142558854006","0.9887837810144","0.970436021886945","0.90376078498283","0.89923224691156","0.924348353701321","0.884983516187419","0.833800723297618","0.939318549998384","0.983408987355647","0.872215472838795","0.822270595541744","","",
"Low income","LIC","Domestic general government health expenditure (% of GDP)","SH.XPD.GHED.GD.ZS","","","","","","","","","","","","","","","","","","","","","","","","","","","","","","","","","","","","","","","","","1.16686868928383","1.38416390437139","1.36286444020925","1.51283167852847","1.47639859757652","1.40131943897551","1.35819830809024","1.41719539788217","1.28318695014944","1.39976636261095","1.20684136765629","1.05074327821596","1.06536595099184","1.04684423277116","1.13595449247476","0.957780066115158","1.092118042479","1.06997242522851","1.06633077852915","1.074528490693","1.29285269586118","1.2007372516818","1.09399684921994","1.0729181823679","","",
"Liechtenstein","LIE","Domestic general government health expenditure (% of GDP)","SH.XPD.GHED.GD.ZS","","","","","","","","","","","","","","","","","","","","","","","","","","","","","","","","","","","","","","","","","","","","","","","","","","","","","","3.83092952","3.69935989","3.77818871","3.79975724","3.58753037","3.53447771","3.76001668","4.1560874","3.69411302","3.82908344","3.94563389","","",
"Sri Lanka","LKA","Domestic general government health expenditure (% of GDP)","SH.XPD.GHED.GD.ZS","","","","","","","","","","","","","","","","","","","","","","","","","","","","","","","","","","","","","","","","","2.20320439","2.13245368","2.15791655","2.00852442","2.12875676","2.04192138","1.96220529","1.85378098","1.66602755","1.64707983","1.51292467","1.52385986","1.39617562","1.6775682","1.55114651","1.61882555","1.56008303","1.36585641","1.66403663","1.73423195","2.15588403","2.2609117","1.52578461","1.23655903","","",
"Lower middle income","LMC","Domestic general government health expenditure (% of GDP)","SH.XPD.GHED.GD.ZS","","","","","","","","","","","","","","","","","","","","","","","","","","","","","","","","","","","","","","","","","1.1360538428441","1.13572104960701","1.08525730846854","1.05056907376604","1.04751682819712","1.08577384236991","1.07363197467845","1.04520821646859","1.0989860502059","1.17312323476271","1.12863181875358","1.15519505449452","1.17016205179954","1.15004431897439","1.1503268871123","1.21050648619665","1.20162561709117","1.22619948367346","1.21199182141697","1.22302267099752","1.38605797546371","1.50453240954088","1.45834942586286","1.43569898953283","","",
"Low & middle income","LMY","Domestic general government health expenditure (% of GDP)","SH.XPD.GHED.GD.ZS","","","","","","","","","","","","","","","","","","","","","","","","","","","","","","","","","","","","","","","","","1.93802389962961","1.92402520441808","1.86239115442877","1.93455152045582","1.96137247773268","1.99628234784538","2.0446684817259","2.07492294739938","2.19205326258343","2.44301914627351","2.37505340547815","2.41569906788983","2.47646201078204","2.55998427023549","2.62953596062012","2.74530694645952","2.70944255792392","2.69930947256468","2.65422346958244","2.66949957178213","2.85276346297753","2.78440410711623","2.95506884594943","2.97654789084483","","",
"Lesotho","LSO","Domestic general government health expenditure (% of GDP)","SH.XPD.GHED.GD.ZS","","","","","","","","","","","","","","","","","","","","","","","","","","","","","","","","","","","","","","","","","2.90852237","3.60629058","3.18394804","3.14434719","2.99280524","2.25555015","3.04879928","4.63973618","4.36957979","4.86539936","3.9816153","4.93363905","5.62558651","6.12028074","5.8080492","5.62011147","5.59334755","6.03923559","5.5954361","6.75437784","4.87197256","4.38429165","6.55054998","5.84427834","","",
"Late-demographic dividend","LTE","Domestic general government health expenditure (% of GDP)","SH.XPD.GHED.GD.ZS","","","","","","","","","","","","","","","","","","","","","","","","","","","","","","","","","","","","","","","","","2.25662160914385","2.27738849852313","2.37965227304753","2.41674719669897","2.40392344004049","2.45032401509974","2.47596895921654","2.50528693322183","2.67050166858247","2.95020406057044","2.843350421903","2.82522227301418","2.88759199067633","2.99246440001808","3.07003469200653","3.14418113417358","3.12372644945523","3.09977966886726","3.11164579609345","3.19730359095862","3.49550759496739","3.32008597160073","3.64507475174334","3.70292407868372","","",
"Lithuania","LTU","Domestic general government health expenditure (% of GDP)","SH.XPD.GHED.GD.ZS","","","","","","","","","","","","","","","","","","","","","","","","","","","","","","","","","","","","","","","","","4.16024494","4.21362257","4.46694374","4.59060907","3.43413758","3.42760634","3.65662551","3.79175305","4.44847679","5.27926397","4.90936899","4.59981918","4.20211172","4.03710175","4.14252853","4.2784977","4.37240982","4.21894503","4.26898956","4.52023697","5.09458399","5.21177673","4.7339468","4.75854826","","",
"Luxembourg","LUX","Domestic general government health expenditure (% of GDP)","SH.XPD.GHED.GD.ZS","","","","","","","","","","","","","","","","","","","","","","","","","","","","","","","","","","","","","","","","","4.93300676","5.36152744","5.67507315","5.83644247","6.15188742","5.99415827","5.56112909","5.25702858","5.46154928","6.02683735","5.72467899","4.96489","4.4276371","4.39057875","4.40729094","4.29385996","4.28179646","4.35383892","4.47836113","4.69412756","5.03816795","4.8814826","4.88470221","5.01267815","5.12085199","",
"Latvia","LVA","Domestic general government health expenditure (% of GDP)","SH.XPD.GHED.GD.ZS","","","","","","","","","","","","","","","","","","","","","","","","","","","","","","","","","","","","","","","","","2.82781434","2.87069702","2.95235634","2.85846782","3.63743186","3.38735056","3.70522499","3.54180741","3.53879547","3.73898005","3.74602699","3.75751281","3.39200068","3.36321855","3.37962747","3.43240261","3.54719949","3.53695512","3.82692361","4.10785341","4.76178408","6.52429104","5.2459259","4.32704115","","",
"Macao SAR, China","MAC","Domestic general government health expenditure (% of GDP)","SH.XPD.GHED.GD.ZS","","","","","","","","","","","","","","","","","","","","","","","","","","","","","","","","","","","","","","","","","","","","","","","","","","","","","","","","","","","","","","","","","","",
"St. Martin (French part)","MAF","Domestic general government health expenditure (% of GDP)","SH.XPD.GHED.GD.ZS","","","","","","","","","","","","","","","","","","","","","","","","","","","","","","","","","","","","","","","","","","","","","","","","","","","","","","","","","","","","","","","","","","",
"Morocco","MAR","Domestic general government health expenditure (% of GDP)","SH.XPD.GHED.GD.ZS","","","","","","","","","","","","","","","","","","","","","","","","","","","","","","","","","","","","","","","","","0.93646741","1.00273478","1.08123076","0.99790573","1.01085818","1.10253143","1.30186176","1.41620255","1.50152016","1.72093856","1.74102044","1.80912101","1.85334969","1.82751834","2.09785223","1.98215687","2.00518847","1.98112547","1.9875257","2.02342105","2.46551728","2.2556777","2.90570426","3.42813945","","",
"Monaco","MCO","Domestic general government health expenditure (% of GDP)","SH.XPD.GHED.GD.ZS","","","","","","","","","","","","","","","","","","","","","","","","","","","","","","","","","","","","","","","","","2.95726943","3.0067246","3.05441046","3.5898664","3.67036533","3.65047526","3.47215104","3.05636287","3.28902793","3.93795872","4.037848","3.76148415","3.86657739","3.70988655","3.59680939","3.48859453","3.57075405","3.61485219","3.51253462","3.3414309","3.77197242","3.297261","2.93881845","2.67197466","","",
"Moldova","MDA","Domestic general government health expenditure (% of GDP)","SH.XPD.GHED.GD.ZS","","","","","","","","","","","","","","","","","","","","","","","","","","","","","","","","","","","","","","","","","2.90143156","2.86584091","3.54672813","3.2140553","5.30847454","5.03950357","5.19462681","5.62990999","5.27913141","5.83283806","4.64634132","4.24517536","4.43541145","4.05499315","4.30888414","3.87085724","3.7185328","3.60770988","3.79154086","3.87679625","4.54034805","5.05644417","4.5151453","4.68608952","","",
"Madagascar","MDG","Domestic general government health expenditure (% of GDP)","SH.XPD.GHED.GD.ZS","","","","","","","","","","","","","","","","","","","","","","","","","","","","","","","","","","","","","","","","","1.84589028","1.83291543","1.74709666","2.17278719","2.17331147","1.93450081","1.89314044","1.90437353","1.41035628","1.30581379","1.86784148","1.67813444","1.48979211","1.30425918","1.74814212","1.99010992","2.37194586","2.24615121","1.49675477","0.68268955","0.68988532","0.74739987","0.89582229","0.98797482","","",
"Maldives","MDV","Domestic general government health expenditure (% of GDP)","SH.XPD.GHED.GD.ZS","","","","","","","","","","","","","","","","","","","","","","","","","","","","","","","","","","","","","","","","","2.56440163","2.67766237","2.54975939","2.1482141","2.31102347","2.96756434","2.95987701","3.91466451","6.397439","5.82381439","4.49513102","3.67702603","4.20904255","4.29976511","4.904356","6.23556709","7.37399292","6.51826191","5.63719177","5.87739515","9.15049744","5.88344622","5.57443285","7.29846859","","",
"Middle East, North Africa, Afghanistan & Pakistan","MEA","Domestic general government health expenditure (% of GDP)","SH.XPD.GHED.GD.ZS","","","","","","","","","","","","","","","","","","","","","","","","","","","","","","","","","","","","","","","","","2.27333290387647","2.47832208473627","2.42392956931689","2.28961880690547","2.14384198787892","2.04256840463401","2.05764889269017","2.04625666615862","1.98918751872639","2.48867900915879","2.2796468614492","2.28221972842972","2.30058021527024","2.47666748098977","2.80296580885882","3.04581684791401","3.24758375534188","3.17080324846726","2.92458446969139","2.997813932332","3.55854383319466","3.3725319066105","2.96264562948921","3.28758258818133","","",
"Mexico","MEX","Domestic general government health expenditure (% of GDP)","SH.XPD.GHED.GD.ZS","","","","","","","","","","","","","","","","","","","","","","","","","","","","","","","","","","","","","","","","","1.91919184","2.00498009","2.0620842","2.29952097","2.46993542","2.35726452","2.31543756","2.41293502","2.50039554","2.72910881","2.75687551","2.79909682","2.87779689","2.9978776","2.78812504","2.88534904","2.76140785","2.68433452","2.59963799","2.60652828","3.20069051","2.94404602","2.96263528","2.67641234","","",
"Marshall Islands","MHL","Domestic general government health expenditure (% of GDP)","SH.XPD.GHED.GD.ZS","","","","","","","","","","","","","","","","","","","","","","","","","","","","","","","","","","","","","","","","","8.19225311","6.39676857","7.5911026","8.42232609","5.78210926","5.52737188","6.53017855","6.43916655","6.00590944","6.20014572","4.82439613","5.19275141","5.31435204","6.12644053","5.03771496","6.02202177","6.47250175","4.88437748","6.50871277","6.66548347","5.25280666","5.20669413","5.84753323","10.06006145","","",
"Middle income","MIC","Domestic general government health expenditure (% of GDP)","SH.XPD.GHED.GD.ZS","","","","","","","","","","","","","","","","","","","","","","","","","","","","","","","","","","","","","","","","","1.95187069701078","1.93325166103948","1.87201196381706","1.94259140223671","1.97053934510787","2.00780637274547","2.05779419991638","2.08734893191309","2.20934534775606","2.46250665295959","2.39524433556926","2.43741557543339","2.49555275788445","2.579584278139","2.64936988103566","2.76869242708519","2.72824933294332","2.71714304572428","2.67133281596934","2.68546112089047","2.86832988437067","2.79943266852686","2.97462291803326","2.99503557707838","","",
"North Macedonia","MKD","Domestic general government health expenditure (% of GDP)","SH.XPD.GHED.GD.ZS","","","","","","","","","","","","","","","","","","","","","","","","","","","","","","","","","","","","","","","","","4.71220732","4.55789852","4.73120594","4.95398092","4.71959162","4.3757925","4.21515989","4.04007626","4.23244715","4.0919199","4.06657267","4.05699444","4.13496399","4.41111708","4.01871777","4.11930132","4.0607338","3.75674939","3.75730491","4.25745583","4.66986942","4.58688641","4.22148132","4.27594757","","",
"Mali","MLI","Domestic general government health expenditure (% of GDP)","SH.XPD.GHED.GD.ZS","","","","","","","","","","","","","","","","","","","","","","","","","","","","","","","","","","","","","","","","","1.29321861","1.05405474","1.10984015","1.41243839","1.58851421","1.39720833","1.22405839","0.99671644","0.71373433","0.66568589","0.66893148","0.6047653","0.41352206","0.81583834","0.89173758","0.91927379","1.20876825","1.17751467","1.15118647","1.1192745","1.40269554","1.35538208","1.36568475","1.34937346","","",
"Malta","MLT","Domestic general government health expenditure (% of GDP)","SH.XPD.GHED.GD.ZS","","","","","","","","","","","","","","","","","","","","","","","","","","","","","","","","","","","","","","","","","4.75728178","4.82706928","5.44444466","5.54482079","5.59103823","6.01062059","6.05880404","5.46883106","5.0669446","5.12119102","5.10055399","5.36059618","5.41480064","5.6092701","5.47425842","5.29361916","5.48300409","5.22904444","5.1497612","5.55893612","6.57189322","6.41883278","6.09191847","5.83802271","","",
"Myanmar","MMR","Domestic general government health expenditure (% of GDP)","SH.XPD.GHED.GD.ZS","","","","","","","","","","","","","","","","","","","","","","","","","","","","","","","","","","","","","","","","","0.26421133","0.24364877","0.36103669","0.24453028","0.25379223","0.17095795","0.27068752","0.20447917","0.17198935","0.18821332","0.19366041","0.23329397","0.41945723","0.58719838","1.00353265","1.1429708","0.66600835","0.6941902","0.67250752","0.60877246","0.71241319","0.91952342","0.49640557","0.49524543","","",
"Middle East, North Africa, Afghanistan & Pakistan (excluding high income)","MNA","Domestic general government health expenditure (% of GDP)","SH.XPD.GHED.GD.ZS","","","","","","","","","","","","","","","","","","","","","","","","","","","","","","","","","","","","","","","","","1.70245088899485","1.87736527436852","1.89010012338993","1.76803337150528","1.7435280216744","1.6990720915013","1.74048469513198","1.77652604289074","1.83909012868205","2.12555140737583","1.98049597915299","2.00171137278239","1.97255211192552","2.03163449325065","2.32704587551637","2.46185279075302","2.62121863571005","2.6221385559008","2.2919224379306","2.1810616011495","2.20496653939181","2.12380582661359","2.0036247144091","2.31717092521095","","",
"Montenegro","MNE","Domestic general government health expenditure (% of GDP)","SH.XPD.GHED.GD.ZS","","","","","","","","","","","","","","","","","","","","","","","","","","","","","","","","","","","","","","","","","","","","","","","","","","","","4.85758018","5.30493546","4.89767981","4.85656452","5.39562225","5.18993425","4.58153057","4.96868992","5.06746101","7.13466835","6.45562506","7.24657822","6.69406366","","",
"Mongolia","MNG","Domestic general government health expenditure (% of GDP)","SH.XPD.GHED.GD.ZS","","","","","","","","","","","","","","","","","","","","","","","","","","","","","","","","","","","","","","","","","4.61119699","3.88835406","3.87113953","2.98218632","2.80098653","2.38196063","2.49134016","2.88185477","3.21819425","3.10174918","2.44484329","2.13192797","2.34510446","2.28476501","2.40595388","2.4089644","2.56394386","2.2598424","2.09529591","2.11976218","2.56925178","4.2121501","3.11989594","2.72985005","","",
"Northern Mariana Islands","MNP","Domestic general government health expenditure (% of GDP)","SH.XPD.GHED.GD.ZS","","","","","","","","","","","","","","","","","","","","","","","","","","","","","","","","","","","","","","","","","","","","","","","","","","","","","","","","","","","","","","","","","","",
"Mozambique","MOZ","Domestic general government health expenditure (% of GDP)","SH.XPD.GHED.GD.ZS","","","","","","","","","","","","","","","","","","","","","","","","","","","","","","","","","","","","","","","","","1.08604574","1.311831","1.17593813","1.1753726","1.12229657","1.4261055","1.14244211","1.17217517","1.20704949","1.2755909","1.24370587","1.25546241","1.23552883","1.49877322","1.71540534","1.78662503","1.7231313","1.73677838","1.7863487","1.8260498","2.3917768","2.28472924","2.28882098","2.249192","","",
"Mauritania","MRT","Domestic general government health expenditure (% of GDP)","SH.XPD.GHED.GD.ZS","","","","","","","","","","","","","","","","","","","","","","","","","","","","","","","","","","","","","","","","","0.46969447","0.54510015","0.87326568","0.7719968","0.70654863","0.81955862","0.67619681","0.76387841","0.8877672","0.87885523","0.73150158","0.74974972","0.89773965","1.08287692","1.25234473","1.41883922","1.19934916","1.23123157","0.91096455","1.10124004","1.00379241","1.49700129","1.70580709","1.48361778","","",
"Mauritius","MUS","Domestic general government health expenditure (% of GDP)","SH.XPD.GHED.GD.ZS","","","","","","","","","","","","","","","","","","","","","","","","","","","","","","","","","","","","","","","","","1.52947044","1.57129419","1.68696284","1.6688329","1.80295277","1.69515753","1.61826241","1.47311974","1.38968194","1.57988811","1.99484634","1.74817169","1.87548065","1.93168211","2.42503381","2.31317115","2.44510746","2.47479272","2.48200822","2.50442028","2.93306947","3.35773063","2.52426147","2.46710205","","",
"Malawi","MWI","Domestic general government health expenditure (% of GDP)","SH.XPD.GHED.GD.ZS","","","","","","","","","","","","","","","","","","","","","","","","","","","","","","","","","","","","","","","","","1.01542294","0.83659285","0.97493625","1.17513871","0.85772187","1.05274868","0.9437108","0.73458099","1.3674773","1.0557555","1.13196635","1.15239477","0.95642853","1.48205006","1.56810546","1.89914215","1.91101837","1.71919668","1.68875861","1.53329957","1.56224585","1.36146903","0.87697619","0.83762544","","",
"Malaysia","MYS","Domestic general government health expenditure (% of GDP)","SH.XPD.GHED.GD.ZS","","","","","","","","","","","","","","","","","","","","","","","","","","","","","","","","","","","","","","","","","1.17325473","1.35141993","1.36677563","1.51884329","1.45687652","1.36280441","1.67488027","1.62477779","1.59730816","1.81166101","1.67910564","1.76482272","1.86487269","1.89357972","2.03088164","2.03347373","1.88870478","1.92218649","1.92697287","2.00959897","2.17598939","2.45898366","1.97318363","1.97993755","","",
"North America","NAC","Domestic general government health expenditure (% of GDP)","SH.XPD.GHED.GD.ZS","","","","","","","","","","","","","","","","","","","","","","","","","","","","","","","","","","","","","","","","","5.57432881719887","5.98860639040475","6.33184880376933","6.52866318897425","6.61065741513218","6.62760936056038","6.78308033147028","6.88197809158212","7.17259845531156","7.84185934949063","7.88686222941555","7.86688834183494","7.82997246594751","7.85046091830508","8.11264633551289","8.36770756818577","8.49523260792436","8.45827200127045","8.45034812152076","8.52794622730294","10.4730178808211","9.5725899192324","9.02106344428659","8.92291474667828","","",
"Namibia","NAM","Domestic general government health expenditure (% of GDP)","SH.XPD.GHED.GD.ZS","","","","","","","","","","","","","","","","","","","","","","","","","","","","","","","","","","","","","","","","","5.6193819","5.73190451","5.92470026","6.06180239","5.69722843","5.24643993","5.04455662","5.38635349","4.89047384","4.31238842","4.88263464","5.12084961","4.80753613","5.20561123","5.00115061","5.39398766","5.76428509","5.34107399","5.16180658","5.26885462","6.51412964","6.51885366","5.80618477","5.54813719","","",
"New Caledonia","NCL","Domestic general government health expenditure (% of GDP)","SH.XPD.GHED.GD.ZS","","","","","","","","","","","","","","","","","","","","","","","","","","","","","","","","","","","","","","","","","","","","","","","","","","","","","","","","","","","","","","","","","","",
"Niger","NER","Domestic general government health expenditure (% of GDP)","SH.XPD.GHED.GD.ZS","","","","","","","","","","","","","","","","","","","","","","","","","","","","","","","","","","","","","","","","","1.12999868","1.14577425","1.20736778","1.07094669","1.18101633","1.92018211","2.05841017","1.50168717","1.55048525","1.5377779","1.31193817","1.27229619","1.03993595","1.34044802","1.27712584","1.11163116","1.10086405","1.88514483","1.76657593","2.02236509","2.31365919","2.12211633","1.5349741","0.97196257","","",
"Nigeria","NGA","Domestic general government health expenditure (% of GDP)","SH.XPD.GHED.GD.ZS","","","","","","","","","","","","","","","","","","","","","","","","","","","","","","","","","","","","","","","","","0.58559412","0.8576929","0.53133184","0.92982918","1.202034","1.14133215","0.90186709","0.7786122","0.66059941","0.57001245","0.44847032","0.47937736","0.54436672","0.48927844","0.44593188","0.58907843","0.47496933","0.53266305","0.49754828","0.46980387","0.50597858","0.54102808","0.61952227","0.60093319","","",
"Nicaragua","NIC","Domestic general government health expenditure (% of GDP)","SH.XPD.GHED.GD.ZS","","","","","","","","","","","","","","","","","","","","","","","","","","","","","","","","","","","","","","","","","2.56718063","2.45915222","2.46180677","2.55710077","2.27378821","2.5080986","2.86238265","3.15306878","3.19054222","3.81332731","3.55465937","3.53044653","3.74920559","3.86888838","4.15811014","4.46586037","4.65122414","4.85718918","5.17776585","5.2335391","5.29172993","6.05456924","5.17145538","4.76571131","","",
"Netherlands","NLD","Domestic general government health expenditure (% of GDP)","SH.XPD.GHED.GD.ZS","","","","","","","","","","","","","","","","","","","","","","","","","","","","","","","","","","","","","","","","","5.30837631","5.58929539","6.01927614","6.31752491","6.21099997","6.18760395","5.96329165","5.92894697","6.22847557","6.74306917","6.90660667","6.93690538","7.15750694","7.24735451","7.09314537","6.72993183","6.5336895","6.39186192","6.47488213","6.55726242","7.54755592","7.69962406","6.7939868","6.72162485","","",
"Norway","NOR","Domestic general government health expenditure (% of GDP)","SH.XPD.GHED.GD.ZS","","","","","","","","","","","","","","","","","","","","","","","","","","","","","","","","","","","","","","","","","6.29176235","6.6320591","7.44528151","7.64598131","7.3021822","6.89241123","6.56923485","6.71009827","6.6593442","7.62671995","7.50110054","7.37413645","7.39225388","7.5452013","7.91735411","8.61125374","8.99088097","8.70770454","8.53639317","8.94719028","9.82099152","8.43056965","6.77605867","8.11916542","","",
"Nepal","NPL","Domestic general government health expenditure (% of GDP)","SH.XPD.GHED.GD.ZS","","","","","","","","","","","","","","","","","","","","","","","","","","","","","","","","","","","","","","","","","0.4859271","0.58420616","0.79272741","0.66023707","0.64692318","0.75322849","0.84708959","0.67827111","0.71121174","0.7965219","0.79064077","0.79661524","0.78674734","0.75677603","0.87364674","0.90927744","1.00771654","1.06542635","1.06721246","1.10283434","1.5651871","1.76734555","2.08633423","1.92793751","","",
"Nauru","NRU","Domestic general government health expenditure (% of GDP)","SH.XPD.GHED.GD.ZS","","","","","","","","","","","","","","","","","","","","","","","","","","","","","","","","","","","","","","","","","16.6683979","12.96107578","9.82158947","7.4719758","4.88974905","9.72499847","10.87369251","16.81926155","12.60140991","6.32094669","7.59175539","5.67363787","4.0232172","5.35097265","6.16783905","8.4357338","9.87076759","8.42948341","9.77889729","10.3461647","9.88010979","9.41186619","15.94075489","15.23276997","","",
"New Zealand","NZL","Domestic general government health expenditure (% of GDP)","SH.XPD.GHED.GD.ZS","","","","","","","","","","","","","","","","","","","","","","","","","","","","","","","","","","","","","","","","","5.56442356","5.54619789","5.92010593","5.82985544","6.08670425","6.36606169","6.67049885","6.60462475","6.73836803","7.1025281","7.0972805","7.16868782","7.22888708","6.95405483","6.9177103","6.57789135","6.4102993","6.40669823","6.23302364","6.2196641","6.86849403","7.10585737","8.65659904","7.86917591","","",
"OECD members","OED","Domestic general government health expenditure (% of GDP)","SH.XPD.GHED.GD.ZS","","","","","","","","","","","","","","","","","","","","","","","","","","","","","","","","","","","","","","","","","5.522241504825","5.79293279761396","6.02878180592016","6.20444626347421","6.25551612103351","6.28355958751507","6.32293541334018","6.35144604181189","6.59275857965858","7.23465385650355","7.18093993451026","7.2980141279377","7.31831576759432","7.2891078643376","7.41833439727588","7.56384618105305","7.66229555604186","7.62003932456964","7.62440618395528","7.73977210135021","9.0785990849686","8.72490015678572","8.27686282892313","7.97171210233208","","",
"Oman","OMN","Domestic general government health expenditure (% of GDP)","SH.XPD.GHED.GD.ZS","","","","","","","","","","","","","","","","","","","","","","","","","","","","","","","","","","","","","","","","","2.19491506","2.21537399","2.31827164","2.29992843","2.12697983","1.86491668","1.62979662","1.71506763","1.38406205","2.00759625","2.04789329","1.82965529","1.88399208","2.19339776","2.82171035","3.6793406","3.75263762","3.5271337","2.77846813","3.33252549","4.56241417","3.84838724","2.62405968","2.97877407","","",
"Other small states","OSS","Domestic general government health expenditure (% of GDP)","SH.XPD.GHED.GD.ZS","","","","","","","","","","","","","","","","","","","","","","","","","","","","","","","","","","","","","","","","","3.62623452989333","3.53258835639765","3.78692029738856","3.87727648111353","3.79621342453123","3.84073107162598","3.66040589768646","3.70106813934773","3.69519214818116","3.94330953850722","3.83924869482819","3.71309272518228","3.74589817992685","3.85557306140179","3.93835398927758","4.12217529788597","4.2691208452193","4.24390441134724","4.28660950564146","4.52123612868958","5.6125399288348","5.62319039513836","5.20629968883482","5.3625240276286","","",
"Pakistan","PAK","Domestic general government health expenditure (% of GDP)","SH.XPD.GHED.GD.ZS","","","","","","","","","","","","","","","","","","","","","","","","","","","","","","","","","","","","","","","","","0.86511308","0.8166225","0.90022832","0.5118525","0.54709041","0.51540869","0.4643316","0.45476291","0.40099064","0.51264632","0.52930099","0.45581207","0.61600071","0.63381839","0.60478491","0.686643","0.70141035","0.91277653","0.93618691","0.94332874","1.03975642","1.1115458","1.10770965","0.90008724","","",
"Panama","PAN","Domestic general government health expenditure (% of GDP)","SH.XPD.GHED.GD.ZS","","","","","","","","","","","","","","","","","","","","","","","","","","","","","","","","","","","","","","","","","4.50806475","4.38846159","4.42303896","4.16139507","4.48108578","3.68315434","4.06343699","4.85426235","4.55932522","4.64928007","4.65330553","4.23569298","3.90454745","4.07795286","4.23567915","4.21543312","4.33149529","4.41374683","4.40903568","4.61607218","5.54313087","5.07548141","4.75854683","4.26657534","","",
"Peru","PER","Domestic general government health expenditure (% of GDP)","SH.XPD.GHED.GD.ZS","","","","","","","","","","","","","","","","","","","","","","","","","","","","","","","","","","","","","","","","","2.34087849","2.47586274","2.52270985","2.33577538","2.30358434","2.56580496","2.21617079","2.15428376","2.17900085","2.49783754","2.44220233","2.30443978","2.48199081","2.64289999","2.93914938","3.00291657","3.04029965","3.01707554","3.15358686","3.24168658","4.34886456","4.46130276","3.91114283","3.58431911","","",
"Philippines","PHL","Domestic general government health expenditure (% of GDP)","SH.XPD.GHED.GD.ZS","","","","","","","","","","","","","","","","","","","","","","","","","","","","","","","","","","","","","","","","","1.3564229","1.15623665","0.97705829","1.11422062","1.08843267","1.23873734","1.21229136","1.1753726","1.16428423","1.27640796","1.31791425","1.06190181","1.09802592","1.1204468","1.26327145","1.46860588","1.47373402","1.48271859","1.53632784","1.69175851","2.33325934","2.6710124","2.3236084","2.16258121","","",
"Palau","PLW","Domestic general government health expenditure (% of GDP)","SH.XPD.GHED.GD.ZS","","","","","","","","","","","","","","","","","","","","","","","","","","","","","","","","","","","","","","","","","4.58880663","3.96126223","3.58202147","3.94900894","4.14845562","3.47357202","3.63601208","3.40086675","3.04033828","3.99591303","4.15492439","4.29253674","4.82126188","5.48087215","5.56669378","4.94348574","5.23204374","5.65769434","6.05926895","7.04400301","6.88389778","7.58051348","7.71421003","6.6059494","","",
"Papua New Guinea","PNG","Domestic general government health expenditure (% of GDP)","SH.XPD.GHED.GD.ZS","","","","","","","","","","","","","","","","","","","","","","","","","","","","","","","","","","","","","","","","","1.70150447","1.66755974","1.76445663","1.42519522","1.70005941","1.61288869","1.62889814","1.63440716","1.51408112","1.55684996","1.30032146","1.49705744","1.82221472","1.98455942","2.02066565","1.37782788","1.67796266","1.68148077","1.61519086","1.3562634","1.58207059","1.16997361","1.52998793","2.10291815","","",
"Poland","POL","Domestic general government health expenditure (% of GDP)","SH.XPD.GHED.GD.ZS","","","","","","","","","","","","","","","","","","","","","","","","","","","","","","","","","","","","","","","","","3.59174061","3.96737576","4.23111773","4.06905413","3.94105005","3.96801353","3.98788857","4.08632708","4.52287197","4.71393776","4.59161377","4.43579817","4.34928942","4.53399515","4.46929932","4.41299105","4.49414158","4.4990406","4.44357109","4.56083679","4.62092304","4.58968067","4.77248859","5.50431299","","",
"Pre-demographic dividend","PRE","Domestic general government health expenditure (% of GDP)","SH.XPD.GHED.GD.ZS","","","","","","","","","","","","","","","","","","","","","","","","","","","","","","","","","","","","","","","","","0.762713406195766","0.9729361492106","0.837379293729659","1.04428430548456","1.30715395919214","1.2151766830979","1.10986460684308","1.16221888730429","1.21509655150854","1.30100059290555","1.07421765910142","1.04611145576623","0.895255937378373","0.899375364982588","0.868543070979317","0.861242928729823","1.14244410623161","1.05956777510845","1.0785471043735","1.01766732696222","1.18365168894212","1.20577860564699","1.15059318209399","1.24610765900086","","",
"Puerto Rico (US)","PRI","Domestic general government health expenditure (% of GDP)","SH.XPD.GHED.GD.ZS","","","","","","","","","","","","","","","","","","","","","","","","","","","","","","","","","","","","","","","","","","","","","","","","","","","","","","","","","","","","","","","","","","",
"Korea, Dem. People's Rep.","PRK","Domestic general government health expenditure (% of GDP)","SH.XPD.GHED.GD.ZS","","","","","","","","","","","","","","","","","","","","","","","","","","","","","","","","","","","","","","","","","","","","","","","","","","","","","","","","","","","","","","","","","","",
"Portugal","PRT","Domestic general government health expenditure (% of GDP)","SH.XPD.GHED.GD.ZS","","","","","","","","","","","","","","","","","","","","","","","","","","","","","","","","","","","","","","","","","5.99815702","6.05405951","6.32552099","6.44214296","6.72644234","6.84422255","5.93430281","5.80185938","5.98957777","6.46387529","6.66389227","6.26895714","5.90736532","5.8519187","5.76389647","5.75569677","5.78788328","5.70213747","5.76187086","5.77892017","6.75691032","7.00375891","6.57459879","6.16079521","","",
"Paraguay","PRY","Domestic general government health expenditure (% of GDP)","SH.XPD.GHED.GD.ZS","","","","","","","","","","","","","","","","","","","","","","","","","","","","","","","","","","","","","","","","","2.32489133","1.94766605","1.46725607","1.63003397","1.59777284","1.58578682","1.76220965","1.73575354","1.62055254","2.12176824","2.1311543","2.46140838","3.03290367","2.6527679","3.16169024","3.1565783","3.14797997","3.02672791","3.02979112","3.31885815","4.13318157","4.46610212","4.08453465","4.63161516","","",
"West Bank and Gaza","PSE","Domestic general government health expenditure (% of GDP)","SH.XPD.GHED.GD.ZS","","","","","","","","","","","","","","","","","","","","","","","","","","","","","","","","","","","","","","","","","2.72239161","2.56014633","3.1405654","3.0772078","3.60594678","3.96260071","3.27039266","3.43123531","3.67211366","3.65880156","3.29111481","3.28588367","2.95999742","3.22583795","3.15190101","3.11889291","2.66232371","3.19112968","2.84986925","3.66190886","3.85396838","4.26700115","3.91599488","4.44729948","","",
"Pacific island small states","PSS","Domestic general government health expenditure (% of GDP)","SH.XPD.GHED.GD.ZS","","","","","","","","","","","","","","","","","","","","","","","","","","","","","","","","","","","","","","","","","3.4047898485281","3.23668866677237","3.19670650841975","3.09181344064128","2.92487323601162","3.18873261563498","3.14869095569941","3.12515553795858","2.83105144196065","2.83279947496594","2.78702867968333","2.64798058081592","2.66987525306198","2.66510944267158","2.70156003788282","2.79106992550312","2.81888620031453","2.80308462936439","3.0697583241876","3.30388329361075","3.62541000803985","3.82705500133883","3.73884081191518","3.62839641653763","","",
"Post-demographic dividend","PST","Domestic general government health expenditure (% of GDP)","SH.XPD.GHED.GD.ZS","","","","","","","","","","","","","","","","","","","","","","","","","","","","","","","","","","","","","","","","","5.67062545079003","5.94524588882682","6.18531739881485","6.35070891326299","6.40180406148087","6.45430249071676","6.50263398745832","6.53437625470186","6.77546895459197","7.41199322797759","7.38629874375888","7.52352691413947","7.5524600647665","7.53092298183279","7.68583709041063","7.84229840171131","7.92802197478171","7.88780473576598","7.88326751895198","8.00233950146909","9.39260789363194","9.02751884113727","8.60141438263877","8.29576261249187","","",
"French Polynesia","PYF","Domestic general government health expenditure (% of GDP)","SH.XPD.GHED.GD.ZS","","","","","","","","","","","","","","","","","","","","","","","","","","","","","","","","","","","","","","","","","","","","","","","","","","","","","","","","","","","","","","","","","","",
"Qatar","QAT","Domestic general government health expenditure (% of GDP)","SH.XPD.GHED.GD.ZS","","","","","","","","","","","","","","","","","","","","","","","","","","","","","","","","","","","","","","","","","1.1739918","1.4624722","1.547966","2.62767673","2.38695359","1.92000175","1.71230614","1.54760242","1.22314608","1.69266617","1.32764482","1.17667866","1.38358474","1.74754512","2.10174274","3.19502282","3.04590583","2.71251249","2.50761104","2.72214365","3.30993986","2.45963025","1.79685986","2.09512258","","",
"Romania","ROU","Domestic general government health expenditure (% of GDP)","SH.XPD.GHED.GD.ZS","","","","","","","","","","","","","","","","","","","","","","","","","","","","","","","","","","","","","","","","","3.33585477","3.48990417","3.6797502","4.46193647","4.04278946","4.40981054","4.02086115","4.09066439","4.07320023","4.15188551","4.50492287","3.35521555","3.46611238","4.12454033","3.96595645","3.85264945","3.97179151","4.07767963","4.39458323","4.56736565","4.97246981","4.88112116","4.50321484","4.3310914","","",
"Russian Federation","RUS","Domestic general government health expenditure (% of GDP)","SH.XPD.GHED.GD.ZS","","","","","","","","","","","","","","","","","","","","","","","","","","","","","","","","","","","","","","","","","2.9796474","3.04301357","3.21910429","3.00005722","2.79753399","2.91765976","2.94237709","2.94628835","3.07102203","3.50300717","3.0512259","3.00404239","3.14483786","3.16959071","3.20183682","3.10976052","3.0124886","3.05932951","3.18402362","3.45416045","5.91601133","4.89008141","4.86750841","4.93410778","","",
"Rwanda","RWA","Domestic general government health expenditure (% of GDP)","SH.XPD.GHED.GD.ZS","","","","","","","","","","","","","","","","","","","","","","","","","","","","","","","","","","","","","","","","","0.64626944","0.698044","0.75793403","2.30380893","1.92855704","1.61428237","1.48205781","1.74627984","1.81383979","1.88107121","2.03921556","2.19739747","2.05491209","2.17188406","2.19319296","2.10472178","1.5660044","1.56328964","1.64325416","1.76991165","2.13853812","2.63611889","2.43239522","2.41123104","","",
"South Asia","SAS","Domestic general government health expenditure (% of GDP)","SH.XPD.GHED.GD.ZS","","","","","","","","","","","","","","","","","","","","","","","","","","","","","","","","","","","","","","","","","0.85731368488457","0.816391269715124","0.798022937268899","0.775869457615495","0.744151944955516","0.788979963458308","0.771706905766934","0.765115189715504","0.822534708302885","0.904729912267715","0.875091495252029","0.931610006720794","0.922169973956131","0.869825575384446","0.856722630057685","0.9138106781052","0.927335126039132","0.945938208075561","0.960459603887033","0.993098826266166","1.15019171828888","1.27701345810837","1.26894019509157","1.21582647127122","","",
"Saudi Arabia","SAU","Domestic general government health expenditure (% of GDP)","SH.XPD.GHED.GD.ZS","","","","","","","","","","","","","","","","","","","","","","","","","","","","","","","","","","","","","","","","","3.03455424","3.23656511","3.07290077","2.87984729","2.56183243","2.47836709","2.64138937","2.5073967","1.88940501","2.78823733","2.2592144","2.46959376","2.72299576","3.07811379","3.68119621","4.01395369","4.34350872","4.33328104","3.75438356","4.03419542","5.20342541","4.5653944","4.09908247","4.42276096","","",
"Sudan","SDN","Domestic general government health expenditure (% of GDP)","SH.XPD.GHED.GD.ZS","","","","","","","","","","","","","","","","","","","","","","","","","","","","","","","","","","","","","","","","","1.21998167","1.1215229","1.128654","1.26332223","1.57302713","1.59963596","1.77735722","2.0494504","1.73194993","2.6293633","1.64626622","1.28281784","1.49337018","1.15195048","1.43453598","0.82485694","1.28979421","1.06663251","1.03874981","1.03735721","1.04006422","0.77320933","0.82583225","0.59154689","","",
"Senegal","SEN","Domestic general government health expenditure (% of GDP)","SH.XPD.GHED.GD.ZS","","","","","","","","","","","","","","","","","","","","","","","","","","","","","","","","","","","","","","","","","1.25274444","1.415766","1.33993769","1.54446924","1.62704813","1.59510648","1.7594533","1.31880546","1.3871423","1.40655613","1.16160142","1.30861914","1.21922708","1.17077053","1.080037","1.07820702","1.06801915","1.01061249","1.11893904","1.05768847","1.72161877","1.20091772","1.08714914","1.1920532","","",
"Singapore","SGP","Domestic general government health expenditure (% of GDP)","SH.XPD.GHED.GD.ZS","","","","","","","","","","","","","","","","","","","","","","","","","","","","","","","","","","","","","","","","","1.21474111","0.88201147","1.05214119","1.3372829","1.02267361","1.00069571","0.99547803","0.95031685","1.19189203","1.18541074","1.14910603","1.17214501","1.30787134","1.53696907","1.74364483","1.96816146","2.07529497","2.10866928","2.04126763","2.2847712","3.41540074","3.13151574","2.60371685","2.62583375","","",
"Solomon Islands","SLB","Domestic general government health expenditure (% of GDP)","SH.XPD.GHED.GD.ZS","","","","","","","","","","","","","","","","","","","","","","","","","","","","","","","","","","","","","","","","","4.44415522","6.02517366","5.73763466","5.23841286","4.88922024","6.40079355","5.25133944","4.962358","3.15582204","3.10495329","2.94911718","2.87079024","2.94720888","2.77344251","2.9565556","3.06908107","3.15399909","3.09555912","2.96293306","3.25913024","3.62380624","3.45109582","3.32158995","3.3744123","","",
"Sierra Leone","SLE","Domestic general government health expenditure (% of GDP)","SH.XPD.GHED.GD.ZS","","","","","","","","","","","","","","","","","","","","","","","","","","","","","","","","","","","","","","","","","0.56016588","0.65394258","0.68559587","0.63837194","0.60742605","0.59220541","0.54349309","0.4417356","0.45621169","0.63343221","0.81356823","0.70601135","0.6394307","0.58837235","1.02695739","0.81068116","0.66393304","0.54366273","0.49137551","0.77659142","0.82859242","1.14799988","0.8699919","0.78892416","","",
"El Salvador","SLV","Domestic general government health expenditure (% of GDP)","SH.XPD.GHED.GD.ZS","","","","","","","","","","","","","","","","","","","","","","","","","","","","","","","","","","","","","","","","","3.94314837","3.83341885","4.00326157","3.88919258","4.01650906","4.2482481","4.52057076","4.1049161","4.0889926","4.10507488","4.37232924","4.79892349","4.45448637","4.76325369","4.68769121","4.80888462","4.84736443","4.58291912","4.54387665","4.71487188","5.7965498","6.41989136","6.12128019","5.62305593","","",
"San Marino","SMR","Domestic general government health expenditure (% of GDP)","SH.XPD.GHED.GD.ZS","","","","","","","","","","","","","","","","","","","","","","","","","","","","","","","","","","","","","","","","","4.30573463","4.26485729","4.03321981","3.63807321","3.74707913","3.81809044","3.87701797","4.07534981","4.34516525","5","5.35588455","7.16314268","7.96990728","7.33665133","7.30673313","7.28606033","7.38052702","7.23664856","7.35798597","7.23374033","7.61165524","6.62202978","6.39732409","5.74314785","","",
"Somalia, Fed. Rep.","SOM","Domestic general government health expenditure (% of GDP)","SH.XPD.GHED.GD.ZS","","","","","","","","","","","","","","","","","","","","","","","","","","","","","","","","","","","","","","","","","","","","","","","","","","","","","","0.13704211","0.10548612","0.09905031","0.10706647","0.13631769","0.13900605","0.15007043","0.2304647","0.34554738","0.31191349","0.5303756","","",
"Serbia","SRB","Domestic general government health expenditure (% of GDP)","SH.XPD.GHED.GD.ZS","","","","","","","","","","","","","","","","","","","","","","","","","","","","","","","","","","","","","","","","","3.79907131","4.13802195","5.23220444","5.10396385","5.18188715","5.29795027","5.1782732","5.50259209","5.64826584","5.54193211","5.58281469","5.3538456","5.56388712","5.34662533","5.1614337","4.88180637","4.69370461","4.5406208","4.85909271","4.83578539","5.06347847","6.04116869","5.77386618","5.26416254","","",
"Sub-Saharan Africa (excluding high income)","SSA","Domestic general government health expenditure (% of GDP)","SH.XPD.GHED.GD.ZS","","","","","","","","","","","","","","","","","","","","","","","","","","","","","","","","","","","","","","","","","1.59211407835298","1.57278196591149","1.38873159440337","1.78141564163849","1.86346923085684","1.80053026689892","1.84424939252862","1.82834577749612","1.71898708025187","1.93647729681027","1.93777134454097","1.9408870512072","1.86837387716051","1.75059234143651","1.70724656542628","1.80892300930113","1.85655644830687","1.97930444563868","1.91859393806417","1.76979786673395","2.05566955901112","2.09126174512403","1.96081711611402","2.01182209423312","","",
"South Sudan","SSD","Domestic general government health expenditure (% of GDP)","SH.XPD.GHED.GD.ZS","","","","","","","","","","","","","","","","","","","","","","","","","","","","","","","","","","","","","","","","","","","","","","","","","","","","","","","","","","1.86679733","1.18756998","0.99254191","0.70622033","0.92913347","0.62561053","0.50114346","","",
"Sub-Saharan Africa","SSF","Domestic general government health expenditure (% of GDP)","SH.XPD.GHED.GD.ZS","","","","","","","","","","","","","","","","","","","","","","","","","","","","","","","","","","","","","","","","","1.59971182310084","1.58559553304878","1.40503030219138","1.79238374865562","1.85805876178009","1.80160996952498","1.83459812480491","1.82081045021539","1.6939589970772","1.90935568687752","1.91807765043175","1.91106655444835","1.84930804085434","1.73447604817953","1.67907468179625","1.77872780417535","1.81506366441835","1.92934964523646","1.86627670525744","1.72415986929233","2.00156621911709","2.03553660948891","1.89488845549503","1.92287465650656","","",
"Small states","SST","Domestic general government health expenditure (% of GDP)","SH.XPD.GHED.GD.ZS","","","","","","","","","","","","","","","","","","","","","","","","","","","","","","","","","","","","","","","","","2.99453801238955","2.94306731089733","3.15042236919421","3.27069851941695","3.24924085029758","3.30333853847511","3.13216693083592","3.1856270535795","3.13789023644989","3.46523470274977","3.35519459178945","3.27505178752281","3.27598940377778","3.38590247168547","3.42737600385757","3.60779481094837","3.8120088209034","3.87891445041226","3.8994784045878","4.09094171735636","5.02943624955905","4.98295839343789","4.48971737242917","4.6014566283493","","",
"Sao Tome and Principe","STP","Domestic general government health expenditure (% of GDP)","SH.XPD.GHED.GD.ZS","","","","","","","","","","","","","","","","","","","","","","","","","","","","","","","","","","","","","","","","","3.51259375","3.70773029","3.77630806","6.05494833","5.18779802","5.03137016","0.54927838","1.6642518","1.22298861","1.5904156","2.11927414","2.29882646","2.30571485","2.99635077","2.79643965","2.0531044","3.06470799","3.43653798","2.62429023","2.23238039","2.96807909","3.36913323","2.31201935","2.13394833","","",
"Suriname","SUR","Domestic general government health expenditure (% of GDP)","SH.XPD.GHED.GD.ZS","","","","","","","","","","","","","","","","","","","","","","","","","","","","","","","","","","","","","","","","","2.84068179","1.85921216","2.45871258","2.13772202","2.43031907","2.36262965","2.71723485","2.58420277","2.09781647","2.28777623","1.9906764","1.79151595","1.75651753","1.88953507","1.87637579","3.16422224","3.71001315","3.09932327","4.47947168","6.09356403","4.03236008","3.27092934","4.15005636","3.3523376","","",
"Slovak Republic","SVK","Domestic general government health expenditure (% of GDP)","SH.XPD.GHED.GD.ZS","","","","","","","","","","","","","","","","","","","","","","","","","","","","","","","","","","","","","","","","","4.64339685","4.70686579","4.85240364","4.77106667","5.03513718","4.97108793","4.77396774","4.93091011","5.20061636","5.69731617","5.44594288","5.2743578","5.3540163","5.48396778","5.44664001","5.30798721","5.6462183","5.32285929","5.25731754","5.44698572","5.66738129","6.08261681","6.15263939","5.80455589","","",
"Slovenia","SVN","Domestic general government health expenditure (% of GDP)","SH.XPD.GHED.GD.ZS","","","","","","","","","","","","","","","","","","","","","","","","","","","","","","","","","","","","","","","","","5.60744858","5.61317778","5.87859297","5.88302135","5.75883818","5.81633949","5.64411831","5.29656601","5.69555473","6.22358179","6.25191069","6.21524811","6.22969151","6.21515274","6.05442333","6.12037754","6.19861412","5.9297328","6.04779768","6.19899702","6.88721657","6.97821045","7.07110405","6.80327797","","",
"Sweden","SWE","Domestic general government health expenditure (% of GDP)","SH.XPD.GHED.GD.ZS","","","","","","","","","","","","","","","","","","","","","","","","","","","","","","","","","","","","","","","","","6.26558542","6.45880175","6.73689175","6.8950696","6.71323681","6.6967392","6.60596895","6.56826925","6.77395391","7.22804117","6.85484648","8.87553692","9.1259203","9.23215675","9.30155087","9.16075993","9.21271133","9.2550211","9.37008476","9.28074455","9.83181","9.63231373","9.32068729","9.60061646","","",
"Eswatini","SWZ","Domestic general government health expenditure (% of GDP)","SH.XPD.GHED.GD.ZS","","","","","","","","","","","","","","","","","","","","","","","","","","","","","","","","","","","","","","","","","2.41081047","2.38431859","2.4225831","2.91704059","3.02394485","3.64060426","3.45948696","3.7541039","4.45391893","4.46149063","4.22809029","3.61155891","3.41336322","3.32492328","2.73972297","2.94745016","2.84598303","3.54254961","3.39840841","4.40824461","3.53693056","3.65004921","3.24393272","3.20377994","","",
"Sint Maarten (Dutch part)","SXM","Domestic general government health expenditure (% of GDP)","SH.XPD.GHED.GD.ZS","","","","","","","","","","","","","","","","","","","","","","","","","","","","","","","","","","","","","","","","","","","","","","","","","","","","","","","","","","","","","","","","","","",
"Seychelles","SYC","Domestic general government health expenditure (% of GDP)","SH.XPD.GHED.GD.ZS","","","","","","","","","","","","","","","","","","","","","","","","","","","","","","","","","","","","","","","","","3.78593802","3.75857329","3.63683939","4.14589357","3.81282496","3.62017798","3.44340944","3.04300809","2.40282655","2.3870523","3.1060183","3.01365519","4.02018118","3.20524502","3.18385339","3.1209166","3.25931096","3.2699151","3.1646049","3.04219794","4.47688675","3.72146273","2.99964738","3.1497128","","",
"Syrian Arab Republic","SYR","Domestic general government health expenditure (% of GDP)","SH.XPD.GHED.GD.ZS","","","","","","","","","","","","","","","","","","","","","","","","","","","","","","","","","","","","","","","","","1.61808777","1.945274","2.24590731","2.4527986","2.13628435","2.06910229","1.77428043","1.76196051","1.56797349","1.59122777","1.44551027","1.14291418","1.37997222","1.81969619","1.98435199","1.76000929","1.83358467","1.91341209","1.88352227","1.97450435","1.4915427","1.09464335","0.8250348","0.40483445","","",
"Turks and Caicos Islands","TCA","Domestic general government health expenditure (% of GDP)","SH.XPD.GHED.GD.ZS","","","","","","","","","","","","","","","","","","","","","","","","","","","","","","","","","","","","","","","","","","","","","","","","","","","","","","","","","","","","","","","","","","",
"Chad","TCD","Domestic general government health expenditure (% of GDP)","SH.XPD.GHED.GD.ZS","","","","","","","","","","","","","","","","","","","","","","","","","","","","","","","","","","","","","","","","","1.59994829","1.42270386","1.61589229","1.33923662","1.47851741","1.10235167","0.76379508","0.81764281","0.61977834","0.70113808","0.64793539","0.60246891","0.65627456","0.83544219","0.94091558","0.72352397","0.64428413","0.52580875","0.46814004","0.51349735","0.55167967","0.73647583","0.92589098","1.26169586","","",
"East Asia & Pacific (IDA & IBRD countries)","TEA","Domestic general government health expenditure (% of GDP)","SH.XPD.GHED.GD.ZS","","","","","","","","","","","","","","","","","","","","","","","","","","","","","","","","","","","","","","","","","1.03823563689079","1.035028325015","1.14382046215262","1.26181863600085","1.28436157091925","1.33542655146636","1.37898767123558","1.4349062712163","1.6545557602393","1.98622561218688","1.97631780686839","2.09378896100315","2.2890242481213","2.42301304571054","2.54617838934869","2.71945509597062","2.6563716059768","2.63987430130426","2.68859221599921","2.75810061246918","2.87570920584296","2.79135228877127","3.19069385394211","3.1779749423507","","",
"Europe & Central Asia (IDA & IBRD countries)","TEC","Domestic general government health expenditure (% of GDP)","SH.XPD.GHED.GD.ZS","","","","","","","","","","","","","","","","","","","","","","","","","","","","","","","","","","","","","","","","","3.11945787539482","3.35855772388435","3.54263977631842","3.52192401197358","3.36492090406885","3.38934566961283","3.38686148109764","3.38568610677492","3.50463052869144","3.91503187520192","3.5449686939714","3.31900023433227","3.35495033773413","3.35690016697771","3.37766578481128","3.32338783734423","3.37417014187668","3.34123621860691","3.41040999304787","3.57989433823694","4.75556178336413","4.41334221907102","4.1896152088349","4.34669148651228","","",
"Togo","TGO","Domestic general government health expenditure (% of GDP)","SH.XPD.GHED.GD.ZS","","","","","","","","","","","","","","","","","","","","","","","","","","","","","","","","","","","","","","","","","0.29096901","0.32503283","0.34117612","0.37685171","0.44411397","0.50362611","0.56445849","0.59498978","0.60018307","0.68256968","1.12349021","1.03214419","1.16667867","0.96069103","0.99828738","0.92438984","0.97535449","1.04958856","1.03169048","0.89146012","0.91246384","0.55793744","0.66535133","0.6805678","","",
"Thailand","THA","Domestic general government health expenditure (% of GDP)","SH.XPD.GHED.GD.ZS","","","","","","","","","","","","","","","","","","","","","","","","","","","","","","","","","","","","","","","","","1.71153057","1.66487634","2.07636881","2.04556918","2.01255655","2.013062","2.2303164","2.41405702","2.60726309","2.64681911","2.50096011","2.72706866","2.68024039","2.62275028","2.78856063","2.74870157","2.85139871","2.7754643","2.74278641","2.71524906","3.06593847","3.62646127","3.8927443","3.5342176","","",
"Tajikistan","TJK","Domestic general government health expenditure (% of GDP)","SH.XPD.GHED.GD.ZS","","","","","","","","","","","","","","","","","","","","","","","","","","","","","","","","","","","","","","","","","0.88544548","0.8757962","0.80717486","0.76923078","0.89477104","0.98875159","0.93615186","1.07746482","1.36975408","1.08422637","1.18032789","1.30533111","1.60808611","1.90030849","2.07762313","2.04495692","1.98977911","1.98792565","1.89692557","1.89777529","2.1510756","1.94076729","1.78677893","1.90488744","","",
"Turkmenistan","TKM","Domestic general government health expenditure (% of GDP)","SH.XPD.GHED.GD.ZS","","","","","","","","","","","","","","","","","","","","","","","","","","","","","","","","","","","","","","","","","1.88017917","1.64814663","1.42210734","1.58412921","1.41623425","1.18179929","0.90367627","0.81136948","0.55347836","0.68261433","0.77174926","0.83719772","0.89324039","1.1326803","1.14786649","1.20134497","1.038046","1.27922606","0.98964322","1.00793219","1.0236249","0.94310212","0.79879308","0.94220257","","",
"Latin America & the Caribbean (IDA & IBRD countries)","TLA","Domestic general government health expenditure (% of GDP)","SH.XPD.GHED.GD.ZS","","","","","","","","","","","","","","","","","","","","","","","","","","","","","","","","","","","","","","","","","2.95911325805347","2.95435538100988","2.83123508393021","2.92142678406814","2.96901643651172","2.953451200176","3.04079058467401","3.13029648817844","3.25581798340492","3.63619360359098","3.57989905839382","3.56724766066337","3.5875087002956","3.74768497718212","3.79181567913944","4.02805888038931","4.03487119479532","4.07747890878242","3.87582608894441","3.87565374184723","4.40539682998217","4.35784982859318","4.15170053850207","4.05322249618955","","",
"Timor-Leste","TLS","Domestic general government health expenditure (% of GDP)","SH.XPD.GHED.GD.ZS","","","","","","","","","","","","","","","","","","","","","","","","","","","","","","","","","","","","","","","","","","","","1.30327332","1.67137599","2.12407804","2.39656949","0.96646351","3.39832354","3.24565578","3.28824806","3.56822348","4.14897776","4.44555855","4.12430954","4.41761017","3.44634151","4.49020767","3.95292592","2.87948847","4.01566982","3.12096453","5.357265","7.4576478","","",
"Middle East, North Africa, Afghanistan & Pakistan (IDA & IBRD)","TMN","Domestic general government health expenditure (% of GDP)","SH.XPD.GHED.GD.ZS","","","","","","","","","","","","","","","","","","","","","","","","","","","","","","","","","","","","","","","","","1.69401209656037","1.87227865408457","1.88168571489141","1.75966479918051","1.7318663998134","1.68545451133272","1.73222898546904","1.7685344747922","1.82990465003545","2.11676255696663","1.97264585962528","1.99413046008173","1.9666447132591","2.02321454993783","2.32099093561349","2.45665638211302","2.62087330472222","2.61721050236399","2.2870441164928","2.1669293514577","2.18927505278073","2.1034026467713","1.98632087875375","2.29851084523646","","",
"Tonga","TON","Domestic general government health expenditure (% of GDP)","SH.XPD.GHED.GD.ZS","","","","","","","","","","","","","","","","","","","","","","","","","","","","","","","","","","","","","","","","","2.30323911","2.44649458","2.59221506","2.4231987","2.45591736","2.61161542","2.85051656","3.18001747","2.89580131","3.04270864","2.85781646","2.74445701","2.7870214","2.77536654","2.8828485","2.76189899","2.98697019","2.90944481","3.19946599","2.99766731","2.98630214","3.28024626","3.8381629","3.40475059","","",
"South Asia (IDA & IBRD)","TSA","Domestic general government health expenditure (% of GDP)","SH.XPD.GHED.GD.ZS","","","","","","","","","","","","","","","","","","","","","","","","","","","","","","","","","","","","","","","","","0.85731368488457","0.816391269715124","0.798022937268898","0.775869457615496","0.744151944955516","0.788979963458308","0.771706905766934","0.765115189715504","0.822534708302885","0.904729912267715","0.875091495252029","0.931610006720794","0.922169973956131","0.869825575384446","0.856722630057685","0.9138106781052","0.927335126039132","0.945938208075561","0.960459603887033","0.993098826266165","1.15019171828888","1.27701345810837","1.26894019509157","1.21582647127122","","",
"Sub-Saharan Africa (IDA & IBRD countries)","TSS","Domestic general government health expenditure (% of GDP)","SH.XPD.GHED.GD.ZS","","","","","","","","","","","","","","","","","","","","","","","","","","","","","","","","","","","","","","","","","1.59971182310084","1.58559553304878","1.40503030219138","1.79238374865562","1.85805876178009","1.80160996952498","1.83459812480491","1.82081045021539","1.6939589970772","1.90935568687752","1.91807765043175","1.91106655444835","1.84930804085434","1.73447604817953","1.67907468179625","1.77872780417535","1.81506366441835","1.92934964523646","1.86627670525744","1.72415986929233","2.00156621911709","2.03553660948891","1.89488845549503","1.92287465650656","","",
"Trinidad and Tobago","TTO","Domestic general government health expenditure (% of GDP)","SH.XPD.GHED.GD.ZS","","","","","","","","","","","","","","","","","","","","","","","","","","","","","","","","","","","","","","","","","1.56699646","1.74266553","1.96599579","1.90437138","1.85756683","2.14629865","1.86406863","1.91819596","1.74781442","2.61162758","2.44673586","2.35490894","2.25893903","2.47376657","2.4501431","2.90972495","3.24490404","3.43325257","3.22142673","3.17576575","3.44541454","3.36165905","3.02066517","3.64105821","","",
"Tunisia","TUN","Domestic general government health expenditure (% of GDP)","SH.XPD.GHED.GD.ZS","","","","","","","","","","","","","","","","","","","","","","","","","","","","","","","","","","","","","","","","","2.53482223","2.53689337","2.65054178","2.67794108","2.65803766","2.61502051","2.68162847","2.76273274","2.80299711","2.97510505","3.12751889","3.45419288","3.58298373","3.8491714","3.7496531","3.34255123","3.40580177","3.32102466","3.09321761","3.56713367","4.31212521","4.1127286","3.9555614","4.3189435","","",
"Turkiye","TUR","Domestic general government health expenditure (% of GDP)","SH.XPD.GHED.GD.ZS","","","","","","","","","","","","","","","","","","","","","","","","","","","","","","","","","","","","","","","","","2.83683038","3.28714538","3.54229712","3.57052255","3.52044296","3.31541967","3.54304099","3.60262251","3.79284501","4.42291498","3.91593647","3.68182659","3.51873088","3.42470455","3.35657501","3.21666884","3.36101246","3.24810481","3.18893552","3.38672566","3.63981962","3.59388018","2.78341818","3.24591351","","",
"Tuvalu","TUV","Domestic general government health expenditure (% of GDP)","SH.XPD.GHED.GD.ZS","","","","","","","","","","","","","","","","","","","","","","","","","","","","","","","","","","","","","","","","","22.25426292","17.00361061","10.99277782","12.44285393","8.85552597","9.6455574","9.88550949","9.44745445","9.33237934","10.03053665","13.19273663","11.89357758","11.83783531","9.88884354","12.08134651","10.14206505","15.31349277","19.17265701","15.51837921","17.16871262","14.97134399","9.89659023","16.46469879","19.72272301","","",
"Tanzania","TZA","Domestic general government health expenditure (% of GDP)","SH.XPD.GHED.GD.ZS","","","","","","","","","","","","","","","","","","","","","","","","","","","","","","","","","","","","","","","","","0.74586421","1.08908296","1.33213437","1.49158525","1.96674848","2.31116962","2.37998843","1.94105673","2.25783944","1.48484647","1.4499774","1.28681624","1.17573333","1.18517053","1.19945395","1.25726104","1.61013722","1.55679071","1.62666011","1.6312809","0.86159378","0.94497848","0.98185784","0.96664101","","",
"Uganda","UGA","Domestic general government health expenditure (% of GDP)","SH.XPD.GHED.GD.ZS","","","","","","","","","","","","","","","","","","","","","","","","","","","","","","","","","","","","","","","","","1.26869214","1.35010099","1.46629059","1.47303784","1.36708832","1.03255773","0.98067528","1.03115988","0.93871653","0.82681918","1.09722447","0.90863341","0.9248504","0.97432142","0.95077145","0.75713688","0.78636652","0.63865817","0.67459893","0.57344079","1.19107807","1.14727044","0.98358905","0.92339057","","",
"Ukraine","UKR","Domestic general government health expenditure (% of GDP)","SH.XPD.GHED.GD.ZS","","","","","","","","","","","","","","","","","","","","","","","","","","","","","","","","","","","","","","","","","2.51132536","2.80008173","3.07087588","3.64921927","3.40481019","3.72637868","3.8776598","3.56262231","3.1923337","3.85025716","3.68650508","3.42423868","3.74169087","3.3410418","3.45616627","3.68844223","3.64566922","3.51985121","3.50151348","3.17738771","3.72709227","4.27551651","","","","",
"Upper middle income","UMC","Domestic general government health expenditure (% of GDP)","SH.XPD.GHED.GD.ZS","","","","","","","","","","","","","","","","","","","","","","","","","","","","","","","","","","","","","","","","","2.17524379740553","2.15292147645155","2.0990919090959","2.20317810922484","2.23377576658883","2.26280669422921","2.32824022520709","2.37233606968078","2.48715476529381","2.80063819201049","2.72322777003994","2.74720423133989","2.8125057903957","2.91939598668321","3.01983543075169","3.1672413620098","3.13268082195331","3.10789931244661","3.04421840750237","3.08364658225749","3.27009057217055","3.13375632825157","3.37646191354796","3.39973721550093","","",
"Uruguay","URY","Domestic general government health expenditure (% of GDP)","SH.XPD.GHED.GD.ZS","","","","","","","","","","","","","","","","","","","","","","","","","","","","","","","","","","","","","","","","","3.81055403","4.38128328","4.62101603","5.01494408","4.32407045","3.48937511","3.67667699","3.62133288","4.55632162","4.6968317","4.72670984","4.86718798","5.15904379","5.37133551","5.47611523","5.64815187","6.00605679","6.0405345","6.15175676","6.1543541","6.50547266","6.54937553","6.28247643","6.52589464","","",
"United States","USA","Domestic general government health expenditure (% of GDP)","SH.XPD.GHED.GD.ZS","","","","","","","","","","","","","","","","","","","","","","","","","","","","","","","","","","","","","","","","","5.54275799","5.96832943","6.32602119","6.52382708","6.60953903","6.63018513","6.81126356","6.91318035","7.22217178","7.87214708","7.93023777","7.93057156","7.87408161","7.89930439","8.19843483","8.43071175","8.55800343","8.53016281","8.5214138","8.59688473","10.54044342","9.62210751","9.11976719","9.00711727","","",
"Uzbekistan","UZB","Domestic general government health expenditure (% of GDP)","SH.XPD.GHED.GD.ZS","","","","","","","","","","","","","","","","","","","","","","","","","","","","","","","","","","","","","","","","","2.00684047","2.03427196","1.93376124","1.89574766","1.80486059","1.81541967","1.9279021","1.79759741","1.91604054","1.9971329","2.12282252","2.08887649","2.33609509","2.40117002","2.31306577","2.35756874","2.05541873","1.7881006","1.73769212","2.01079655","2.80912924","2.71542764","2.23423076","2.38440657","","",
"St. Vincent and the Grenadines","VCT","Domestic general government health expenditure (% of GDP)","SH.XPD.GHED.GD.ZS","","","","","","","","","","","","","","","","","","","","","","","","","","","","","","","","","","","","","","","","","2.78348827","2.74391198","2.79881167","2.63181949","2.47157788","2.40620852","2.17451024","2.135355","2.31205726","2.5003233","2.54869199","2.39791298","2.77147985","2.6729424","2.53159404","2.52658701","2.58707666","2.69260287","2.79988337","2.87263203","3.2781105","3.56595063","3.1851058","3.06539917","","",
"Venezuela, RB","VEN","Domestic general government health expenditure (% of GDP)","SH.XPD.GHED.GD.ZS","","","","","","","","","","","","","","","","","","","","","","","","","","","","","","","","","","","","","","","","","","","","","","","","","","","","","","","","","","","1.24563158","0.81175309","1.53484893","1.37525356","2.06510615","1.19817746","","",
"British Virgin Islands","VGB","Domestic general government health expenditure (% of GDP)","SH.XPD.GHED.GD.ZS","","","","","","","","","","","","","","","","","","","","","","","","","","","","","","","","","","","","","","","","","","","","","","","","","","","","","","","","","","","","","","","","","","",
"Virgin Islands (U.S.)","VIR","Domestic general government health expenditure (% of GDP)","SH.XPD.GHED.GD.ZS","","","","","","","","","","","","","","","","","","","","","","","","","","","","","","","","","","","","","","","","","","","","","","","","","","","","","","","","","","","","","","","","","","",
"Viet Nam","VNM","Domestic general government health expenditure (% of GDP)","SH.XPD.GHED.GD.ZS","","","","","","","","","","","","","","","","","","","","","","","","","","","","","","","","","","","","","","","","","1.68673158","1.57415044","1.7021997","1.58931124","1.68924272","1.78806961","1.80019891","1.76966417","1.73616052","1.71152484","2.04132986","1.93289721","2.2328434","1.99598992","2.07598686","2.05326915","2.1333859","2.17300439","2.09256196","2.02046871","1.79064679","1.96029603","1.97061062","2.02070236","","",
"Vanuatu","VUT","Domestic general government health expenditure (% of GDP)","SH.XPD.GHED.GD.ZS","","","","","","","","","","","","","","","","","","","","","","","","","","","","","","","","","","","","","","","","","2.46942925","2.51605392","2.62352204","2.48979235","2.32455468","2.14146662","2.14560485","2.22314644","2.27352452","2.00294042","1.94011939","2.36122203","2.29943132","2.24571776","0.58717012","2.01937246","1.28941309","1.47122371","2.14049673","1.90414143","2.57221556","1.23241973","1.62112224","2.33037138","","",
"World","WLD","Domestic general government health expenditure (% of GDP)","SH.XPD.GHED.GD.ZS","","","","","","","","","","","","","","","","","","","","","","","","","","","","","","","","","","","","","","","","","4.94459045144499","5.15765980629572","5.35181747877338","5.48645933173594","5.4809680423123","5.43392664841442","5.38394637545965","5.3157285704026","5.41103944994995","5.91013099127813","5.69564902807837","5.67149492653303","5.63956232273748","5.60787128227072","5.70952736803962","5.83862790793937","5.90360902229176","5.81031260618513","5.77548678566234","5.84225239496599","6.81894456369388","6.47314586266757","6.21932325524871","6.11107547156182","","",
"Samoa","WSM","Domestic general government health expenditure (% of GDP)","SH.XPD.GHED.GD.ZS","","","","","","","","","","","","","","","","","","","","","","","","","","","","","","","","","","","","","","","","","3.58244371","3.11965823","3.41633463","2.81717443","3.02092052","3.17797899","3.44210529","3.27875233","3.46781611","3.98351336","3.8858633","3.66722965","3.91343451","4.02978992","4.87775707","4.20412493","3.81041527","3.92468739","3.69644928","4.32336426","4.44346046","5.08007908","4.84845781","4.69490862","","",
"Kosovo","XKX","Domestic general government health expenditure (% of GDP)","SH.XPD.GHED.GD.ZS","","","","","","","","","","","","","","","","","","","","","","","","","","","","","","","","","","","","","","","","","","","","","","","","","","","","","","","","","","","","","","","","","","",
"Yemen, Rep.","YEM","Domestic general government health expenditure (% of GDP)","SH.XPD.GHED.GD.ZS","","","","","","","","","","","","","","","","","","","","","","","","","","","","","","","","","","","","","","","","","2.37196207","2.47797203","2.33098793","2.40408325","1.95299447","1.65503561","1.62575805","1.56395018","1.60281074","1.30869162","1.16217077","1.09211838","1.24131441","0.9796077","0.78348452","0.4330447","0.54064083","0.30786535","0.76913458","0.91137344","0.85958266","0.70893025","0.91847837","0.81872302","","",
"South Africa","ZAF","Domestic general government health expenditure (% of GDP)","SH.XPD.GHED.GD.ZS","","","","","","","","","","","","","","","","","","","","","","","","","","","","","","","","","","","","","","","","","2.68480206","2.40290713","2.30570102","2.79076648","2.73156238","2.74503064","3.23011708","3.30013156","3.38493657","3.80475187","4.00033045","4.12050819","4.1403532","4.14510202","4.3735652","4.59632444","4.57297277","4.56554031","4.61023474","4.80006361","5.84510279","5.49496222","5.38311863","5.48956871","","",
"Zambia","ZMB","Domestic general government health expenditure (% of GDP)","SH.XPD.GHED.GD.ZS","","","","","","","","","","","","","","","","","","","","","","","","","","","","","","","","","","","","","","","","","1.47394264","1.92502928","1.89818621","1.45376873","1.31544065","1.24335968","1.32859325","1.48783338","1.58524466","1.66772234","1.55979979","1.5735333","1.54221773","1.30987322","1.89382219","2.0905416","1.71430743","2.51039147","2.08801126","2.25830793","3.59365153","2.82306838","2.50694346","2.43413329","","",
"Zimbabwe","ZWE","Domestic general government health expenditure (% of GDP)","SH.XPD.GHED.GD.ZS","","","","","","","","","","","","","","","","","","","","","","","","","","","","","","","","","","","","","","","","","","","","","","","","","","","2.75333452","2.11964583","1.99879277","2.01809144","2.73156238","1.55136275","1.37225389","1.550982","1.59526527","0.46115172","0.6526891","0.87981081","1.01829815","0.94662845","","",
