"Data Source","World Development Indicators",

"Last Updated Date","2026-04-08",

"Country Name","Country Code","Indicator Name","Indicator Code","1960","1961","1962","1963","1964","1965","1966","1967","1968","1969","1970","1971","1972","1973","1974","1975","1976","1977","1978","1979","1980","1981","1982","1983","1984","1985","1986","1987","1988","1989","1990","1991","1992","1993","1994","1995","1996","1997","1998","1999","2000","2001","2002","2003","2004","2005","2006","2007","2008","2009","2010","2011","2012","2013","2014","2015","2016","2017","2018","2019","2020","2021","2022","2023","2024","2025",
"Aruba","ABW","Interest payments (% of revenue)","GC.XPN.INTP.RV.ZS","","","","","","","","","","","","","","","","","","","","","","","","","","","","","","","","","","","","","","","","","","","","","","","","","","","","","","","","","","","","","","","","","","",
"Africa Eastern and Southern","AFE","Interest payments (% of revenue)","GC.XPN.INTP.RV.ZS","","","","","","","","","","","","","","","","","","","","","","","","","","","","","","","","9.65753424657534","12.8893643889435","","","","","","","","","","","","","","","","","4.98288031019377","4.13128063146064","3.81713722037328","3.58620987710173","4.24086879887645","4.12452782606748","6.28182082607575","8.00812871153026","7.52857011643931","10.5477358571424","9.15321825198046","9.00661761214895","9.27655323380869","10.8536759622072","11.6043391561716","","",
"Afghanistan","AFG","Interest payments (% of revenue)","GC.XPN.INTP.RV.ZS","","","","","","","","","","","","","","","","","","","","","","","","","","","","","","","","","","","","","","","","","","","","","","","0.163824674927042","0.0686789456453882","0.0227439817476196","0.0241408385259934","0.0142406244753313","0.0115304161485474","0.0171919008924942","0.0350619479814528","0.0518220686922314","0.101941745648561","0.0915435039044285","0.109378878694535","","","","","","","","",
"Africa Western and Central","AFW","Interest payments (% of revenue)","GC.XPN.INTP.RV.ZS","","","","","","","","","","","","","","","","","","","","","","","","","","","","","","","","","","","","","","","","","","","","","","","","","","","","","","","","5.08892378308416","4.88644416697601","6.74907431040171","7.5926004147512","7.47735076101014","9.12223928905361","9.5061670120264","","","","",
"Angola","AGO","Interest payments (% of revenue)","GC.XPN.INTP.RV.ZS","","","","","","","","","","","","","","","","","","","","","","","","","","","","","","","","","","","","","","","","0.241295891944048","0.360712414267576","2.55473150972548","2.77718868627562","1.7640290268832","3.25719581869961","2.29577623357813","0.549478665151843","1.04164588718486","4.77954250395123","8.44407735697019","4.29775708216611","1.73955097556705","2.32139711959246","2.10351862891843","3.32653719268244","9.48574817746618","13.7020911962502","16.5402705579421","20.5996010187756","22.494038906987","25.187180764127","18.3701078150735","12.9570213148472","23.6718837565057","25.187180764127","",
"Albania","ALB","Interest payments (% of revenue)","GC.XPN.INTP.RV.ZS","","","","","","","","","","","","","","","","","","","","","","","","","","","","","","","","","","","","10.9478309532199","17.8753754469328","33.8983670395262","36.5855300634633","","","","16.4512416860091","17.8648667324977","15.4899942116556","","","","","","","12.9861335620343","13.1809528626805","14.0450167732175","11.2701126932717","10.5223217565603","9.71519157209464","7.73970302969854","8.5813935058396","8.06655647539145","8.52582072031223","6.50561490957785","7.31408380022955","7.04504143403456","7.41703631822189","",
"Andorra","AND","Interest payments (% of revenue)","GC.XPN.INTP.RV.ZS","","","","","","","","","","","","","","","","","","","","","","","","","","","","","","","","","","","","","","","","","","","","","","","","","","","","","","","","","","","1.56387750571741","1.49186801658718","1.67484349981924","2.2353294714284","2.24231505510196","1.7431550770274","1.50904550353117","",
"Arab World","ARB","Interest payments (% of revenue)","GC.XPN.INTP.RV.ZS","","","","","","","","","","","","","","","","","","","","","","","","","","","","","","","","","","","","","","","","","","","","","","","","","","","","","","","","","","","","","","","","","","",
"United Arab Emirates","ARE","Interest payments (% of revenue)","GC.XPN.INTP.RV.ZS","","","","","","","","","","","","","","","","","","","","","","","","","","","","","","","","","","","","","","","","","","","","","","","","","","","","","","","","","","","","0.00201529963006026","0.079158266303592","0.340713650725389","1.1786818753689","1.92498132600234","3.0388427510985","",
"Argentina","ARG","Interest payments (% of revenue)","GC.XPN.INTP.RV.ZS","","","","","","","","","","","","","","","","","","","","","","","","","","","","","","","8.6027963627729","11.0944928684628","9.41988890725265","7.1963417639284","8.34171773529681","11.2816814626316","13.0403543473483","14.3902665598787","16.1473797348001","20.6435274689866","23.869228879243","27.4718595774682","47.910030671362","34.5801986688026","26.4570519590906","","","","","","","","","","8.53190556024392","8.32315211040757","13.9565149181762","11.8066620522456","16.4774283123674","19.542362717226","11.0831741282416","7.83661389642186","9.47430226617865","8.59771414459103","8.46208377895978","",
"Armenia","ARM","Interest payments (% of revenue)","GC.XPN.INTP.RV.ZS","","","","","","","","","","","","","","","","","","","","","","","","","","","","","","","","","","","","","","","","","","","","","2.72487859093953","2.21647093331521","1.66804500790412","1.42552786757455","1.32975357936331","2.25360826288472","3.7342493080084","3.85230039219443","4.12125014643915","4.29458210221029","5.10923618039565","6.18523035436581","8.24198882048674","9.60777563027228","10.1820168168123","9.96461886338451","10.6452559067568","10.9441131132779","9.85904112142016","11.1089311863769","12.6007315081548","",
"American Samoa","ASM","Interest payments (% of revenue)","GC.XPN.INTP.RV.ZS","","","","","","","","","","","","","","","","","","","","","","","","","","","","","","","","","","","","","","","","","","","","","","","","","","","","","","","","","","","","","","","","","","",
"Antigua and Barbuda","ATG","Interest payments (% of revenue)","GC.XPN.INTP.RV.ZS","","","","","","","","","","","","","","","","","","","","","","","","","","","","","","","","","","","","","","","","","","","","","","","","","","","","","","","","","","","","","","","","","","",
"Australia","AUS","Interest payments (% of revenue)","GC.XPN.INTP.RV.ZS","","","","","","","","","","","","","6.74590073731705","6.93426890929729","5.78633803966376","5.63326551373347","5.13869699224147","6.40926990449464","6.85582125304589","7.50568612585292","7.28730366492147","7.13492504164353","6.89235032729705","7.36396930589466","8.56445176788231","9.57272188848464","10.6530452340054","10.6290961997944","9.20361218330267","8.20199668317756","7.44771228609572","6.15911035072712","5.98108279658283","5.53680291313776","6.3958480045533","7.14498310485495","7.41534230806127","7.14301636956732","6.02312089892703","7.56154560297084","6.09310644148369","3.33481199279806","2.89421918601992","2.36519510404146","1.88680066505915","1.71231782152902","1.55104008305833","1.43675664782263","1.33666943614133","1.54593867948917","2.29974126269061","3.09609125060779","3.68647507251477","3.46491146553807","3.50905964683905","3.85096907733802","3.91562689998135","3.80461669991451","3.70461492270932","3.49325109953996","3.48613515816088","3.20656117385791","3.08204640033961","","","",
"Austria","AUT","Interest payments (% of revenue)","GC.XPN.INTP.RV.ZS","","","","","","","","","","","","","2.16889386412929","2.05738705738706","1.99989446467205","2.45267409606307","3.55977062196736","4.01747068544896","4.59984138477983","4.86216012084591","5.0896305262551","5.39664278617371","6.40390371506905","6.48884206493632","7.39217016434338","8.07149458119801","8.58377726404664","9.57683741648105","9.54637657744988","9.96692543656709","10.2828131714227","10.7564334318005","10.5124099279424","10.7036695366954","10.2083206060236","8.97238806672544","8.75932643002993","8.11220028352392","7.9450078303863","7.62297705835313","7.89154158457501","7.41426694875008","7.46183109177823","7.06795673117799","6.84235871232243","7.26897120221095","7.03437028288792","6.82971333034533","6.23126336670489","6.82961983301539","6.42349837638844","6.16704513515137","5.993224377203","5.61854589099067","5.26153220387811","4.99839552172285","4.57745173945013","4.1179415960588","3.59812234792041","3.16986622290645","3.08426089791633","2.492931518597","2.15569416078849","2.62016235170767","3.08352908996582","",
"Azerbaijan","AZE","Interest payments (% of revenue)","GC.XPN.INTP.RV.ZS","","","","","","","","","","","","","","","","","","","","","","","","","","","","","","","","","","","0.208461884828978","0.304909009006663","2.50738230389082","2.96415824774951","1.95327811687089","2.42106023007113","","","","","","","","","0.165248327302864","0.540618517042879","0.198602242445573","0.715783964919833","0.398993227731356","0.65719791228003","0.357620675741681","1.13633309502948","2.91037136736744","2.0071661343407","2.43715735591677","1.75137533176258","2.21126527667123","1.76324564327867","1.19806414724053","1.71546099910662","","",
"Burundi","BDI","Interest payments (% of revenue)","GC.XPN.INTP.RV.ZS","","","","","","","","","","","","","","","","","","","","","","","","","","","","","","","","7.43328241531135","9.53761485922068","7.60848638866428","8.23684264648417","7.8093157131752","10.4076874160955","14.6248011952383","11.5753061714601","14.9631587106847","","","","","","","","","","","2.46323640830298","3.03949765896276","3.58620987710173","2.98539912946695","3.77331145234813","2.35065145068857","7.21898462416466","6.49930920607394","","4.97138808636635","2.73974877082625","2.35965509741586","","","","",
"Belgium","BEL","Interest payments (% of revenue)","GC.XPN.INTP.RV.ZS","","","","","","","","","","","","","","","","","","","","","","","","","","","","","","","","","","","","19.684074701954","18.6097874123827","16.7560399129333","15.9387319226229","14.8683994316479","14.4373604946507","14.0021991912594","12.8221189679506","11.9227000734857","10.7049016980595","9.83040490867834","9.37428224562785","9.03375279640013","8.67051822406119","8.72831889432234","8.04041353383459","7.87890738016487","7.68807045871201","7.11534369708403","6.98614788452464","6.59931659134092","6.42310251282992","5.54181713848729","4.88758193488278","4.73353844242441","4.73452806027069","3.92717142468875","3.41746566567103","3.97400991093013","4.51236187590081","",
"Benin","BEN","Interest payments (% of revenue)","GC.XPN.INTP.RV.ZS","","","","","","","","","","","","","","","","","","0.347635601695319","0.920681718261049","0.825551495466234","","","","","","","","","","","","","","","","","","","","","","","","","","","","","","","","","","","","","","","","","","","","","","",
"Burkina Faso","BFA","Interest payments (% of revenue)","GC.XPN.INTP.RV.ZS","","","","","","","","","","","","","","","","","","","","","","","","","","","","","","","","","","","","","","","","","","","4.78566037233178","3.85649831475357","4.08555274063908","3.64698977800722","3.05640897254688","1.98750807107292","2.01242650950966","2.186718845695","2.42601439675808","2.70140833350839","3.27550630426777","2.41083204456067","3.33130713138767","3.42432602558419","4.62956398440269","4.47159471999323","5.72042616897292","6.0834357492822","6.91097872644696","8.37106278815743","8.63060550645225","10.117585765234","","",
"Bangladesh","BGD","Interest payments (% of revenue)","GC.XPN.INTP.RV.ZS","","","","","","","","","","","","","","","","","","","","","","","","","","","","","","","","","","","","","","","","","","15.4626071936564","16.4785728013157","16.6804482900718","16.3730990032412","16.8940701207379","19.0837377205315","20.6950970771191","21.810102094877","21.7286330247423","18.305351091756","15.8622555734813","16.744483390165","17.1762291283182","18.4370651150336","20.4265885640651","18.4590815688377","18.7004546302975","18.0722402064144","19.0400358921353","21.0903642354009","20.8277384040526","","","","",
"Bulgaria","BGR","Interest payments (% of revenue)","GC.XPN.INTP.RV.ZS","","","","","","","","","","","","","","","","","","","","","","","","","","","","","","","10.9094234374286","17.5768397399888","19.3441389210207","29.2556712196883","37.2893018534605","43.6267605633803","64.9525616698292","22.831904294524","11.5523028268851","9.80986559079865","11.1291130291337","11.2784998372066","6.4767563788885","5.94288192756669","4.91576679472537","4.39449341340566","3.75934082790963","3.11123335802918","2.26402201765208","2.19232409381663","2.22291282825368","2.32651644686722","2.49591401423862","2.25061145725035","2.47530571753232","2.64863407440941","2.59567611548725","2.35860196008974","1.81354943511323","1.47954217589571","1.49985098350884","1.32773869899373","1.00156799662028","1.33573211469445","1.4413880432147","",
"Bahrain","BHR","Interest payments (% of revenue)","GC.XPN.INTP.RV.ZS","","","","","","","","","","","","","","","","","","","","","","","","","","","","","","","3.89241198338071","1.80064308681672","2.68932874354561","3.07960488088321","3.68150684931507","4.10082016403281","3.4936797752809","3.32302936630603","5.00311397135146","4.95759947814742","4.71444234027709","5.54898376169481","3.68999897214513","4.53294182418792","3.57448796822677","3.71724302979538","4.00480554921339","3.23562770333191","2.00212873228391","2.93036218222696","4.16249161158658","4.06180432295173","4.95967102389092","6.53618901920789","7.35881974047496","13.194917121661","19.0727522284835","21.7717442615796","22.2888788363676","22.1965712704672","31.9422121469037","","","","","",
"Bahamas, The","BHS","Interest payments (% of revenue)","GC.XPN.INTP.RV.ZS","","","","","","","","","","","","","","","","","","","","","","","","","","","","","","","12.4021673690548","14.8563276951294","13.3208606173994","14.5061147695202","12.9821106187428","12.2974405573224","12.7460988770599","12.9066413974951","13.033605872641","11.0042152129822","9.83822416852601","10.9516041326808","11.0745090263445","11.8743757629564","12.0641041523067","10.9748933485522","9.1039368861184","9.51757254972989","10.0177223057476","11.714871261979","14.4222181922766","13.8914746035992","12.5926466466037","14.8216996750907","14.5442563817533","13.9443010644557","13.8230032358439","12.9334306789354","15.3680168746622","13.5384600166593","16.5154610172241","22.1411229128413","21.1760213775265","20.0709587568738","19.9786058030221","",
"Bosnia and Herzegovina","BIH","Interest payments (% of revenue)","GC.XPN.INTP.RV.ZS","","","","","","","","","","","","","","","","","","","","","","","","","","","","","","","","","","","","","","","","","","","","","","1.47696312449443","1.36383057054086","1.19636342862629","1.18064155322735","1.20272089267393","1.1062948110557","1.40267944972627","1.74140778067451","1.73253256771841","1.97495191305621","2.16273138418052","2.02430041300093","1.71680726271015","1.72198688310898","1.62614804078784","1.80680613699491","1.51220444054424","1.47421825812242","2.01260988789197","2.38061973673101","",
"Belarus","BLR","Interest payments (% of revenue)","GC.XPN.INTP.RV.ZS","","","","","","","","","","","","","","","","","","","","","","","","","","","","","","","","","2.03389830508475","2.05607476635514","0.660266127673909","0.793620313168666","2.094505423212","2.03234351802542","2.48896508902058","2.22424279743267","2.87505057676599","2.49229592640079","2.04412952091971","1.71126313164459","1.48639923163248","1.02827123709673","0.906855391161801","0.925231948303004","1.37327302795119","2.06936836510638","1.75481587290663","2.97158312012748","3.77856451146353","2.82362071471584","3.11598379564113","4.80807704411736","5.69444863929591","5.38393529877477","5.17258744119016","4.95858653103866","5.18280167516257","4.77840242256855","3.26481540545399","4.86532605278622","4.15347054806571","",
"Belize","BLZ","Interest payments (% of revenue)","GC.XPN.INTP.RV.ZS","","","","","","","","","","","","","","","","","","","","","","","","","","","","","","","4.94821479077159","4.77507399026989","5.0546610539","7.07744568982924","8.41841972635469","9.85366638695067","9.7754767451894","8.23129091111433","7.66753742276975","8.60384431328761","11.4653422753646","14.0934412444818","15.3587004841946","18.1548303285842","37.3954109459422","27.8695240753967","27.4233487621254","15.2046559712065","13.6016522291538","13.5459429342331","13.3488792198958","12.3730758079018","7.0817662846618","8.89164852260031","9.09314144624148","8.55303384870438","8.26430740147739","9.43943774137489","","","","","","","","",
"Bermuda","BMU","Interest payments (% of revenue)","GC.XPN.INTP.RV.ZS","","","","","","","","","","","","","","","","","","","","","","","","","","","","","","","","","","","","","","","","","","","","","","","","","","","","","","","","","","","","","","","","","","",
"Bolivia","BOL","Interest payments (% of revenue)","GC.XPN.INTP.RV.ZS","","","","","","","","","","","","","","","","","","","","","","","","","","","5.02368732727991","8.71929973655137","6.89607229753215","7.16127184187912","6.40580347329083","6.52818045687705","8.26751195177718","8.660115006635","11.4537196907139","12.5461190993414","9.94401103858197","8.99224019881321","8.63693047699639","6.5362744485409","8.72688429160828","10.5441120096209","10.658064030029","11.090004078897","10.4305083549901","9.99797326132831","7.86639839091657","7.99476167969904","","","","","","","","","","","","","","","","","","",
"Brazil","BRA","Interest payments (% of revenue)","GC.XPN.INTP.RV.ZS","","","","","","","","","","","","","","","","","","","","","","","","","","","","","","","","","","","","","","","","","","","","","","","","","","","27.1963204893452","29.1888284841446","26.1005564650334","26.993689872671","30.6620941665972","45.2436436734703","36.9749150420888","35.9278832277243","34.0540756166009","27.3874073489711","25.486547315142","27.0987532818901","28.8867766914126","30.8390881041646","30.0945783300769","",
"Barbados","BRB","Interest payments (% of revenue)","GC.XPN.INTP.RV.ZS","","","","","","","","","","","","","","","","","","","","","","","","","","","","","","","","","","","","","","","","","","","","15.0097401886751","13.7166801292407","13.8011280535625","14.6075868289431","15.3538150244828","15.0556055083477","16.9965532116235","20.2662763789662","20.2909929457357","23.2818183407168","25.8453250475489","26.9036626926499","26.1654535467045","25.6330743491592","","","","","","","","","",
"Brunei Darussalam","BRN","Interest payments (% of revenue)","GC.XPN.INTP.RV.ZS","","","","","","","","","","","","","","","","","","","","","","","","","","","","","","","","","","","","","","","","","","","","","","","","","","","","","","","","","","","","","","","","","","",
"Bhutan","BTN","Interest payments (% of revenue)","GC.XPN.INTP.RV.ZS","","","","","","","","","","","","","","","","","","","","","","","","","0.127145581691036","","","","0.0397388589270508","1.14342530449913","2.91707868342986","1.93164073795616","3.14017310534093","2.32792389479575","7.21502633583993","5.58859836157558","4.65954696959391","4.39670573881215","2.11061075747566","1.23368260844114","1.02976297475668","0.90353613616127","1.31657621939464","2.40739373368042","2.12374765908462","3.88389887131885","2.84010173072752","2.75627399686714","9.40608893634145","8.40682176412187","6.53087674119465","6.43483061712557","5.75087901162003","8.63185857793323","5.58573790022866","5.75592351454246","5.00174619607642","4.67268019590186","4.03587795730617","3.43867185187086","1.51596119346737","","","","","",
"Botswana","BWA","Interest payments (% of revenue)","GC.XPN.INTP.RV.ZS","","","","","","","","","","","","","","","","","","","","","","","","","","","","","","","1.41423369995648","1.50713842333954","1.48917066333793","1.49287706053076","1.9175346631266","1.69560549405798","1.25015387561379","","","","","","","","","","0.860668348146778","0.870662283683668","0.929479438134161","1.23605006768161","1.64435518876132","1.52832721945124","1.61567688144988","1.40638404437252","1.25655789093106","1.7027696395195","1.53116489095053","1.75655829604472","2.04191914569203","2.21967434011338","2.40747477920722","1.70232678290708","2.18057642885417","2.18057642885417","3.42834998133724","",
"Central African Republic","CAF","Interest payments (% of revenue)","GC.XPN.INTP.RV.ZS","","","","","","","","","","","","","","","","","","","","","","","","","","","","","","","","","","","","","","","","","","","","","7.97672239020521","","","","8.44781650396012","7.84505327827163","5.95005799426484","5.56861663989044","2.94080633867845","","1.21385902407599","5.08892378308416","0.688369241293243","1.3253701360503","1.34851085661626","2.70833799366233","1.32276787247527","4.21186914539276","","","","",
"Canada","CAN","Interest payments (% of revenue)","GC.XPN.INTP.RV.ZS","","","","","","","","","","","","","","","","","","","","","","","","","","","","","","","30.7104860453254","28.727295485522","26.7728719145873","26.6940215774815","26.6558966074313","28.7535340815092","26.8283799105858","23.3247113410309","22.6823042145515","21.1332709338325","19.7103027004143","18.2140142353673","16.0236978694372","14.8024849275229","13.4882384858447","12.2766219721548","11.693549836616","10.7875827260842","10.4609366199347","9.95737125111424","10.0201252869979","9.58782641617211","8.76952642504002","8.43684884159499","7.42400508791972","6.68485828504694","6.21311967896723","5.72580311309819","5.93567835808138","6.0895032470748","5.51828035314345","4.97666661384632","5.79267225578024","7.38985563444321","8.3629853130122","",
"Central Europe and the Baltics","CEB","Interest payments (% of revenue)","GC.XPN.INTP.RV.ZS","","","","","","","","","","","","","","","","","","","","","","","","","","","","","","","","","","2.98811544991511","3.57432981316004","5.49044644078617","4.76187020484847","6.14900975053792","6.52509315337752","7.50434706827076","8.38400676167445","8.782783730981","5.07837945070726","4.54176967058108","4.66373806010258","3.89164744133383","3.27147804744859","2.96092542056573","2.59053034136215","4.34121948204099","5.3825528860364","5.62869010734045","5.38893416644028","5.81611833643691","5.43222815708512","4.69215959805338","4.69641585196897","4.0202369699117","3.57577642542412","3.44160035330711","3.3377802369548","2.83511674514534","2.69872629068166","2.86270517301671","2.86033162015621","",
"Switzerland","CHE","Interest payments (% of revenue)","GC.XPN.INTP.RV.ZS","","","","","","","","","","","","","1.77376171352075","1.65929203539823","1.75290135396518","2.17950193776141","2.01252236135957","2.70306752606891","2.50642469621498","2.48201550870418","2.54756809901105","2.79279766410728","2.56007578023731","2.38134848016731","2.14620472165039","","","","","","3.34624197981386","3.56355350402118","4.29299398497683","4.1694323126331","5.01708247439173","4.77430442533372","4.26651231372066","4.44306851322517","4.51596119101243","4.78205510149277","4.19248980749397","4.15544653524376","4.09007620052526","3.62064239217438","3.65195864605276","3.98562203205677","4.25909179333371","3.75452533867685","3.26001086886333","2.92004728391258","2.69451656383012","2.40945375557367","2.17022673506046","1.88113672550487","1.7547393330073","1.61942583484754","1.43026130171159","1.15787864182328","0.942716852775934","0.843353509253962","0.752676719121318","0.590221176255857","0.676569274072201","0.950426380119413","0.896177243628368","",
"Channel Islands","CHI","Interest payments (% of revenue)","GC.XPN.INTP.RV.ZS","","","","","","","","","","","","","","","","","","","","","","","","","","","","","","","","","","","","","","","","","","","","","","","","","","","","","","","","","","","","","","","","","","",
"Chile","CHL","Interest payments (% of revenue)","GC.XPN.INTP.RV.ZS","","","","","","","","","","","","","","","2.72373540856031","9.96758508914101","8.09583858764187","9.63760798833165","5.25906231761883","3.27219427167928","2.38062052239846","1.26984126984127","1.7920173771382","4.52871527130337","4.84093289959751","6.81726773025875","6.01642732930124","8.17032880591536","10.4998671575511","8.11659614480489","9.42844982055311","9.77647265404632","6.20923220472237","5.50314805859695","4.39006417528617","3.3558498834629","2.50772613587421","1.91945331439058","3.02594688148299","1.56145504688505","5.64591001311174","5.51221944504894","5.54916109837335","5.54529069701538","4.37162813496266","3.53083126944815","2.68680524400578","2.2151275073912","1.92152684179875","2.7804160397472","2.09686987144713","2.42250677041788","2.74299065207382","2.7995664990463","2.63785670432936","3.11541843582078","3.64143238362122","3.71807139372882","4.12061874313739","4.12053472244623","4.54244663674644","3.54372318434982","3.81839448820788","4.62593321269895","5.22421457104458","",
"China","CHN","Interest payments (% of revenue)","GC.XPN.INTP.RV.ZS","","","","","","","","","","","","","","","","","","","","","","","","","","","","","","","","","","","","","","","","","","","","","","4.34870323920915","4.35064201201436","2.19738712829215","3.43066332280543","3.24870806618044","3.25995431737838","3.31877780221327","3.43446314687576","3.5640025905739","2.55756756730206","3.23796955299514","2.92095458128791","3.40209957331909","2.76221448223877","2.90342194803221","3.91615191754211","3.4419404251668","","","","",
"Cote d'Ivoire","CIV","Interest payments (% of revenue)","GC.XPN.INTP.RV.ZS","","","","","","","","","","","","","","","","","","","","","","","","","","","","","","","","","","","","30.1502240182729","","","","","","20.5713349655741","19.7671999749068","16.8678427731353","13.2862140358392","12.2205354678443","8.83136708759056","9.67291351414271","9.05015647466802","7.80661219079225","9.25663059218047","14.3261326955999","10.0141879952363","8.02864127753106","4.80665873338642","8.321598320938","9.84588005505329","9.70179628760793","10.4969074239999","11.557699922265","14.4709512967797","14.8113398704174","17.4439105528207","18.0465156613231","","",
"Cameroon","CMR","Interest payments (% of revenue)","GC.XPN.INTP.RV.ZS","","","","","","","","","","","","","","","","","","","","","","","","","","","","","","","7.9635283784349","8.48873962860529","7.9449900183501","12.9156067300397","27.8172852322865","22.9619413277668","","","19.5057461933643","19.1593848707721","","","","","","","","","","","","","2.05048470971156","2.16129574815389","2.32238144779676","2.36156626913071","4.88644416697601","5.53382310848202","4.97558086776796","6.4612417661634","6.3241036705055","6.82374829265213","","","","",
"Congo, Dem. Rep.","COD","Interest payments (% of revenue)","GC.XPN.INTP.RV.ZS","","","","","","","","","","","","","","","","","","","","","","","","","","","","","","","12.409650074252","8.55607205113304","67.8571428571429","27.5279701683735","20.5027305621407","0.990566037735849","6.43166751657318","0.198196412644931","4.59290636970605","11.402157164869","","","1.55601405860784","1.54428906222082","7.27968649773655","8.76719529407184","9.29904928075246","2.25731663418492","1.93598704725693","2.01339157779018","1.27665522497181","","2.01529394883856","1.23606788118208","1.26218593947646","0.961714058457864","0.772729954465031","1.34251472638719","0.977224206783608","0.776761661188434","0.447735340156219","0.557011168639761","0.514036894677786","","","",
"Congo, Rep.","COG","Interest payments (% of revenue)","GC.XPN.INTP.RV.ZS","","","","","","","","","","","","","","","","","","","","","","","","","","","","","","","","","","","","","","","","","","24.1155005552911","27.6731517509728","19.20130399348","3.89145755708844","6.63375458185735","10.9051475784095","6.91438027354846","6.84277779810799","3.52331267867249","1.54806951839068","0.370612570688906","0.436337418070954","0.573316292649683","0.52969302177381","1.87440976033079","2.5793562755815","8.19814908256644","8.79814561837149","12.1382263589314","8.50885020133859","9.04946853718006","","","","",
"Colombia","COL","Interest payments (% of revenue)","GC.XPN.INTP.RV.ZS","","","","","","","","","","","","","","","","","","","","","","","","","","","","","","","","","","","","","","","16.703008292019","19.0330759617664","20.6243081060819","","","20.6126610950471","","","","","13.9028976618156","14.8551700457189","12.5746423933242","10.8800985527234","9.50067858155508","8.3416364662228","8.27732141069941","8.86641733707862","11.2733677695796","11.1982643477404","10.9583076355613","10.8755067433855","11.8624200372273","13.0049373856116","15.4743411391649","13.8203285626718","13.9043904178079","",
"Comoros","COM","Interest payments (% of revenue)","GC.XPN.INTP.RV.ZS","","","","","","","","","","","","","","","","","","","","","","","","","","","","","","","","","","","","","","","","","","","","","","","","","","","","","","","","","","","","","","","","","","",
"Cabo Verde","CPV","Interest payments (% of revenue)","GC.XPN.INTP.RV.ZS","","","","","","","","","","","","","","","","","","","","","","","","","","","","","","","","","","","","","","","","","","","","","","7.20076655593228","6.31432301799334","5.72893420943114","4.96211656521539","5.16108808790038","5.80186459988025","6.37092447038506","8.36299569344958","9.31758946503861","10.3765753230958","10.2042070484711","10.3558556971011","9.61065904481225","9.46875721619481","9.15316255429269","10.8744048533627","","","","","",
"Costa Rica","CRI","Interest payments (% of revenue)","GC.XPN.INTP.RV.ZS","","","","","","","","","","","","","","8.64197530864197","6.93877551020408","6.6006600660066","6.3013698630137","7.28929384965831","7.82608695652174","9.81012658227848","12.1951219512195","8.93032384690873","9.39518496770405","8.75133404482391","9.67564595931831","8.94903682028773","10.6854838709677","9.23230593607306","9.80392156862745","10.3017489909668","13.4299917149959","17.0440561161703","14.6967409643904","12.0587282737774","16.2052791317944","21.3593823116518","22.647543751614","18.5269094109593","15.6948368867198","18.1873546672572","17.0872127455073","17.7750816457116","19.0120105657954","18.8995821197923","18.3428786274032","18.0251537696829","15.9316678939722","12.5541493005144","8.6370481895155","8.79654751122961","9.03662601554941","9.04442034005116","8.59105118911096","10.5691895407658","10.8192474730941","11.0393796221737","11.0263284192798","11.0172885301658","13.4677837752809","14.1138984374852","16.4638449284895","16.0641742418659","15.2927261286011","15.8726448263341","","",
"Caribbean small states","CSS","Interest payments (% of revenue)","GC.XPN.INTP.RV.ZS","","","","","","","","","","","","","","","","","1.85857722708823","1.47141117219132","2.54678084364098","3.05193386262656","1.97407097991893","2.50395800349971","","","","","","","","","","","","","","","","","","","","15.950168692765","16.4446962612038","14.2137185224182","10.9531623525325","8.23437930308283","6.08588658763176","6.47133458533906","5.0287339277271","8.41324137798408","7.07338885473143","6.09680355973013","5.62615411727747","5.0043563396769","5.02435264757608","5.59255843608749","10.2500604378749","8.0705638068762","10.0120685291663","13.1536550634556","","","","","","",
"Cuba","CUB","Interest payments (% of revenue)","GC.XPN.INTP.RV.ZS","","","","","","","","","","","","","","","","","","","","","","","","","","","","","","","","","","","","","","","","","","","","","","","","","","","","","","","","","","","","","","","","","","",
"Curacao","CUW","Interest payments (% of revenue)","GC.XPN.INTP.RV.ZS","","","","","","","","","","","","","","","","","","","","","","","","","","","","","","","","","","","","","","","","","","","","","","","","","","","","","","","","","","","","","","","","","","",
"Cayman Islands","CYM","Interest payments (% of revenue)","GC.XPN.INTP.RV.ZS","","","","","","","","","","","","","","","","","","","","","","","","","","","","","","","","","","","","","","","","","","","","","","","","","","","","","","","","","","","","","","","","","","",
"Cyprus","CYP","Interest payments (% of revenue)","GC.XPN.INTP.RV.ZS","","","","","","","","","","","","","4.25978987583572","4.46028850936827","3.99214659685863","4.4447770128704","5.24777636594664","6.16566716641675","6.71608860647782","8.19300043930297","8.4605194954789","10.3188662533215","11.7213212260597","14.5326681909513","15.2439910483332","14.9335658954497","14.7162288930582","15.7341670466141","15.583470210542","15.4725754412602","16.0648904410522","17.874842966992","16.3927488991822","16.41601355645","16.21505865077","5.95415302173266","7.19522240527183","7.55614161272277","9.20045769863406","9.09641187745906","9.41939557443389","9.17834212783655","8.61280104580421","8.71188823477726","8.06396183314129","7.90267049610218","7.3950319467988","6.49689219412467","6.30092555968673","5.72627088517597","4.75246449230101","5.32703615495365","8.52412295582547","8.21099740600325","7.86968799504098","7.61383531617475","6.73141280443661","6.249921023036","5.89074411860998","5.39966353205073","5.17528058750173","4.19429528548204","3.26446209486234","2.86833088595203","2.80593785346457","",
"Czechia","CZE","Interest payments (% of revenue)","GC.XPN.INTP.RV.ZS","","","","","","","","","","","","","","","","","","","","","","","","","","","","","","","","","","4.6090768075537","3.53204929359014","2.56722864114401","2.90871093676565","2.7552080684188","2.84364920168073","2.34715043305978","2.0181292932839","2.56222580507341","3.34693279261232","2.66317110604694","2.82053490025771","2.81712537608788","2.69858873501395","2.71415344766733","2.64608813419506","3.34845610430614","3.57782219090307","3.54071859899334","3.7103132606625","3.453902936816","3.39840738655954","2.76839937671492","2.37882814459673","1.92845908737032","1.88733702877312","1.79337146730144","1.95803150819252","1.98134992760279","2.95765461223435","3.43067938167049","3.47687049782886","",
"Germany","DEU","Interest payments (% of revenue)","GC.XPN.INTP.RV.ZS","","","","","","","","","","","","","1.46479684948612","1.46123999009328","1.80135197418959","2.06967288179053","2.42199649273732","2.73028213927779","2.82633371169127","3.06657486361951","3.31696774648219","4.03516931322392","4.68954894573611","5.48455696202531","5.36432637571158","5.36097728215957","5.35096713647661","5.33863194385727","5.4040262711725","4.95890369335015","4.97062681800035","5.59365943619918","6.77507684593107","6.75461429698427","7.0354441326517","7.69004522538296","7.66982220878789","7.54954075968105","7.57823300238783","6.91227415950751","6.92865419429","6.6237308124643","6.50774216341995","5.97429914123967","5.98463331423708","5.84786279881413","5.69998954849498","5.73031994729325","5.71539017508232","5.4164587032355","5.07359921157608","5.27398957655871","4.71991561615138","3.45772577435928","3.07570194322783","2.66365124026745","2.22569671916529","1.8827682952478","1.69301686936053","1.4360093895827","1.04773577927648","0.968275088782061","1.45773373315771","2.04817590091326","2.47958940598133","",
"Djibouti","DJI","Interest payments (% of revenue)","GC.XPN.INTP.RV.ZS","","","","","","","","","","","","","","","","","","","","","","","","","","","","","","","","","","","","","","","","","","","","","","","","","","","","","","","","","","","","","","","","","","",
"Dominica","DMA","Interest payments (% of revenue)","GC.XPN.INTP.RV.ZS","","","","","","","","","","","","","","","","","","","","","","","","","","","","","","","","","","","","","","","","","","","","","","","","","","","","","","","","","","","","","","","","","","",
"Denmark","DNK","Interest payments (% of revenue)","GC.XPN.INTP.RV.ZS","","","","","","","","","","","","","1.25074671445639","1.37110114428964","1.3959296534705","1.65071165885292","2.05723217506312","3.40010686673282","3.70866259690648","6.56329860428543","7.43690426011787","10.5203100523956","12.9477097835831","15.1692057942058","18.597330252511","19.057420287201","16.3557042715856","15.815544766713","15.1353398432271","14.7810450067117","15.4938118384134","15.4012522405895","13.442296900034","14.5210004589513","14.01532890612","14.5832595015214","13.9362402626268","12.7548488506556","11.3568614279053","10.2533785557527","9.39601861591916","8.11698077364509","7.5782540283694","6.70957293297719","5.72259008315368","4.21620653366472","3.63973634534275","2.98423901056953","2.59372630514757","3.82392687817879","3.92731577155659","3.86320093791999","3.50570591706113","3.44258095390429","2.82249117255485","2.9742144432543","2.56187956238623","1.81205776233889","1.93177920890176","1.64396179076592","1.11640295734431","1.00172958419483","1.61289210854626","1.24314069558927","1.44252048887747","",
"Dominican Republic","DOM","Interest payments (% of revenue)","GC.XPN.INTP.RV.ZS","","","","","","","","","","","","","0.717978173463527","1.13989637305699","1.30234421959527","0.891421890983487","1.53970826580227","1.25130344108446","1.82567726737338","7.86992758573576","6.85061845861085","7.5602072960065","8.47788907891522","9.85501368751901","6.26534653465347","3.07934105594039","0.931410596838106","0.746511931151389","0.502596400492169","5.5892222982439","3.84468090926498","6.71526437580602","3.50866748569851","7.78661475273617","5.78607622530374","5.77563808650466","3.78360140274303","3.04732343014805","3.189550946737","3.87740552843685","4.49228565111005","4.83487176803834","6.5677882918005","9.34967399819422","11.6652493327922","7.62786651428447","8.37410036548079","6.83026528106643","9.68793288014753","12.8844148270936","12.5108609565383","14.0973812069034","16.1692277115949","14.8632879823235","15.8060046516725","13.2533558577506","17.093918300069","17.1365975374985","17.0444285630911","17.6008708853272","21.8657754610712","18.8829186956199","17.4292108884562","18.5691424899237","19.3489049217353","",
"Algeria","DZA","Interest payments (% of revenue)","GC.XPN.INTP.RV.ZS","","","","","","","","","","","","","","","","","","","","","","","","","","","","","","","","","","","","","","","","","","","","","","","","","","","","","","","","","","","","","","","","","","",
"East Asia & Pacific (excluding high income)","EAP","Interest payments (% of revenue)","GC.XPN.INTP.RV.ZS","","","","","","","","","","","","","","","","","","","","","","","","","","","","","","","","","","","","","9.31139228903453","10.3318900072279","14.5276625328658","14.448263355263","","","11.5776995473813","8.61009819480718","","","5.75208742093691","","4.79922300435866","4.51548044849801","3.28756900598327","3.26668821637287","3.47773122101645","5.14738455081451","6.03031348580595","5.50497046731195","7.59522767740611","8.59447390010504","10.4884433779318","8.22300376122929","8.68690332759061","6.3896779659607","9.30249531669762","","","",
"Early-demographic dividend","EAR","Interest payments (% of revenue)","GC.XPN.INTP.RV.ZS","","","","","","","","","","","","","","","","","","","","","","","","","","","","","","","","","","","","","","","","","","","12.5522450971249","11.090004078897","10.8901870227751","","8.15866183093658","7.99476167969904","7.69594085810222","6.99992309278406","6.18720987028796","5.52487649281434","5.63740633604073","6.53928232232888","6.75624697579165","6.19989561853186","7.1667524349086","8.59447390010504","10.619083040879","10.4372109763331","10.8564162323226","7.98466903332311","11.5160188946033","","","",
"East Asia & Pacific","EAS","Interest payments (% of revenue)","GC.XPN.INTP.RV.ZS","","","","","","","","","","","","","","","","","","","","","","","","","","","","","","","","","","","","","","","","","","","4.97093375513633","4.46525528439903","","","4.10102158152193","2.8099251346224","4.05939281099322","3.28173801859462","3.28756900598327","3.26668821637287","3.68647507251477","5.05784761289423","5.26323835189981","4.6762151891917","4.33274674039728","4.5365336681058","4.96494921656057","4.33073544872365","3.91615191754211","3.4419404251668","3.87712669192526","","","",
"Europe & Central Asia (excluding high income)","ECA","Interest payments (% of revenue)","GC.XPN.INTP.RV.ZS","","","","","","","","","","","","","","","","","","","","","","","","","","","","","","","","","","","","","","","","","","","","","","","","","1.41006225965085","2.16148831399555","2.48038510831171","2.97158312012748","3.45432033499812","3.04249040244444","3.02389717962873","4.32592739964189","4.99065298456253","4.7365156015177","4.76119501450771","4.66280679918396","4.86736352027077","4.77840242256855","3.8184591816675","5.05317503816833","5.50860370907199","",
"Europe & Central Asia","ECS","Interest payments (% of revenue)","GC.XPN.INTP.RV.ZS","","","","","","","","","","","","","","","","","","","","","","","","","","","","","","","","","","","8.11035996556368","9.51028263785679","9.81929970041668","10.2437287759295","9.59215752450774","8.08137653530678","7.86521434328583","6.90251457249009","6.49295471283807","5.97429914123967","5.0920520364071","4.30534997353519","3.98065860154581","3.28915002178711","3.20139934100801","3.99743152326005","4.17552023313704","4.46245281543477","4.79749824705991","4.92700382954604","4.71909550402557","4.48033492970326","4.57745173945013","4.04769606257535","3.8441034029029","3.69837406708508","3.65061845429261","3.07679448440757","3.26446209486234","3.35596306548929","3.08352908996582","",
"Ecuador","ECU","Interest payments (% of revenue)","GC.XPN.INTP.RV.ZS","","","","","","","","","","","","","","","","","","","","","","","","","","","","","","","","","","","","","","","","","","","","","","","","","","","","","","2.59375623947176","2.91681097973447","3.80304316404473","6.73827719241109","6.44817701963034","7.07412756574973","8.38508866395688","10.1689497509994","3.94028403276262","4.66279917016394","","","",
"Egypt, Arab Rep.","EGY","Interest payments (% of revenue)","GC.XPN.INTP.RV.ZS","","","","","","","","","","","","","","","","3.71364653243848","4.12541254125412","5.1196607088761","7.83483324510323","10.5890442356177","","5.90396553908526","5.66037735849057","8.39089042374463","9.43854070789055","9.60362400906002","10.2997239384777","11.3682941531043","12.4775168302585","13.8222659745839","15.9952354617773","16.3847632847549","18.024817967388","23.4322396078637","24.7043812406344","20.457099010715","23.6788467787198","21.9089336848969","","","","","21.1293696468899","21.7613016242789","22.1977525551979","22.4232384374299","19.7871999381574","18.6561837177481","16.4592981937796","15.1640682237685","20.5023891270984","25.2846525842816","26.7728204319723","33.5278975911524","30.6852322625376","33.25445457568","","","","","","","","","","",
"Euro area","EMU","Interest payments (% of revenue)","GC.XPN.INTP.RV.ZS","","","","","","","","","","","","","","2.69913627639155","2.13982841928804","2.56166292539366","3.25281191572048","3.02984737989625","3.92472063672225","4.16748308700253","4.54575966166373","4.89000278473963","5.95220339371968","6.48884206493632","7.39217016434338","9.91611422104561","10.4180730078025","9.68474986704193","9.64248566484211","9.6546379903172","9.65317658281288","5.59365943619918","6.94268960378397","8.28952140156052","7.15628400883818","8.85283161335109","9.1501071263752","9.82431599576198","8.35515650330465","7.62297705835313","7.15048328657588","6.6237308124643","6.45770825877474","5.97429914123967","5.96297618151542","5.06160500008377","4.71543520710385","4.60224155222204","4.7396616696424","5.53247925162583","5.45843092392694","5.84283639143455","6.17154416107036","5.82562533841964","6.29252998855035","5.90152897480832","5.60875132194458","4.82987936727305","4.2790353809338","3.63952607160613","3.52932287985417","3.00949358457077","2.82733153465254","2.86384181613227","2.90898274836407","",
"Eritrea","ERI","Interest payments (% of revenue)","GC.XPN.INTP.RV.ZS","","","","","","","","","","","","","","","","","","","","","","","","","","","","","","","","","","","","","","","","","","","","","","","","","","","","","","","","","","","","","","","","","","",
"Spain","ESP","Interest payments (% of revenue)","GC.XPN.INTP.RV.ZS","","","","","","","","","","","","","2.39906377998829","2.69913627639155","2.13982841928804","1.85008734317929","1.6898209991985","1.77369736589118","1.92191966300587","2.07613543564294","1.01249285539316","1.00614327867266","1.65709368183001","4.51996659451536","6.92742838128081","10.9245650966667","11.4407722547763","9.79266231760281","9.73859475223435","9.0020236298774","9.65317658281288","10.6339964418567","11.0233489413359","13.5081640233447","14.6731769555403","11.3945935562106","11.9124591564582","10.8443318083577","9.78310329136963","8.08137653530678","7.44764975468673","6.9202841611966","7.23251069258225","6.58522845198209","5.94131904879376","4.73628321098409","4.201976375182","3.87104745990091","4.30115326031769","5.375018270265","5.38258718454245","6.67949715136648","8.08877179428768","10.1323323450468","10.7169079855502","8.94230217935569","8.40882878043386","7.94625719769674","7.40605919273329","6.8321451540072","6.42914345303597","5.94138552560565","6.44093611786415","6.35512639413042","6.53633128424614","",
"Estonia","EST","Interest payments (% of revenue)","GC.XPN.INTP.RV.ZS","","","","","","","","","","","","","","","","","","","","","","","","","","","","","","","","0.216169476869866","","","","1.15116901659825","1.54425890350229","0.812140612958682","0.994173926987012","0.74089643213704","0.516351118760757","0.422607359344318","0.50591473848672","0.455722763188092","0.451274185936763","0.367085555049436","0.278826355525051","0.210363929598205","0.243166336121411","0.231039155056804","0.211012318069508","0.223307980322034","0.305894169748436","0.321472284075325","0.385874011453504","0.330998875370617","0.294956248156523","0.220531102884044","0.168543468413901","0.142775009582215","0.209552082423819","0.193791860741849","0.298905511398114","0.9582402474652","1.41744245171091","",
"Ethiopia","ETH","Interest payments (% of revenue)","GC.XPN.INTP.RV.ZS","","","","","","","","","","","","","","","","","","","","","","","","","","","","","","","7.21003134796238","9.65753424657534","13.3243723713307","15.5289502956501","20.638412595708","12.9898695746461","12.2596944616235","10.4209622950637","9.82252008382815","10.3272794700895","","9.76925956700786","10.0910426731902","8.74948375550661","6.86471970459886","6.52499882854599","17.7906422892317","14.3839795508654","4.28962839878377","2.89807116379401","2.61286039053196","2.58756505223829","2.88934851971598","2.82906963683556","3.0107267564388","3.68542422150921","4.12609738010937","4.59660538983931","4.96155789432289","5.16530662612295","4.48992148221099","7.63586966162924","12.7921843780186","10.0247947838628","12.6217765676881","",
"European Union","EUU","Interest payments (% of revenue)","GC.XPN.INTP.RV.ZS","","","","","","","","","","","","","","","","2.56166292539366","3.15342790682013","","4.09164135341606","5.07261214903435","6.26326739318649","5.14332278545667","6.0479627129167","6.81034334807964","7.39217016434338","8.9076633454245","9.39537376082876","9.57683741648105","9.54637657744988","9.6546379903172","10.2828131714227","8.26065935457039","9.68575912932618","9.5746371842324","9.92404545017374","10.0481772089881","9.54088782272047","10.4940871016014","9.59019006473438","8.22442200008133","7.86521434328583","7.16727555497334","6.8701264280011","5.95859053440318","5.72259008315368","5.00683980136083","4.36927777213653","4.37328172242836","4.30115326031769","5.4164587032355","5.38258718454245","5.6700826183667","5.993224377203","5.81611833643691","5.43222815708512","4.99839552172285","4.69641585196897","4.04769606257535","3.8344097406437","3.44160035330711","3.3377802369548","2.92109045364879","2.95593677862342","2.86497845924783","2.90898274836407","",
"Fragile and conflict affected situations","FCS","Interest payments (% of revenue)","GC.XPN.INTP.RV.ZS","","","","","","","","","","","","","","","","","","","","","","","","","","","","","","","","","","","","","","","","","","","","","","","","","","","","","2.97125654348538","","","3.42432602558419","4.62956398440269","5.06521424916066","","6.2351917915358","","","","","","",
"Finland","FIN","Interest payments (% of revenue)","GC.XPN.INTP.RV.ZS","","","","","","","","","","","","","1.78388746803069","1.5325474115838","1.09764849917676","0.904432752157915","0.782918149466193","1.1086138538852","1.50678909836866","2.11627500655193","2.26490717283623","2.50416026625704","3.06259463474561","3.88817972938473","4.25048377660773","4.52281827055239","4.02228323724938","4.0838918399396","3.77131525804311","3.16069774621797","2.88129807750917","3.65493011146779","5.15993895318303","10.8518516281402","12.7414527454818","8.73327515997673","9.54088782272047","9.83969909998657","8.35515650330465","7.30488820292033","6.43745164714561","6.36502105546098","5.10723814143654","4.69183930450382","4.34133722472804","3.96787531806616","3.55879918742006","3.28915002178711","3.20139934100801","3.40502062961899","3.69576148362862","3.61815429529113","3.6922268907563","3.30753980942636","3.25464362031687","3.04386193867532","2.81658026113671","2.58857196915945","2.40081593362517","2.10561646900873","1.7199564152734","1.22108861706105","1.30450765516488","2.09459805209204","2.90898274836407","",
"Fiji","FJI","Interest payments (% of revenue)","GC.XPN.INTP.RV.ZS","","","","","","","","","","","","","","","","","","","","","","","","","","","","","","","12.7091603903091","13.4578450201858","11.5970264034863","11.0714562805493","10.5667128347184","12.3586008705819","11.4034968734316","","","","","","","","10.1205675748987","10.4713711127824","10.303662622897","15.2868258093292","11.7862060800081","13.5902096969133","14.6851934852324","14.8725966069959","14.2985337508914","13.1041438149132","10.5616725007985","10.3421669489048","9.80815045677115","9.17421462364799","9.94188513371395","11.2049999214041","18.7052540874527","17.7676672214982","17.2395484788782","16.4811286518258","13.8601085707298","",
"France","FRA","Interest payments (% of revenue)","GC.XPN.INTP.RV.ZS","","","","","","","","","","","","","1.37807070101857","1.15312416197372","1.2896174863388","2.16886134779241","1.84772220452373","2.01716738197425","2.19364599092284","2.30336482326718","2.09018945121409","3.20726877378272","3.2620320855615","4.28673920841802","4.38644289450739","4.71860159644336","4.79794373839783","4.5196877959453","4.40873233495043","4.69684368935884","5.21826955448321","5.42247773164413","6.14304974591212","6.79445490330311","7.15628400883818","6.93173590878327","7.09115733536449","7.08026877286959","6.92582822015234","6.41865390427984","6.37168830109715","6.32005440237948","6.45770825877474","6.25770444066974","6.12105136162951","6.03159599086464","5.65363817647918","5.78991407913552","6.07189222097442","5.64849980001616","5.67767781815841","6.01559016450241","5.70167004794171","4.96507490892419","4.71909550402557","4.40386086560216","4.16017852045268","3.85512484353243","3.8344097406437","3.32702591929021","2.83525264357387","3.07679448440757","4.15502068013923","3.80318305889165","4.23089307611782","",
"Faroe Islands","FRO","Interest payments (% of revenue)","GC.XPN.INTP.RV.ZS","","","","","","","","","","","","","","","","","","","","","","","","","","","","","","","","","","","","","","","","","","","","","","","","","","","","","","","","","","","","","","","","","","",
"Micronesia, Fed. Sts.","FSM","Interest payments (% of revenue)","GC.XPN.INTP.RV.ZS","","","","","","","","","","","","","","","","","","","","","","","","","","","","","","","","","","","","","","","","","","","","","","","","","0.872341322206061","0.615062988915307","0.579300348121008","0.621021678863674","0.47416898333775","0.731021475480428","0.691136061835551","0.714027878012247","0.510043985080767","0.359433913457211","0.286409825192131","0.293497693087253","0.380066458188493","","","","","",
"Gabon","GAB","Interest payments (% of revenue)","GC.XPN.INTP.RV.ZS","","","","","","","","","","","","","","","","","","","","","","","","","","","","","","","","","","","","","","","","","","","","","","","","","","","","","3.32697259480694","5.846910316568","4.80513927312777","10.0892321259696","13.3648270785408","14.3099213045689","14.3130745064115","11.7207303095894","19.2587407017866","18.9295722097471","","","","",
"United Kingdom","GBR","Interest payments (% of revenue)","GC.XPN.INTP.RV.ZS","","","","","","","","","","","","","8.28049410549058","9.21939834024896","8.9178901576944","9.23416241496599","9.69642048028999","9.59977665662951","10.8834384829367","11.7914995491714","11.5103517391411","11.4847090663058","10.225929270268","10.54470074538","10.9524241200564","10.8594181069836","10.8843537414966","11.5337398753686","10.7221150736131","10.1384819795529","8.92450659437787","7.48963585946866","7.6026394960962","8.39160519973709","9.06443592228918","10.0582259567618","10.0977115781129","10.1361275056436","9.59215752450774","7.99848616556381","7.4624648172146","6.58148003988291","5.97460415163221","5.98880120236526","5.89458216676246","6.07465909477335","6.15511541095403","6.71246820313953","6.60706609251933","6.23440594954458","7.84040844628993","9.88146050986155","8.90323832894878","8.73969234659334","8.4224609837082","7.29915524862748","7.53580481338504","8.16083195755549","7.55563696309186","6.75334994473974","6.12765909510151","7.90342486310386","11.8284417545897","9.07351918240676","8.31995334939262","",
"Georgia","GEO","Interest payments (% of revenue)","GC.XPN.INTP.RV.ZS","","","","","","","","","","","","","","","","","","","","","","","","","","","","","","","","","","","","5.12416239653134","12.1724429416737","12.7835361273847","18.1060070671378","18.5983244195752","19.3548387096774","10.8835142204943","13.1055861779394","13.3054327226785","6.35345558381297","4.4323885444346","2.81536263551559","2.01065191362867","2.13153710089514","3.35493709492947","3.64584279460117","4.3484279825263","3.45432033499812","3.04249040244444","2.93181056361634","3.36853830603573","3.79861694811645","4.01252757244608","4.34980258782527","4.52643902730032","6.05538928066587","5.18531948509415","3.8975768505699","5.24102402355044","5.50860370907199","",
"Ghana","GHA","Interest payments (% of revenue)","GC.XPN.INTP.RV.ZS","","","","","","","","","","","","","","","","","","","","","","","","","","","","","","","10.2191364721198","10.9641083405868","16.6562003418393","18.6103478272877","","","","","","","","29.2763492699882","29.0475887450328","22.1477820208837","13.9183370119197","12.0698154118446","12.0284373964388","9.61432475265413","12.0537135987235","15.1752511436221","16.2476892178929","12.4561953518128","15.4914783031023","23.8344860623295","30.2975210173499","30.9161634455303","35.7675642725107","34.1914288399151","33.2134913452379","37.0352216099758","44.6138112414083","47.8234617547039","47.2703409932749","21.577429204895","","",
"Gibraltar","GIB","Interest payments (% of revenue)","GC.XPN.INTP.RV.ZS","","","","","","","","","","","","","","","","","","","","","","","","","","","","","","","","","","","","","","","","","","","","","","","","","","","","","","","","","","","","","","","","","","",
"Guinea","GIN","Interest payments (% of revenue)","GC.XPN.INTP.RV.ZS","","","","","","","","","","","","","","","","","","","","","","","","","","","","","","6.05460661585742","7.58520865195543","9.84087911657691","7.40142605953019","","","","","","","","","","","","","","","","","","","","","","","","","","","","","","","","","",
"Gambia, The","GMB","Interest payments (% of revenue)","GC.XPN.INTP.RV.ZS","","","","","","","","","","","","","","","","","","","","","","","","","","","","","","","14.2964025188603","","","","","","","","","","","","","","","","","","","","","","","","","","","","","","","","","","","",
"Guinea-Bissau","GNB","Interest payments (% of revenue)","GC.XPN.INTP.RV.ZS","","","","","","","","","","","","","","","","","","","","","","","","","","","","","","","","","","","","","","","","","","","","","","","","","","","","","","","","","","3.66320123031386","3.88348267655243","6.3869478337894","9.23851558293343","9.68576959004024","8.73746377674793","17.8505286891327","20.9833494727305","",
"Equatorial Guinea","GNQ","Interest payments (% of revenue)","GC.XPN.INTP.RV.ZS","","","","","","","","","","","","","","","","","","","","","","","","","","","","","","","","","","","","","","","","","","","","","","","0.0386456436900173","0.0314919563392398","0.0523299955075502","0.0189604280242727","0.859488166823366","0.929034583342536","0.984024785412504","1.35780865095921","1.82579653865428","1.47743212024967","4.41663111807083","2.342422688851","3.09323446559773","4.38082559831483","9.00596299517379","7.02741677296463","4.15224255692395","","","",
"Greece","GRC","Interest payments (% of revenue)","GC.XPN.INTP.RV.ZS","","","","","","","","","","","","","4.77205807696214","4.43233571893298","5.42721959365434","5.40886809269163","5.78215672358369","5.24388096495862","5.52243938786035","7.27089768791536","8.90621128666452","10.4941662089512","5.95220339371968","7.22208714461781","13.0562865497076","15.1674675810775","16.3150224322033","18.2404708793983","20.9992581523379","24.1445668616715","35.0865057222133","","","","","","","22.5599851487446","20.1254885825962","19.6357711108981","16.611083271414","16.0773591868228","14.8363277582393","13.4953935285422","13.0560568696874","12.6983078609831","12.0583987669753","11.9265953807616","12.7201276132726","13.9436254328479","15.3348988035335","17.7654001875701","11.6128511090082","8.80859260988851","9.07136822225536","7.98155287687277","7.00126778753303","6.99423624231698","7.43268555373449","6.70684088445444","6.55913436073347","5.68511614568397","5.44514784838529","7.48781267869084","7.48339997144081","",
"Grenada","GRD","Interest payments (% of revenue)","GC.XPN.INTP.RV.ZS","","","","","","","","","","","","","","","","","","","","","","","","","","","","","","","","","","","","","","","","","","","","","","","","","","","","","","","","","","","","","","","","","","",
"Greenland","GRL","Interest payments (% of revenue)","GC.XPN.INTP.RV.ZS","","","","","","","","","","","","","","","","","","","","","","","","","","","","","","","","","","","","","","","","","","","","","","","","","","","","","","","","","","","","","","","","","","",
"Guatemala","GTM","Interest payments (% of revenue)","GC.XPN.INTP.RV.ZS","","","","","","","","","","","","","","","","","","","","","","","","","","","","","","","13.9444488270857","17.6079322260722","9.26198778281729","10.0595243267668","11.5484989696597","11.1562183276143","11.4780910246152","7.52123052899982","10.6083483921544","10.7990968549585","10.7542567499801","11.6053891725106","10.5789407880731","10.1750916713338","10.8901870227751","11.5837976724024","10.7489047332703","11.4293811434453","11.1762764363876","12.6453234770834","12.9572509022916","12.4805016619156","12.9040474019607","13.1489871776625","11.6706899251974","13.4019814002323","12.5504102475517","12.5162376718337","12.7950588158906","13.6930508039843","15.2361757164851","13.4309783450153","12.6698683066773","12.5579875198037","12.4780141823614","",
"Guam","GUM","Interest payments (% of revenue)","GC.XPN.INTP.RV.ZS","","","","","","","","","","","","","","","","","","","","","","","","","","","","","","","","","","","","","","","","","","","","","","","","","","","","","","","","","","","","","","","","","","",
"Guyana","GUY","Interest payments (% of revenue)","GC.XPN.INTP.RV.ZS","","","","","","","","","","","","","","","","","","","","","","","","","","","","","","","","","","","","","","","","","","","","","","","","","","","","","","","","","","","","","","","","","","",
"High income","HIC","Interest payments (% of revenue)","GC.XPN.INTP.RV.ZS","","","","","","","","","","","","","","","3.02144249512671","3.57391341174193","4.13925562965988","4.67009413833584","5.25906231761883","6.56329860428543","7.28730366492147","6.64401218654793","6.50321768031933","7.17696588792039","8.56445176788231","9.90876855378544","10.6692645524866","9.68474986704193","9.7712581604309","9.6546379903172","9.65317658281288","8.33608952920268","8.18398387660625","8.39160519973709","9.06443592228918","8.85283161335109","8.21457431940891","9.83969909998657","9.20656247047833","7.99848616556381","7.78654850636774","6.9202841611966","6.47816726225619","5.97429914123967","5.57877377631914","5.0339576493022","4.39347685375423","4.38855311455929","4.30115326031769","5.375018270265","5.22807604880624","5.47786313114705","5.50754414185888","5.51235712981156","5.26323835189981","4.99839552172285","4.69641585196897","4.04769606257535","3.8441034029029","3.68397292662539","3.51325349977991","3.07679448440757","3.14293452481271","3.43067938167049","3.47687049782886","",
"Hong Kong SAR, China","HKG","Interest payments (% of revenue)","GC.XPN.INTP.RV.ZS","","","","","","","","","","","","","","","","","","","","","","","","","","","","","","","","","","","","","","","","","","","","","","","","","","","","","","","","","","","","","","","","","","",
"Honduras","HND","Interest payments (% of revenue)","GC.XPN.INTP.RV.ZS","","","","","","","","","","","","","6.22568093385214","5.95533498759305","5.32374100719424","4.93026273110607","4.30327868852459","","","","","","","","","","","","","","","","","","","","","","","","","","","6.88306071750653","6.26723460819811","5.64454595839971","3.87030442743045","2.5951329860375","2.49559991490551","2.89510986851012","3.89426668089453","5.52487649281434","6.92110515164647","8.94098234135847","7.63218840848651","7.73123881176511","","","","","10.6296583364036","","","","","",
"Heavily indebted poor countries (HIPC)","HPC","Interest payments (% of revenue)","GC.XPN.INTP.RV.ZS","","","","","","","","","","","","","","","","","","","","","","","","","","","","","","","","","","","","","","","","","","","","","","","","","","","4.19114412552906","","4.12476505777229","4.33204045432446","4.11351584475481","5.68537230457995","5.50012072521945","6.07915611476208","7.5926004147512","6.60887250028024","8.50885020133859","9.04946853718006","","","","",
"Croatia","HRV","Interest payments (% of revenue)","GC.XPN.INTP.RV.ZS","","","","","","","","","","","","","","","","","","","","","","","","","","","","","","","","0.412087912087911","6.94268960378397","2.70435837528868","3.11267056572906","","","","","","","","4.46096654275093","4.45466469640871","4.9915026369751","5.06107549724356","5.01319447883577","4.75136957437842","4.95784515176318","6.21312987127825","6.97153075637221","8.47563167625308","9.36676140382464","9.48361125635485","10.2681104163489","9.99240296514573","9.13219382837727","7.99748307314689","6.93325108956145","6.29998694979399","5.72056155095024","4.45653656154736","3.84002783469285","4.19525733263229","","",
"Haiti","HTI","Interest payments (% of revenue)","GC.XPN.INTP.RV.ZS","","","","","","","","","","","","","","","","","","","","","","","","","","","","","","","","","","","","","","","","","","","","","","","","","","","","","","","","","","","","","","","","","","",
"Hungary","HUN","Interest payments (% of revenue)","GC.XPN.INTP.RV.ZS","","","","","","","","","","","","","","","","","","","","","","3.19097888675624","3.23683610667882","1.7750257997936","2.3729446935725","2.06051605717468","3.74093605800923","3.72501514233798","5.19053044689201","5.89127138834741","5.68767519667239","7.33877551020408","11.3917674150835","9.36468646864686","13.969097054563","20.7307822782532","21.7705106872727","22.0902881831782","18.9517619072823","17.904260433203","13.8985512173752","12.5375729019608","10.9248639905896","11.1691805101013","11.897240629609","11.3561821956204","10.6315392192313","10.2232210977845","9.65482887685911","10.6686508267954","10.1370204899404","10.307960092044","10.4073121070267","10.4698021850042","9.45669809770698","8.02471394658168","7.61552192646742","6.65675969671945","6.00473703043911","5.74226515839019","5.93079126150831","6.06278465909743","7.11584976596727","11.8876590348137","12.224684190403","",
"IBRD only","IBD","Interest payments (% of revenue)","GC.XPN.INTP.RV.ZS","","","","","","","","","","","","","","","","","","","","","","","","","","","","","","","","","","","9.91370500738049","11.1562183276143","11.4780910246152","12.7835361273847","12.0159990473347","11.5675914301875","11.6381306867212","10.8835142204943","10.6185024090511","11.090004078897","10.6603476888826","7.31562576533213","6.94257318643103","5.66923781019514","4.99328953974514","6.97190427148784","6.20688307767887","6.03944131929804","5.79621704609905","5.97441201317001","6.75624697579165","7.57010843696918","8.96473331363656","8.03402344001154","8.61282062534342","7.98549286756141","9.00661761214895","7.83661389642186","7.25891657503026","8.59771414459103","","",
"IDA & IBRD total","IBT","Interest payments (% of revenue)","GC.XPN.INTP.RV.ZS","","","","","","","","","","","","","","","","","","","","","","","","","","","","","","","","","","","","","","","","","","","","10.1845799387553","9.37380502025082","","7.17871436230608","5.62538626496988","4.91032370953631","5.87317060319049","4.61561735916517","5.06218034190801","4.94806834921215","5.26095963210932","5.02435264757608","6.18523035436581","7.42200636876102","7.63413657306892","8.64424774484724","7.76308622488899","8.90078569510782","7.83661389642186","7.96111730498483","9.09746335809514","","",
"IDA total","IDA","Interest payments (% of revenue)","GC.XPN.INTP.RV.ZS","","","","","","","","","","","","","","","","","","","","","","","","","","","","","","","","","","","","","","","","","","","","","","","","","","","","","3.47773122101645","","3.99065373336318","4.83429063536487","5.33317304856475","5.84199411801182","8.79814561837149","6.53505713322182","7.67756631096558","7.81026934747617","","","","",
"IDA blend","IDB","Interest payments (% of revenue)","GC.XPN.INTP.RV.ZS","","","","","","","","","","","","","","","","","","","","","","","","","","","","","","","","","","","","","","","","","","","","","","","","","","","","0.77243359347879","0.624714868213671","","2.32238144779676","2.36156626913071","4.45978009757508","6.02498521257341","9.64752652118568","9.00947084421421","8.09320825615209","8.2309429481045","","","","",
"Indonesia","IDN","Interest payments (% of revenue)","GC.XPN.INTP.RV.ZS","","","","","","","","","","","","","2.63975155279503","2.84313725490196","1.90943807965085","1.69565217391304","3.06603773584906","3.38470005503577","5.43627227044312","5.9290780141844","3.85354603113588","3.37135798881058","5.30628170113149","7.70420991554381","7.96838282418287","7.9569469700693","11.8411179891202","13.8614260925709","18.2788110262371","16.5641219537346","12.7154627710661","10.7556289048686","10.634218580314","11.2646045669235","10.8910035847454","8.86683579565239","7.11714605322908","9.50164998238906","19.8651427235273","21.6050144176087","","","25.5253961055389","18.7086898067128","14.8099107566221","","","","9.00157001225649","11.050663756961","","","","","","","","","","","","","","","","",
"IDA only","IDX","Interest payments (% of revenue)","GC.XPN.INTP.RV.ZS","","","","","","","","","","","","","","","","","","","","","","","","","","","","","","","","","","","","","","","","","","","","","","","","","","","4.19114412552906","","4.75827409416649","","4.04265632573922","5.08892378308416","5.66706840187415","5.65900302345023","6.38705521113091","6.49791016703482","7.55899845407682","7.81026934747617","","","","",
"Isle of Man","IMN","Interest payments (% of revenue)","GC.XPN.INTP.RV.ZS","","","","","","","","","","","","","","","","","","","","","","","","","","","","","","","","","","","","","","","","","","","","","","","","","","","","","","","","","","","","","","","","","","",
"India","IND","Interest payments (% of revenue)","GC.XPN.INTP.RV.ZS","","","","","","","","","","","","","","","10.3389159963075","10.2733874412644","11.4672296324729","11.5947045080903","12.7770136023231","12.9257283545343","13.7800330133888","14.0732440279122","15.5630311614731","17.4605665855764","19.0113812377938","19.624124664397","20.5865549419158","22.3989618870215","23.9347966429955","24.4590154228708","27.6391448325551","28.9236082940229","29.4998578564757","33.9742705727063","33.637617656605","31.8893535246911","32.1511888347848","32.9417715524895","37.4053093186357","37.1579861333881","38.9124153247311","40.9362905858033","39.4695133481168","36.0585422663517","31.906730243263","28.5709534884237","25.6389801620073","23.3702640165956","26.5385023747673","28.4629068902757","22.8257875283649","22.8683894409753","24.9086652545747","25.6891578331182","27.1850847623906","25.2096176405981","24.2105608843598","24.2919368978606","23.011306254749","","","","33.9761997637185","","","",
"Not classified","INX","Interest payments (% of revenue)","GC.XPN.INTP.RV.ZS","","","","","","","","","","","","","","","","","","","","","","","","","","","","","","","","","","","","","","","","","","","","","","","","","","","","","","","","","","","","","","","","","","",
"Ireland","IRL","Interest payments (% of revenue)","GC.XPN.INTP.RV.ZS","","","","","","","","","","","","","11.2230215827338","11.4014251781472","11.7154811715481","13.4822167080232","14.1804788213628","15.3129849974133","16.9326241134752","17.3753665689149","16.9295774647887","18.6808222272419","21.0986267166042","20.7028852056477","21.118530884808","23.4979799296233","22.5571464456168","21.9435736677117","20.7995678011885","20.8328849671796","22.1869575998017","20.6523837097086","19.0627687016337","17.8561619680467","16.3511784835414","14.4878990101791","12.3873650388641","10.6368441569873","9.89668399141328","7.02548821024203","5.79590923081228","4.56400386522812","4.30835749126851","3.94907020213792","3.44464123542731","3.12625389391054","2.91909242937563","3.01062546718579","3.99347675760026","6.49021820198505","9.12995511726893","10.4984579630496","12.8336520211392","13.219691599178","11.9318172869605","10.1363328713701","8.83833180438925","7.98338479933669","6.63295504742026","5.42936979603948","4.7281903460026","3.39904474407162","2.95593677862342","2.86497845924783","2.31427561069624","",
"Iran, Islamic Rep.","IRN","Interest payments (% of revenue)","GC.XPN.INTP.RV.ZS","","","","","","","","","","","","","4.68944099378882","3.93877551020408","1.98304253380982","2.04081632653061","1.42427599303687","1.7465456701172","0.535405872193437","2.07806795843864","2.46853146853147","1.08712613784135","0.618908201460179","0.350724831318057","0.210786937901499","0.323919425043021","0.228038865754511","0.163268556865244","0.173192771084337","0.0809399477806789","0.0453377663593774","0.0357909806728704","0.0244379276637341","0.0683994528043776","0.0613853708968726","0.0155895060353659","0.0194322543034347","0.127788957271485","0.759320041150247","5.42987364066156E-05","5.52099100195348E-05","7.09598447964424E-05","0.710168340954965","0.733380641884346","0.680892105375813","0.679298111535177","0.74529411401349","0.837113484894286","0.775860732141779","0.565728375163098","","","","","","","","","","","","","","","","",
"Iraq","IRQ","Interest payments (% of revenue)","GC.XPN.INTP.RV.ZS","","","","","","","","","","","","","","","","","","","","","","","","","","","","","","","","","","","","","","","","","","","","","","","","","","","","","","","0.682069765435531","1.1007589716208","2.58173133156506","2.98770093498904","5.25976313291939","0.00583314613158625","","","","","","",
"Iceland","ISL","Interest payments (% of revenue)","GC.XPN.INTP.RV.ZS","","","","","","","","","","","","","2.89405684754522","3.43257443082312","3.75541646605681","6.82092902780176","5.56065573770492","6.08842263019858","7.58476057322614","7.98111339578098","5.93572686362747","6.39862304289402","7.23822974642967","9.36474542939139","10.2641579700209","11.5196808289226","10.8389527489141","7.87857553901982","9.79690613896416","10.2200966267535","10.6004793989892","11.1178394920892","10.5726474319758","11.199713749521","11.4324703795086","12.2138726911605","10.5429007112391","10.1364613575989","10.1570798553441","9.41803826166184","8.63156582592726","8.97695411461731","7.87679159226913","7.02323331267835","6.01689511385735","13.114573151838","14.5432680282846","15.5701236114145","27.747049687089","34.23890939739","24.4491643196797","25.4014831325845","25.0835036224437","23.1703646840387","18.486339286926","19.9172885318685","11.7946750415542","15.7857415791335","13.8611396314722","13.0652550402293","12.1422944056067","12.3594773915544","16.3468153902564","14.9405161504285","","",
"Israel","ISR","Interest payments (% of revenue)","GC.XPN.INTP.RV.ZS","","","","","","","","","","","","","20","10.5263157894737","15.3846153846154","9.52380952380952","9.67741935483871","18.8888888888889","15.2777777777778","11.1475409836066","12.6255380200861","21.1392405063291","21.6832721552176","36.8402057204728","31.6762786200228","23.6422914806983","22.91728227929","25.9710243138014","20.4693307873894","20.9665133229777","19.5429688134822","19.3158213605678","16.1519435117246","16.1153333088568","15.1814771054868","14.8305529325359","13.7134458021631","12.5048707416942","13.2499171843853","12.3742682492965","13.318399077146","14.0630004915517","21.2477754342491","13.2623552360739","14.5222491281259","15.0406104007124","12.8893638787672","12.7221880486333","15.1001961077166","15.271556438493","11.9768235748665","11.9221448754195","10.7937506314723","10.3732727667444","7.17029754497307","6.10841905983519","6.26518904660342","6.23249250988448","7.19324332665917","6.45566676110216","6.19116301781715","8.20472787897771","9.73112216641699","9.0133461915012","9.41846467273048","",
"Italy","ITA","Interest payments (% of revenue)","GC.XPN.INTP.RV.ZS","","","","","","","","","","","","","","7.28991854610947","8.30853959612585","11.4509013670279","12.8949211187544","13.256761159987","11.8784783605055","12.0888879491706","13.5466865034445","","","","","20.4430959263182","21.9087211387915","20.1121398122857","21.7553979851023","23.0723514441025","","","","","","26.9490310829775","26.5014337236118","21.2673273320016","20.1072920536823","16.2088549036093","16.238949743803","16.0250423571222","14.5951375763725","13.3046478348656","12.7497496065245","12.5493951028484","11.6577463858082","11.8847447014587","12.2110999551456","10.7700451970534","10.7102791578139","11.6068003801299","12.5234346856341","11.6472375854801","11.1594174288452","10.1095860281529","9.61916844890709","9.33361145956264","9.11735454297008","8.2888342560582","8.42127055310786","8.44624035121257","10.1438772928371","8.94872748353778","9.4182690172743","",
"Jamaica","JAM","Interest payments (% of revenue)","GC.XPN.INTP.RV.ZS","","","","","","","","","","","","","","","","","","","","","","","","","","","","","30.7106366927365","27.8506234340835","30.3246634602998","27.4660071126386","29.1750109662568","29.3810041525342","33.6695154462914","30.6808705149281","43.2434681373227","36.9792181049931","46.6811483544236","46.0032534759923","42.486453151053","49.7295073159775","53.0183619210789","58.818297385742","54.0892848206215","47.2967936543308","46.2792381484184","40.3506096434926","45.3675965645143","62.8632895892812","40.6132429994333","37.446867511172","36.8279272639515","27.6889758163693","30.2423766685491","27.5712339074373","27.8779355861817","24.1061646986402","20.5391339389499","20.2363171918331","22.4257241455242","","","","","",
"Jordan","JOR","Interest payments (% of revenue)","GC.XPN.INTP.RV.ZS","","","","","","","","","","","","","","","","","","","","","","","","","","","","","","","20.3439193344395","18.188243371499","12.4987964953946","9.51174053076089","8.18206974952695","8.76555605464105","9.68477142297955","13.2426142394694","11.8397519971384","11.2839633401458","11.9915808309055","11.4921823943237","9.09147053828299","7.22156190121692","5.84836698450116","6.75913838120105","7.66736139337386","8.08007050232909","7.97315549552592","8.67468813589313","8.52510348081584","7.9332828460075","11.5347328017727","12.7891227339029","12.7414827453355","13.4632079219575","11.8139640149372","11.529655766848","12.3819504376772","14.357195362573","17.6884007454936","17.2660064885933","16.0152568992596","18.6224545593736","","",
"Japan","JPN","Interest payments (% of revenue)","GC.XPN.INTP.RV.ZS","","","","","","","","","","","","","","","","","","","","","","","","","","","","","","","","","","","","","","","","","","","","","","","","","","","","","","","","","","","","","","","","","","",
"Kazakhstan","KAZ","Interest payments (% of revenue)","GC.XPN.INTP.RV.ZS","","","","","","","","","","","","","","","","","","","","","","","","","","","","","","","","","","","","","","3.8192989805893","6.65980872155934","10.0801250364847","9.96937502880612","8.13498666238417","6.98695942709896","4.90281660624004","3.57037478982333","","","","","","1.72698378822066","1.61745538728692","1.61992333923976","2.05729162569689","2.56499448957921","4.48033492970326","7.84060442079528","4.55046814492334","5.72804299421625","6.28036306653355","10.1889346238255","8.89201718246527","7.06990907348092","8.9577841399038","","",
"Kenya","KEN","Interest payments (% of revenue)","GC.XPN.INTP.RV.ZS","","","","","","","","","","","","","","","","","","","","","","","","","","","","","","","","","","","","","","","","","","","","","","","","","","","","","","","11.010864266702","12.3497372537401","14.7662402017014","13.2438679523768","18.3818927719329","19.2824393079382","22.9320912195188","23.4089223789498","21.7935192162773","24.2772783373307","","",
"Kyrgyz Republic","KGZ","Interest payments (% of revenue)","GC.XPN.INTP.RV.ZS","","","","","","","","","","","","","","","","","","","","","","","","","","","","","","","","","","","","","","","","","","","","","","","","","","","","","","","2.39513444851133","2.94088512243758","3.56258397156939","2.84889766830014","3.44929046313783","3.09497532752194","3.65061845429261","2.39965159752016","2.39381925333642","2.34718616530786","2.63278963183855","",
"Cambodia","KHM","Interest payments (% of revenue)","GC.XPN.INTP.RV.ZS","","","","","","","","","","","","","","","","","","","","","","","","","","","","","","","","","","","","","","","","","","","1.16586075175874","1.60465965003361","1.94594227936175","1.76214118208072","1.47060161503508","1.49159726339043","1.22685079226564","1.32129215105075","1.40654686649035","1.76827496895102","1.61733066664558","1.86192077050994","1.76843572140405","1.63911032350882","1.80794113488546","1.56905041627872","1.53946062931969","1.34419720533809","1.64501942067831","1.85235096785957","1.65950112644265","1.83761049355191","","",
"Kiribati","KIR","Interest payments (% of revenue)","GC.XPN.INTP.RV.ZS","","","","","","","","","","","","","","","","","","","","","","","","","","","","","","","","","","","","","","","","","","","","","","","","","","","","3.5194918847057","4.59855120917497","1.05940529899327","0.0797859149851349","0.0582096563334511","0.0634136647368024","0.121678199859951","0.185139447165377","0.668135304435068","","0.785076501574183","0.849321564789015","0.706479491838013","","",
"St. Kitts and Nevis","KNA","Interest payments (% of revenue)","GC.XPN.INTP.RV.ZS","","","","","","","","","","","","","","","","","","","","","","","","","","","","","","","11.7264448987177","13.6146574407952","12.1222557038313","10.1011649294911","7.92962939007826","","","","","","16.2162162162162","18.0939226519337","8.34805766817751","8.62707915024417","8.02151332504853","10.9909387959898","10.8049703636021","9.76603127764205","22.4626437851804","20.3923880559965","23.3244335287562","17.5069061897523","14.0386870220651","8.44239139004312","8.13221898769837","5.02297642926125","21.045187834584","4.88417727577295","","","2.65761945151258","","","","","",
"Korea, Rep.","KOR","Interest payments (% of revenue)","GC.XPN.INTP.RV.ZS","","","","","","","","","","","","","2.94627383015598","3.11111111111111","3.02144249512671","3.15721649484536","4.06222990492653","4.4928522804629","4.65230166503428","5.30133928571429","6.4410804392995","6.64401218654793","6.60253164556962","6.01681555438781","6.84997202461834","7.22812636482749","7.21328159786273","6.12641815235008","5.13343381505453","3.19190651713591","4.0278309715307","3.4633359296762","3.48728714718918","2.41606967270684","3.06404353285894","2.74194914058311","2.36709211652264","2.48842847696716","3.56441519605327","5.55045465534077","5.11580709055609","5.07367666303767","4.40404205872875","3.92207973406147","4.97006642145052","5.35372189774673","5.89569700151686","5.69635347701772","5.82134744052886","4.69250449869151","5.03671871550833","5.06816343826631","5.23502392692357","5.17181535074083","5.26323835189981","4.99236071006623","4.33274674039728","4.00467944478201","3.64698786795549","3.66957178616571","3.84399851733682","3.32515319325515","3.5979328479696","4.50681533589999","","",
"Kuwait","KWT","Interest payments (% of revenue)","GC.XPN.INTP.RV.ZS","","","","","","","","","","","","","","","","","","","","","","","","","","","","","","","","","","14.2479047198941","16.385068762279","5.96115204286671","5.99700149925037","3.60467892098353","3.8728323699422","","","","","","","","","","","","","","","","","","","","","","","","","","","",
"Latin America & Caribbean (excluding high income)","LAC","Interest payments (% of revenue)","GC.XPN.INTP.RV.ZS","","","","","","","","","","","","","","","","","","","","","","","","","","","","","","","11.2736225949293","14.3512125472675","10.5612015622109","12.1951437304884","12.4839360207098","12.9745540143988","12.2592226859818","12.4166080294363","13.6122320069553","11.9192841830531","12.2983268743335","12.1962205452526","12.5522450971249","11.8258991527324","11.6652493327922","9.99797326132831","8.37410036548079","7.99476167969904","9.72091485089238","12.4729241354572","12.5108609565383","10.8800985527234","10.1162588789321","9.74351464559484","8.53190556024392","8.86641733707862","11.4788442340488","11.502463199993","11.9187281499315","12.564982908544","11.8624200372273","11.074827718446","11.9259850066697","13.8203285626718","13.9043904178079","",
"Lao PDR","LAO","Interest payments (% of revenue)","GC.XPN.INTP.RV.ZS","","","","","","","","","","","","","","","","","","","","","","","","","","","","","","","","","","","","","","","","","","","","","","","","","4.68812229918101","3.22714593324851","3.28756900598327","3.21459863053246","3.47773122101645","5.13156947545284","3.93865114098715","4.71856875739536","6.63198802990487","8.33498023567144","10.4884433779318","11.3191123992961","11.9531721763993","7.98466903332311","11.8499360825446","","","",
"Lebanon","LBN","Interest payments (% of revenue)","GC.XPN.INTP.RV.ZS","","","","","","","","","","","","","","","","","","","","","","","","","","","","","","","","","","","","","","91.0278011243842","75.3466267120632","74.2587951797354","95.5005273755873","96.042067702709","81.0729008058826","79.9585807432815","56.0275988171935","49.7459510214351","55.7183920642129","55.9569332279804","50.1387339758566","48.699819672009","50.5047648430001","42.9581798153986","41.2318572302857","43.6635615433405","43.6457993768457","50.4264077449651","50.8354703631747","45.6964156272407","49.9797571834916","50.8253324134478","20.9997791131216","13.5908223351618","","","5.41741607517506","",
"Liberia","LBR","Interest payments (% of revenue)","GC.XPN.INTP.RV.ZS","","","","","","","","","","","","","","","","","","","","","","","","","","","","","","","","","","","","","","","","","","","","","","","","","","","","","","","","","","","","","","","","","","",
"Libya","LBY","Interest payments (% of revenue)","GC.XPN.INTP.RV.ZS","","","","","","","","","","","","","","","","","","","","","","","","","","","","","","","","","","","","","","","","","","","","","","","","","","","","","","","","","","","","","","","","","","",
"St. Lucia","LCA","Interest payments (% of revenue)","GC.XPN.INTP.RV.ZS","","","","","","","","","","","","","","","","","","","","","","","","","","","","","","","","","","","","","","","","","5.60824729492829","8.86741903279291","9.16545017770862","10.0710347128196","11.3788852941821","12.0467438650352","12.1544806416068","11.3757197559476","9.77553928788544","11.2764911748408","11.0468003920602","11.768916219429","14.7789894461531","15.2716452141547","15.2585778582108","14.6687837158157","14.396474411518","13.6353895060185","","","","","","","","",
"Latin America & Caribbean","LCN","Interest payments (% of revenue)","GC.XPN.INTP.RV.ZS","","","","","","","","","","","","","","","","","","","","","","","","","","","","","","","","","","","","","","","11.2924145842295","10.7990968549585","11.0957985657682","12.1962205452526","12.6641226679707","13.311865989175","11.6652493327922","9.99797326132831","8.37410036548079","7.99476167969904","9.16249053483152","9.06402137768473","9.03662601554941","9.04442034005116","8.59105118911096","8.64130940379064","8.40461348547167","8.59478472374309","11.0263284192798","11.0172885301658","11.0423974839724","13.1536550634556","11.8624200372273","11.074827718446","11.182101706662","13.1891580412378","","",
"Least developed countries: UN classification","LDC","Interest payments (% of revenue)","GC.XPN.INTP.RV.ZS","","","","","","","","","","","","","","","","","","","","","","","","","","","","","","","","","","","","","","","","","","","","","","","","","","","3.73935656575617","","3.39626263134886","","3.77331145234813","4.90374627023976","6.14952821588951","5.1883524410463","7.69727032000799","6.2351917915358","7.23498859026189","7.98466903332311","","","","",
"Low income","LIC","Interest payments (% of revenue)","GC.XPN.INTP.RV.ZS","","","","","","","","","","","","","","","","","","","","","","","","","","","","","","","","","","","","","","","","","","","","","","","","","","","","","","","","","5.12851531244437","4.47159471999323","","","6.91097872644696","","","","","",
"Liechtenstein","LIE","Interest payments (% of revenue)","GC.XPN.INTP.RV.ZS","","","","","","","","","","","","","","","","","","","","","","","","","","","","","","","","","","","","","","","","","","","","","","","","","","","","","","","","","","","","","","","","","","",
"Sri Lanka","LKA","Interest payments (% of revenue)","GC.XPN.INTP.RV.ZS","","","","","","","","","","","","","","","","","","","","","","","","","","","","","","","27.8049830490233","26.1847989845427","27.5810738968634","27.1738313542763","32.1492877974555","26.327752102432","31.7714827514547","32.0996118716155","30.1364147887904","30.6544094426022","32.9037058260817","39.3455686326865","43.6389036621997","44.0249669265629","37.4263780007311","29.143089979069","29.7456242799198","30.7019666764143","30.9513300440944","42.6806107232147","42.2675705032621","37.5712825436328","38.2954907659136","38.4984956343047","36.7640390271581","34.8902193450038","36.0803323324563","39.9859170828158","44.0987328854393","47.469362688155","71.3825303573561","71.6201004077685","77.7699768805255","79.8744543518094","","",
"Lower middle income","LMC","Interest payments (% of revenue)","GC.XPN.INTP.RV.ZS","","","","","","","","","","","","","","","","","","","","","","","","","","","","","","","","","","","","","","","","","","","15.2021487880381","15.6902873214502","10.1208331599269","9.81777723717572","8.38729519199146","8.03741609101407","7.48724877354383","7.37524882049193","6.41109630304652","5.23746566808494","5.61946406965357","7.28550845149047","6.83125094714623","7.73123881176511","9.32157642697458","9.66805983199642","10.4926754009658","11.5052042052437","10.6296583364036","9.5061670120264","","","","",
"Low & middle income","LMY","Interest payments (% of revenue)","GC.XPN.INTP.RV.ZS","","","","","","","","","","","","","","","","","","","","","","","","","","","","","","","","","","","","","","","","","","","","","","","","","4.91032370953631","5.78225283081557","4.46108669335583","4.69036613026151","4.87508087796844","5.26095963210932","5.00628742188434","6.28659650165214","7.60957742867575","7.73970302969854","9.21126754139293","8.22582256967416","9.2448056275265","8.55164775584181","8.63060550645225","","","",
"Lesotho","LSO","Interest payments (% of revenue)","GC.XPN.INTP.RV.ZS","","","","","","","","","","","","","","","","","","","","","","","","","7.55243353407449","","2.04979822353142","8.22500310434746","9.39664149960948","14.3998889271276","","7.44177495420026","6.65258202359272","4.91381871143288","4.25487850203757","4.72523273673936","1.55831733876541","2.46807127521524","6.29053167786297","4.5034957333843","6.62609101727739","5.16241803213441","6.63033709645072","6.14111736114904","3.69573441785681","2.53368577138805","4.72420430743731","4.20283337615808","1.3080036274075","1.33990178432438","1.03335196463399","1.44340974938217","1.24980268035579","1.42975772707414","1.19878259029444","1.74335093241302","1.75724792840452","2.15856990660677","2.78389176967734","3.05056703498178","2.91987008122065","2.40864972193986","3.3475027835483","3.46261731519561","3.49268616455492","",
"Late-demographic dividend","LTE","Interest payments (% of revenue)","GC.XPN.INTP.RV.ZS","","","","","","","","","","","","","","","","","","","","","","","","","","","","","","","","","","","","6.09518808880017","6.813385589388","10.7873087554158","11.4285714285714","12.3537653413648","11.6381306867212","10.621618278262","10.1678120733151","9.46603720258345","8.06396183314129","6.05991675431224","5.22758217988414","4.37328172242836","4.16689332010214","5.78225283081557","5.53427466331143","5.78798494878005","5.79621704609905","5.95625115313463","5.55832299700593","5.88889439522665","7.31782327414341","6.19887509275096","5.80939355641311","5.39966353205073","4.99242883728592","4.94884023527912","4.10392020811437","5.61592322277894","5.46300989212352","",
"Lithuania","LTU","Interest payments (% of revenue)","GC.XPN.INTP.RV.ZS","","","","","","","","","","","","","","","","","","","","","","","","","","","","","","","","","","0.0153639331668907","0.460864120225423","1.15206445115811","2.76671974522293","2.08028194800439","2.92018034566252","3.90818457828212","4.80035986633536","4.93426896429206","4.2558033682294","3.92599105470393","2.97759844163072","2.42575279440823","2.12755185986761","1.94778970912593","1.78954058471037","3.44760399640627","5.3825528860364","5.6700826183667","6.34986394493772","5.83513234040237","5.59891209257607","5.20374135827572","4.69641585196897","4.04769606257535","3.22251114413076","2.96756425577347","2.20984204625332","1.45038323548598","1.00470685204867","1.40842358233328","1.87564618935393","",
"Luxembourg","LUX","Interest payments (% of revenue)","GC.XPN.INTP.RV.ZS","","","","","","","","","","","","","2.94026617146394","2.58097349958196","2.09079525931103","1.8595845112431","1.78742989923364","1.84074579894305","1.91852076170797","2.00368058063739","1.8375314671611","1.87154284446785","0.922713330316291","0.936949708172286","1.15802619492409","1.289064358084","1.27404196415562","1.41095950511122","1.06110228926823","0.805721131369798","0.543631080701095","0.377636659154216","0.248418295276805","0.423785321617496","0.394722984142393","1.00299784107944","0.825560263909964","0.73026038057011","0.798211937273332","0.830002521266929","0.650534966643206","0.580588564172737","0.514003055441271","0.462410854127163","0.366953099744655","0.355595545553362","0.395340026249023","0.500360306068954","0.663776809409178","0.799512853851652","0.985700524075777","1.18600865012936","1.12858067697446","1.21831996952357","0.989840069926538","0.931182512999526","0.924495574175904","0.91419979490327","0.809005145495411","0.753264726550957","0.520721387534462","0.346141216711818","0.345531988873435","0.591304232247262","0.634199404576021","",
"Latvia","LVA","Interest payments (% of revenue)","GC.XPN.INTP.RV.ZS","","","","","","","","","","","","","","","","","","","","","","","","","","","","","","","","","","","1.66291620580495","3.66854350958025","4.76187020484847","2.56162379550084","2.21850332158887","2.13802934204626","3.40477601748301","3.05985935974088","2.84982747711723","2.68988863300394","2.4980379034261","1.83738851755376","1.51758467733626","1.38289062181889","1.76770380752017","4.50296624748109","5.53427466331143","5.62869010734045","5.35500089227796","4.88893275016789","4.59297572398441","4.2193773043273","3.53287621136836","3.11390703672565","2.37452091439962","2.20997988750814","1.97319865648229","1.57991817714356","1.46175456089919","1.86601355165651","2.68531305400067","",
"Macao SAR, China","MAC","Interest payments (% of revenue)","GC.XPN.INTP.RV.ZS","","","","","","","","","","","","","","","","","","","","","","","","","","","","","","","","","","","","","0.0433545946016961","0.00178188591053432","0.011660616217131","","","","","","","","","","","","","","","","","","","","","","","","","","","",
"St. Martin (French part)","MAF","Interest payments (% of revenue)","GC.XPN.INTP.RV.ZS","","","","","","","","","","","","","","","","","","","","","","","","","","","","","","","","","","","","","","","","","","","","","","","","","","","","","","","","","","","","","","","","","","",
"Morocco","MAR","Interest payments (% of revenue)","GC.XPN.INTP.RV.ZS","","","","","","","","","","","","","","","","","","","","","","","","","","","","","","","18.9080843752983","21.272317559369","19.5180649485164","21.1786345748018","22.1691299033226","23.2293783726961","","20.239960168555","19.1609612645315","18.0841731390547","","","15.9421055781829","15.8013198245026","14.5204379954753","12.5792575370422","11.7547581811361","10.4316707145629","8.1356738521001","8.14767661052181","8.34926887616703","8.17501572516698","8.45346803134801","9.00016179365084","9.55613343961327","10.4802478105814","10.2502226418494","9.6760987609537","9.41504965390079","9.92660325327262","9.25109567211958","8.7322327235262","7.96111730498483","8.01285790687035","","",
"Monaco","MCO","Interest payments (% of revenue)","GC.XPN.INTP.RV.ZS","","","","","","","","","","","","","","","","","","","","","","","","","","","","","","","","","","","","","","","","","","","","","","","","","","","","","","","","","","","","","","","","","","",
"Moldova","MDA","Interest payments (% of revenue)","GC.XPN.INTP.RV.ZS","","","","","","","","","","","","","","","","","","","","","","","","","","","","","","","","","","","","13.9456703576834","10.5407834223185","12.9466420714627","14.7692307692308","27.5598206165522","23.2431570797468","17.7637149605597","8.5876244967154","7.85570979286411","8.24503558585956","3.77960219787282","2.79003762579906","3.16524357011238","3.18598449393356","3.99743152326005","2.22103247996366","2.4663685478436","2.29328910102654","1.52995145525529","1.53733851840884","2.59664300576423","4.14266983120612","3.8978595113632","2.80211983866583","2.76461159504898","2.9025169968376","2.64945699607183","3.11978149500439","5.61592322277894","","",
"Madagascar","MDG","Interest payments (% of revenue)","GC.XPN.INTP.RV.ZS","","","","","","","","","","","","","","","","","","","","","","","","","","","","","","","14.9269759450172","28.0949689089881","38.0659253375695","46.4748201438849","65.7047428189713","59.8850874902063","","","","","","","","10.9579588129228","14.4543484341311","15.8210195240639","11.2227607676242","6.98258793724158","4.07934371595206","6.97509817373867","5.73978684377032","5.38883194223663","5.55490755050852","4.25914378844142","4.1843753637704","6.28182082607575","5.66706840187415","5.1883524410463","5.44840412087895","4.75256485249564","5.57421700886266","5.41362524812497","4.8156264476304","5.41475798744076","4.81914536556451","",
"Maldives","MDV","Interest payments (% of revenue)","GC.XPN.INTP.RV.ZS","","","","","","","","","","","","","","","","","","","","1.25523012552301","1.05263157894737","3.88471177944862","4.8526863084922","4.71464019851117","3.7308868501529","5.85642317380353","4.15647921760391","4.51739618406285","3.69654505919304","","2.31567247128566","2.70814964101272","2.57701066762555","3.37911488990626","4.91114418278911","5.44483985765125","5.17737296260786","4.78518844083068","4.23214563559981","4.44334398775492","4.49229470128773","4.6488427773344","5.03615702479339","4.41772317344138","4.0716803760282","3.38364752397387","3.25650728127508","3.10961285784437","3.77653691564835","10.8007481340349","10.4007633587786","7.745879610664","","","6.52185560375682","7.8580793589477","6.40753047086744","5.44873411801963","6.51184895637519","6.67448999786819","10.5774642312768","9.73153770268114","","","","",
"Middle East, North Africa, Afghanistan & Pakistan","MEA","Interest payments (% of revenue)","GC.XPN.INTP.RV.ZS","","","","","","","","","","","","","","","","","","","","","","","","","","","","","","","","","","","","","","","","","","","","","","","","","","","","","","","","","","","","","","","","","","",
"Mexico","MEX","Interest payments (% of revenue)","GC.XPN.INTP.RV.ZS","","","","","","","","","","","","","8.62068965517241","10.2941176470588","11.5789473684211","10.4477611940298","11.7647058823529","13.2780082987552","12.7329192546584","12.0728929384966","11.1441307578009","19.3363844393593","27.6892430278884","54.1920216362407","48.6224709427464","59.8792535675082","99.340075419952","114.436971003765","100.529648819804","66.0833122251134","52.4970205252704","30.6024386274052","21.8675257761666","16.2495793516407","13.41937307176","18.8602983035409","18.80671648004","15.1183550244493","16.5496717689349","18.2781674202792","13.9598085416101","","","","","","","","11.8794473272796","13.9567108303927","12.9979322005735","11.6152152231098","11.9920799127085","12.003038170891","12.5492706480249","11.3294576405841","11.6843206985179","13.6192261790889","14.4996161272349","14.0951934278683","15.447815297275","15.8259382639258","17.1966048280522","18.5493152744806","20.0001112170522","",
"Marshall Islands","MHL","Interest payments (% of revenue)","GC.XPN.INTP.RV.ZS","","","","","","","","","","","","","","","","","","","","","","","","","","","","","","","","","","","","","","","","","","","","","","","","","1.3234709927455","0.918254183833425","0.883672545323277","1.42241481746272","1.5106451020813","1.14880671231261","0.768982596868934","0.675307178758659","0.623749463643585","0.440693721399954","0.461687178081401","0.406065011622728","0.387698739395213","","","","","",
"Middle income","MIC","Interest payments (% of revenue)","GC.XPN.INTP.RV.ZS","","","","","","","","","","","","","","","","","","","","","","","","","","","","","","","","","","","","","","","","","","","12.5423776948664","11.3877850725639","10.6603476888826","8.87346558275467","7.66736139337386","6.03202531806603","6.09764205134113","6.06732840338994","5.22190353334187","5.17430584046047","5.21684280297048","5.95625115313463","6.03031348580595","7.27095613179074","8.24198882048674","8.26656465911894","10.0865131509498","8.94132470844026","9.5269513304237","8.81212495299573","8.03023823943907","9.51300977808476","","",
"North Macedonia","MKD","Interest payments (% of revenue)","GC.XPN.INTP.RV.ZS","","","","","","","","","","","","","","","","","","","","","","","","","","","","","","","","","","","","","","","","","","","","","","2.5741188475397","2.9898731252246","2.44545207419749","1.96247126010532","1.9237729554503","2.48038510831171","2.61764705882353","3.16866211209067","3.41956687191615","3.63176223124485","4.17151986958052","4.28685732982915","4.92256305811206","4.27748024077677","4.0626270666968","4.28433966974015","4.21080976112559","3.8184591816675","4.74731999038784","","",
"Mali","MLI","Interest payments (% of revenue)","GC.XPN.INTP.RV.ZS","","","","","","","","","","","","","","","","","","","","","","","","","","","","","","","","","","","","","","","","","4.97127373783229","4.00842968369682","4.40541500185483","3.53763332991148","3.15830940542416","3.01984043989087","0.850684142194551","1.79809915232469","1.87038484234701","1.70384142191652","2.04009364783933","3.01963225341119","3.0017067482923","3.27142372306126","4.04265632573922","4.06826332784262","2.96286365464539","4.35036496350365","6.38705521113091","5.87255225731636","7.55899845407682","","","","","",
"Malta","MLT","Interest payments (% of revenue)","GC.XPN.INTP.RV.ZS","","","","","","","","","","","","","4.97549019607843","3.40336864038896","2.93778801843318","2.12509584839522","2.06768750609578","2.00190657769304","1.65776679684387","","1.5046052169022","1.16681554265297","1.0596301682942","1.06356039503672","1.18211852157754","1.22366082762122","1.35412824700985","1.30867860548903","1.38022391248611","2.11830702892787","1.91419141914191","2.87602265575834","3.47851505407775","3.93041814866844","4.99510284035259","5.08221225710015","5.86364911624427","7.1237602414834","9.1577013907111","11.1938031591738","11.9963175412506","10.7315112540193","10.9788771886099","10.0310722870376","10.0825536598789","9.7152760584303","9.45297053008191","9.046148337138","8.80787086332467","8.66677946028255","8.11907455815224","8.33895510081703","7.93189074139766","7.50998580530155","7.08351942831621","6.26810428065658","5.65186355988375","4.74677170288477","4.01716387413159","3.65712718653895","3.67991520932697","3.1794775770059","2.8480038315487","3.37881943365143","3.49098952573027","",
"Myanmar","MMR","Interest payments (% of revenue)","GC.XPN.INTP.RV.ZS","","","","","","","","","","","","","","","","","","","","","","","","","","","","","","","","","","","","","","","","","","","","","","","","","","","","","6.7426178287944","6.54237562544988","6.03031348580595","6.29137217722853","7.59522767740611","8.85396756453864","10.3799013458567","9.55530955337015","","","","","","",
"Middle East, North Africa, Afghanistan & Pakistan (excluding high income)","MNA","Interest payments (% of revenue)","GC.XPN.INTP.RV.ZS","","","","","","","","","","","","","","","","","","","","","","","","","","","","","","","","","","","","","","","","","","","","","","","9.3119477779243","8.76214905810048","7.97315549552592","8.14767661052181","","","","","","","","","","","","","","","","",
"Montenegro","MNE","Interest payments (% of revenue)","GC.XPN.INTP.RV.ZS","","","","","","","","","","","","","","","","","","","","","","","","","","","","","","","","","","","","","","","","","","","","","","","","","","","","","","","","","","","","","","","","","","",
"Mongolia","MNG","Interest payments (% of revenue)","GC.XPN.INTP.RV.ZS","","","","","","","","","","","","","","","","","","","","","","","","","","","","","","","","","0.626515763945028","4.18800594746407","2.63956404619624","1.63704566975016","3.16567261487939","10.9377733538443","6.17922768008823","8.50225114523327","5.99943274012902","4.53119275405835","4.97093375513633","3.06044429476059","","","1.18607538962496","0.968861866937316","0.974472221826884","1.55790678003834","1.39725990977023","0.939156620106209","2.72861165508255","4.98412575033561","8.66721263298774","13.4702626616314","18.266798069236","16.0347927933999","10.9362606304665","6.89069796908843","8.68690332759061","6.16819515777145","4.15632053588093","4.45598248092915","4.25984217763866","",
"Northern Mariana Islands","MNP","Interest payments (% of revenue)","GC.XPN.INTP.RV.ZS","","","","","","","","","","","","","","","","","","","","","","","","","","","","","","","","","","","","","","","","","","","","","","","","","","","","","","","","","","","","","","","","","","",
"Mozambique","MOZ","Interest payments (% of revenue)","GC.XPN.INTP.RV.ZS","","","","","","","","","","","","","","","","","","","","","","","","","","","","","","","","","","","","","","","","","","","","","","","","","","","3.0026836176458","3.27692711101555","3.31479404168126","","","","9.18024314560516","8.3041323056424","12.0509626586231","10.3209436363995","10.4206386332261","9.27655323380869","10.3000431931996","13.1838835284803","15.1060526818956","",
"Mauritania","MRT","Interest payments (% of revenue)","GC.XPN.INTP.RV.ZS","","","","","","","","","","","","","","","","","","","","","","","","","","","","","","","","","","","","","","","","","","","","","","","","","","","","","","","","","","","","","","","","","","",
"Mauritius","MUS","Interest payments (% of revenue)","GC.XPN.INTP.RV.ZS","","","","","","","","","","","","","","9.89010989010989","6.76233963905197","4.69464063149148","4.85684588490976","6.24786907603137","9.46438700267401","12.6516220028209","17.8683731450323","22.2575976845152","28.0595971512212","24.0343060069014","23.7868349974204","23.664325244785","21.4385618966822","17.0843923343784","13.1608094354308","11.4274950961926","14.8569079678265","15.369043758537","12.8893643889435","9.50310259460502","9.32620968309611","11.2737071906126","13.3044230075362","12.5458035246903","13.1723701504162","13.1399392525421","11.933618504436","13.4656973356433","12.5423776948664","13.3106671823516","13.6884784079666","11.8363384258942","12.0228230813499","14.7605994586958","13.7129073992513","11.684870400714","10.6120751966766","8.52523751024298","8.10743855371744","7.4888104845842","7.49999174482483","10.1134672119874","10.1601938556828","7.52857011643931","7.305300015737","7.98549286756141","9.00661761214895","9.46200697224062","8.03023823943907","9.78887697988304","10.4107598294698","",
"Malawi","MWI","Interest payments (% of revenue)","GC.XPN.INTP.RV.ZS","","","","","","","","","","","","","","","","","","","","","","","","","","","","","","","","","","","","","","","","","","","","","","","","","","8.59343805382106","8.3854184544334","8.38383068308741","9.22982445238465","7.04535605682649","17.582646692874","15.4655231991607","16.4213242419492","18.5056783301668","18.8949919252763","19.8047927117437","20.6843156677894","24.7721619492629","29.9238225072927","","","",
"Malaysia","MYS","Interest payments (% of revenue)","GC.XPN.INTP.RV.ZS","","","","","","","","","","","","","","","","","","","","","","","","","","","","","","","","","","","","","11.50563852484","9.72600666061157","12.1922460975309","13.4392542660874","14.5366104252621","12.0552479726593","11.5776995473813","11.3877850725639","10.9851304855228","10.9159666237077","10.1139606547229","9.2295703976645","8.00835282662469","8.96468063996134","9.78440541467027","9.55453863951375","9.39691936973335","9.73690984026823","10.2382671627412","11.0837166630913","12.4656695901064","12.6418604410889","13.1170116329836","12.4549457273306","15.3258732029344","16.2860332189783","14.020107638443","14.7101686251226","15.5508470091257","",
"North America","NAC","Interest payments (% of revenue)","GC.XPN.INTP.RV.ZS","","","","","","","","","","","","","6.92879517509","6.42781011724194","8.2847057128449","8.41820114528683","9.22651578473606","9.00595190002963","8.22910915332357","9.63325283451353","11.233238074302","12.2649619406368","14.6844347417413","16.3748239759995","17.2040316293574","19.2292627455935","18.7954851956699","17.1726275527027","17.4771704914967","17.2758109980412","24.3978354105629","23.8035891069069","22.7561358638389","21.8704128780832","21.3823659819448","22.5372515749689","21.6597799110454","19.3013154461863","18.3860704173857","16.8928393771643","15.4580642201236","15.3681816639511","14.0019585023472","12.9293808257427","12.1079522961597","11.6426755944823","11.2954301645385","11.200272123623","10.8330097989753","10.557907291417","10.6928633646069","11.0494510849093","10.2172329048442","8.87883477833515","8.41768539553192","7.74877377751587","8.06250318961156","7.75970071304623","9.09954294497622","9.441145050655","8.21131133571502","8.17909091877144","9.6057822139336","12.7042178138608","14.3269547561699","",
"Namibia","NAM","Interest payments (% of revenue)","GC.XPN.INTP.RV.ZS","","","","","","","","","","","","","","","","","","","","","","","","","","","","","","","1.33525982761198","0.792387018501668","0.737478234149339","2.26193168966297","3.21988381015017","3.56195993715632","5.37346089493329","6.20117965885541","7.96953735261982","7.07126411426523","6.21632509304711","7.28149514508794","7.86286044898219","8.87387862598414","8.80008571368401","8.87346558275467","7.17871436230608","5.7130893554204","4.71542140423123","4.98288031019377","4.13128063146064","3.81713722037328","4.52342615325142","4.22259380931148","4.12452782606748","5.02430206665708","8.79727279889586","9.66805983199642","10.7497227038261","11.7500932494354","12.5742459188092","14.2847647718808","14.6587228485817","14.5161970606691","","",
"New Caledonia","NCL","Interest payments (% of revenue)","GC.XPN.INTP.RV.ZS","","","","","","","","","","","","","","","","","","","","","","","","","","","","","","","","","","","","","","","","","","","","","","","","","","","","","","","","","","","","","","","","","","",
"Niger","NER","Interest payments (% of revenue)","GC.XPN.INTP.RV.ZS","","","","","","","","","","","","","","","","","4.82532392980154","7.20964828392307","5.38485967210512","9.07550397263121","7.23233888673641","","","","","","","","","","","","","","","","","","","","","","","","","","","","","","","","","","","","","","","","","","","","","",
"Nigeria","NGA","Interest payments (% of revenue)","GC.XPN.INTP.RV.ZS","","","","","","","","","","","","","","","","","","","","","","","","","","","","","","","","","","","","","","","","","","","","","","","","","","","","","","","","","","","","","","","","","","",
"Nicaragua","NIC","Interest payments (% of revenue)","GC.XPN.INTP.RV.ZS","","","","","","","","","","","","","","","","","","","","","","","","","","","","","","","0.0155098875533152","3.69929389804045","11.7025142171692","14.3307631342101","18.809616634178","13.4029889294561","10.4201846577782","16.469296798833","15.932049429681","8.57060425610488","11.0957985657682","13.7330340921235","12.7590091877714","15.6902873214502","10.1208331599269","8.95530950605244","7.94322329639236","6.45054365808588","5.35250630457426","6.35240397596431","6.54623003305735","6.00042461263346","5.63740633604073","5.39513320434525","4.90333866337303","4.95001251333438","5.33317304856475","5.65900302345023","6.27948957877232","6.60887250028024","6.61257369460357","5.89676136916424","5.42369578364592","6.92450959326027","6.98824023124765","",
"Netherlands","NLD","Interest payments (% of revenue)","GC.XPN.INTP.RV.ZS","","","","","","","","","","","","","","2.84900284900285","2.73102218258834","2.67065175472425","2.9458532094736","3.02984737989625","3.24959988866467","3.47280605315916","4.00188879707236","4.89000278473963","6.14372203211371","7.13184463122296","8.21858240324685","8.9076633454245","9.39537376082876","9.45712386439174","9.42226845230354","9.34235054406731","9.35094867679142","9.1825431989367","9.53421712647795","9.78458789981793","9.93438589296699","10.9185101153337","10.205387374823","9.82431599576198","9.41925553677259","8.50870395567786","7.15048328657588","6.44495128408362","6.02033378909679","5.66718831507564","5.43495746948461","5.06213450292398","4.41767593537192","4.45311353006565","4.52147818752162","4.67867340758229","4.22900219100606","4.22210144071335","3.93273063089336","3.75759531914414","3.50150227645573","3.22385254417104","2.80485587614159","2.38956623014133","2.09255044369997","1.84876688516279","1.69264364008857","1.38065388084474","1.30958937641515","1.59819268006648","1.74989377892979","",
"Norway","NOR","Interest payments (% of revenue)","GC.XPN.INTP.RV.ZS","","","","","","","","","","","","","2.54541557258453","2.60330482205701","2.8823205434184","2.47429709507832","4.13925562965988","4.84733599620879","5.61145510835913","6.57486757676241","6.65288799299159","5.98101557460142","5.6776616061891","5.78472245760318","5.76311748604413","5.93294434630551","7.25669773808748","7.36581511309716","6.05924480365263","6.28522744475386","5.974415024532","5.37814085901721","5.61660370750256","6.2052870021508","6.01765513932481","5.23782926561674","4.58601493791388","3.9549492084528","3.95978542190185","3.2432057083123","2.71500289766023","3.23263400061807","3.03703117409128","3.53068889494215","2.91225402578734","2.97723473733783","4.24145395908698","4.38855311455929","3.19479065981584","2.2856836700216","1.82613984545909","1.48648500385829","1.03424571712203","0.995498584700221","0.937437509912221","0.961324598028644","0.819807201120541","0.678055095974514","0.704228306370177","0.682508116312735","0.716533959604475","0.391633770502513","0.456615208184397","1.03067050034394","1.64281620889845","",
"Nepal","NPL","Interest payments (% of revenue)","GC.XPN.INTP.RV.ZS","","","","","","","","","","","","","","","","","","","","","","","","","","","","","","","","","","","","12.683504049107","12.3082797683447","11.5472917434313","10.2028607168108","10.4481434058899","10.4748451591872","8.88107525662111","10.5021750605195","10.1845799387553","9.20845997973658","7.5409732682321","7.32305471512239","6.03202531806603","5.28281024916742","4.91144970947024","4.61561735916517","4.95005484335555","5.31837545822883","4.15111327345913","2.97502095784131","2.058426063173","1.65503850042769","1.53279423231735","2.0224987596975","2.31696895226968","3.3290613517589","3.85657960803328","","8.02195964202454","","",
"Nauru","NRU","Interest payments (% of revenue)","GC.XPN.INTP.RV.ZS","","","","","","","","","","","","","","","","","","","","","","","","","","","","","","","","","","","","","","","","","","","","","","","","","","","","","","","","","","","","","","0.0686708659833465","0.0548426800641053","0.0528175787917639","0.041832900179341","",
"New Zealand","NZL","Interest payments (% of revenue)","GC.XPN.INTP.RV.ZS","","","","","","","","","","","","","8.640822045773","7.61614623000762","7.08106376161487","7.72311212814645","8.58078092120645","9.00970873786408","10.46388101983","11.1094826322732","11.3327404395884","12.3422591566636","13.1738664762585","17.2060455981556","18.4846935047856","19.5488721804511","19.6789478773813","18.6140997667595","16.628988622466","","","","","","","","","","","","","5.95389655979406","4.85222552233521","5.0084308347366","4.71486579225701","4.50935191325382","3.8514011510295","3.42246314095264","1.94416169841501","3.3147679710088","3.80208367242837","4.47864697609935","5.01027333291825","4.98080300401344","4.45750748063674","4.37594762660387","4.03535281358617","3.76989943651444","3.55428596838746","3.28810512206185","3.08521425547871","2.78400361370464","3.2038226492858","4.17764875666416","4.65133544675274","",
"OECD members","OED","Interest payments (% of revenue)","GC.XPN.INTP.RV.ZS","","","","","","","","","","","","","2.99383180382127","3.31045411598675","3.2122905027933","3.57391341174193","4.34592294826793","4.84733599620879","5.39075085273959","6.56908309052392","7.36210396251967","6.88946861409573","6.60253164556962","7.29302822525624","8.56445176788231","10.8594181069836","10.8843537414966","10.6290961997944","10.4998671575511","9.99586481711214","9.96799487711777","9.77647265404632","9.8373011321744","9.78458789981793","9.93438589296699","10.0582259567618","10.0977115781129","10.2437287759295","9.59215752450774","8.0399313504353","7.65067595960562","6.58148003988291","6.48272521109734","5.98880120236526","5.80858612495807","5.0344871521424","4.39347685375423","4.42083332231247","5.71539017508232","5.4164587032355","5.53427466331143","6.01559016450241","5.993224377203","5.81611833643691","5.59891209257607","5.06981552939367","4.79440013105924","4.1179415960588","3.91337297821352","3.69837406708508","3.72086552275354","3.20656117385791","3.41746566567103","4.07582933379715","4.23089307611782","",
"Oman","OMN","Interest payments (% of revenue)","GC.XPN.INTP.RV.ZS","","","","","","","","","","","","","","","","","","","","","","","","","","","","","","","","","","","","","","","","","","","","","","","","","","","","","","","","","","","","","","","","","","",
"Other small states","OSS","Interest payments (% of revenue)","GC.XPN.INTP.RV.ZS","","","","","","","","","","","","","","","","","","","","","","","","24.0343060069014","23.7868349974204","23.664325244785","21.4385618966822","17.0843923343784","13.1608094354308","11.4274950961926","14.8569079678265","7.79260661770343","12.8893643889435","9.50310259460502","9.32620968309611","6.21243810360544","7.42434095551925","6.67897206882448","7.08327203870161","2.61734885467518","3.44624197364357","4.43205499479693","5.01443660269147","3.48683157490766","5.6294595890773","5.84326538021492","5.02972152140179","4.31953808737595","4.47563654070654","4.84051508837171","4.41795341628215","4.34310314748769","2.33181287510587","7.4888104845842","4.83888980490105","2.46607686995044","5.1026280411299","4.10680145276292","5.56102242853605","4.58797199134835","5.17528058750173","4.19429528548204","1.78168380313023","2.86833088595203","2.80593785346457","",
"Pakistan","PAK","Interest payments (% of revenue)","GC.XPN.INTP.RV.ZS","","","","","","","","","","","","","","","","","","","","","","","","","","","","","","","","","","","","","","","","","","","","","","","","","","","","","","","","","","","","","","","","","","",
"Panama","PAN","Interest payments (% of revenue)","GC.XPN.INTP.RV.ZS","","","","","","","","","","","","","","","","","","","","","","","","","","","","","","","","","","","","","","","","","","","","","","","","","","","","","","","13.4611435966533","13.7853307403796","13.4447326193437","12.3830043800858","12.8544063189977","15.4173981626608","21.3700640823479","20.3905344064759","","","","",
"Peru","PER","Interest payments (% of revenue)","GC.XPN.INTP.RV.ZS","","","","","","","","","","","","","5.76923076923077","13.4615384615385","8.95522388059701","12.3595505617978","9.64912280701754","15.0943396226415","27.3764258555133","25.0453720508167","21.0009813542689","25.0820748522653","22.4144869215292","37.7474585339754","32.489009838811","30.8657869327325","22.2721338319577","23.9009996386848","32.5062034739454","28.4704627283638","61.6111241492607","28.030833917309","29.2493544061415","27.5367338321322","21.7794460368304","19.2362463862681","13.7374100001994","10.4429494989938","11.2924145842295","13.0394715111478","13.5008551828988","12.7870519179946","12.56923614817","12.4100134559318","11.9490831882802","10.5636170818137","9.46678496440639","8.74126395638942","7.63366377041752","6.99992309278406","5.82818970751856","5.4498148306453","4.94806834921215","5.04508359633484","4.81621730590106","5.10636517565428","5.74268048422122","6.21033963833235","6.46065598554774","6.42592315032509","8.16445422411419","6.55420064925363","","","","",
"Philippines","PHL","Interest payments (% of revenue)","GC.XPN.INTP.RV.ZS","","","","","","","","","","","","","","","","","","","","","","","","","","","","","","","40.241059302852","34.5881114619689","33.0266239266555","29.5642528060357","25.8364190879228","21.4716112426158","18.9041698267492","16.8616935004271","21.6563439945486","22.4089694909966","31.4399631189203","34.8428162660331","34.5902379508106","37.6828983248929","39.2724656896625","38.6917606669936","33.1439824981188","26.4731686407564","24.1180668711358","25.722314576468","25.0699734014151","20.8155879691948","20.7299101792093","18.9545920663204","16.9940824430075","15.3264069221768","14.0344101731257","12.5608087364767","12.3200506689359","11.5052042052437","13.3221594295774","14.289552421245","14.1895600248204","16.4345724545452","17.2862227284341","",
"Palau","PLW","Interest payments (% of revenue)","GC.XPN.INTP.RV.ZS","","","","","","","","","","","","","","","","","","","","","","","","","","","","","","","","","","","","","","","","","","","","","","","","","0.955051515929708","0.749671774167961","0.797417114419918","0.730763678077765","0.60940439598684","0.639764782110137","0.508359171467125","0.651466753521615","0.359743337526737","0.398748859405949","0.345746446704978","0.479183908461682","0.598793021126044","","","","","",
"Papua New Guinea","PNG","Interest payments (% of revenue)","GC.XPN.INTP.RV.ZS","","","","","","","","","","","","","","","","","","","","","","","","","","","","","","","11.6779330028541","7.91422680412371","12.3475473252503","11.9856504980346","12.9714167160556","18.745413585858","14.2307232855521","14.0042276193004","16.8630789682006","15.4572724444385","14.6972756052552","14.7976184262315","19.9049526844997","","","","","","","","","","","","7.85768421052632","10.3189538597953","11.9030472673539","13.2311659734851","13.1571865497544","15.3550416808948","17.8610573499555","16.2269053209577","13.8767385123088","13.9388057554887","","",
"Poland","POL","Interest payments (% of revenue)","GC.XPN.INTP.RV.ZS","","","","","","","","","","","","","","","","","","","","","","","","","0.205289538231844","0.656676950198325","0.431933548684818","0.548576277864493","0.520294197766276","","","","","","9.91370500738049","10.0481772089881","2.31993751998365","10.3513300462154","9.76112459269618","7.50434706827076","8.38400676167445","8.782783730981","7.95102800022718","8.2650415557886","7.98418141447585","7.0033850163798","6.73161354300261","5.99894513208031","5.91465207997054","7.40244065978275","7.35422700990443","7.23972652542256","7.48480736548708","7.28728099479977","5.68441783692674","5.06981552939367","4.89163117852216","4.39829922473442","3.91337297821352","3.69837406708508","3.51325349977991","2.92109045364879","4.05151988034782","5.21673872257117","","",
"Pre-demographic dividend","PRE","Interest payments (% of revenue)","GC.XPN.INTP.RV.ZS","","","","","","","","","","","","","","","","","","","","","","","","","","","","","","","","","","","","","","","","","","","","","","","","","","","","","3.27550630426777","","3.77331145234813","5.68537230457995","6.4430265130194","6.49930920607394","8.90281552362828","7.47735076101014","9.12223928905361","9.27655323380869","","","","",
"Puerto Rico (US)","PRI","Interest payments (% of revenue)","GC.XPN.INTP.RV.ZS","","","","","","","","","","","","","","","","","","","","","","","","","","","","","","","","","","","","","","","","","","","","","","","","","","","","","","","","","","","","","","","","","","",
"Korea, Dem. People's Rep.","PRK","Interest payments (% of revenue)","GC.XPN.INTP.RV.ZS","","","","","","","","","","","","","","","","","","","","","","","","","","","","","","","","","","","","","","","","","","","","","","","","","","","","","","","","","","","","","","","","","","",
"Portugal","PRT","Interest payments (% of revenue)","GC.XPN.INTP.RV.ZS","","","","","","","","","","","","","","","","3.13479623824452","4.55259026687598","","9.88960441582331","10.6715063520871","10.1433882103027","16.3248043983929","17.1467299220603","18.1772908366534","21.3374116654362","23.2660836436055","25.0749625187407","23.2597524978787","21.5171866702871","17.7973228677553","20.4381948986265","","","","","16.5670714297711","14.0597246891652","11.1173789430931","9.20656247047833","8.36746746485588","8.47483045707669","8.4579805053787","7.78002853843552","7.67245891444122","7.37216658365298","7.26159291048935","7.74829127994909","7.97014262670987","8.43382721230771","8.5363397121414","8.58737071311922","11.7553159081216","12.9592706378282","12.1571826390256","12.4091457493453","11.7393779597517","10.8238920089983","9.95102015391345","8.74828300000384","7.74414163184949","7.42052976718289","6.00580997592147","4.95387039532298","5.50984677267275","5.4068590994803","",
"Paraguay","PRY","Interest payments (% of revenue)","GC.XPN.INTP.RV.ZS","","","","","","","","","","","","","","","","","","","","","","","","","","","","","","","","","","","","","","","","","","","","","","5.57483731019523","4.6135164334759","4.02815316102901","2.93906503503205","2.64101679592822","1.7978016297683","1.25351386229276","1.03733424276556","1.57119780818554","1.83669378147605","2.83594939947468","3.11362929070123","3.46609727482339","3.84964165306228","3.92408959297592","6.43424492189744","6.64579341677256","7.23990261827236","9.23714257628647","10.2996410477832","",
"West Bank and Gaza","PSE","Interest payments (% of revenue)","GC.XPN.INTP.RV.ZS","","","","","","","","","","","","","","","","","","","","","","","","","","","","","","","","","","","","","","","","","","","","","","","","","","","","","","","","","","","","","","","","","","",
"Pacific island small states","PSS","Interest payments (% of revenue)","GC.XPN.INTP.RV.ZS","","","","","","","","","","","","","","","","","","","","","","","","","","","","","","","","","","","","","","","","","","","","","","","","","","","","","","","","","","","","","","","","","","",
"Post-demographic dividend","PST","Interest payments (% of revenue)","GC.XPN.INTP.RV.ZS","","","","","","","","","","","","","","2.98005698005698","2.95188151927255","3.13479623824452","4.06222990492653","4.25516148295593","4.65230166503428","6.56329860428543","7.28730366492147","6.64401218654793","6.40390371506905","7.13184463122296","8.21858240324685","10.8594181069836","10.8843537414966","10.6290961997944","9.73859475223435","9.6546379903172","9.50206262980215","7.48963585946866","7.6026394960962","6.79445490330311","7.15628400883818","9.51530701174364","9.81929970041668","9.83969909998657","9.20656247047833","8.0399313504353","7.45505728595066","6.58148003988291","6.02033378909679","5.66718831507564","4.9915026369751","4.62281756211895","4.28571742457877","4.17069583945211","3.9793182157037","4.25130014288054","4.71561724540753","5.12123463936339","4.94267710544335","5.07630917737713","4.99031385395184","4.9002188770918","4.4550992399237","4.02618775367868","3.6758013953324","3.41013850941509","3.2856747068198","2.95595561477645","3.14293452481271","3.80318305889165","3.47687049782886","",
"French Polynesia","PYF","Interest payments (% of revenue)","GC.XPN.INTP.RV.ZS","","","","","","","","","","","","","","","","","","","","","","","","","","","","","","","","","","","","","","","","","","","","","","","","","","","","","","","","","","","","","","","","","","",
"Qatar","QAT","Interest payments (% of revenue)","GC.XPN.INTP.RV.ZS","","","","","","","","","","","","","","","","","","","","","","","","","","","","","","","","","","","","","","","","","","","","","","","","","","","","","","","","","","","","","","","","","","",
"Romania","ROU","Interest payments (% of revenue)","GC.XPN.INTP.RV.ZS","","","","","","","","","","","","","","","","","","","","","","","","","","3.0231655952117","1.82263121670193","1.76055466138418","1.04098000439464","0.266611446172961","","0.111683630733305","0.678117270612466","2.47331668791724","4.36568787146834","5.49044644078617","6.813385589388","16.2470637402545","13.3938633802305","16.1801355896757","12.311397769775","11.0052869130946","7.78782406594601","5.21625080721732","4.66373806010258","3.89164744133383","2.38669511481408","1.94020968868676","2.02477378801429","5.87317060319049","5.51157779875573","6.03944131929804","6.56478673943804","5.99257287320539","5.00435101617053","4.44378320971626","4.28029770975116","3.97086963400506","3.57577642542412","3.77060304563241","4.54904068435432","4.70535049017556","4.52784666028597","6.15561356618812","7.28795608026041","",
"Russian Federation","RUS","Interest payments (% of revenue)","GC.XPN.INTP.RV.ZS","","","","","","","","","","","","","","","","","","","","","","","","","","","","","","","","","","","","","","","","16.0595832211661","14.2911378794714","9.5117642797877","6.47816726225619","5.99414812868765","4.03377103558122","3.10502377018353","2.18716794009007","1.35081942030933","1.10070572579332","1.73956604162779","1.60125512522947","1.520252351841","1.76461610521385","1.94491120724439","2.01431112266033","2.64735238001981","2.57525264913469","2.50626501547285","2.36353296928589","2.6182235735765","2.36125648480462","","","","","",
"Rwanda","RWA","Interest payments (% of revenue)","GC.XPN.INTP.RV.ZS","","","","","","","","","","","","","","2.64572137246796","2.10745028198278","1.7564870259481","1.34814814814815","0.746868895783063","1.0239651416122","1.92338515787786","2.35421948569359","","","","","","","","","6.4901847944242","7.34447699465793","10.8007448789572","12.1460563273362","","","","","","","","","","","","","","","","","","","","","","2.87042118043602","2.87849884186403","3.2492658317566","3.88177304956609","4.4589633218022","4.40772450337191","5.52392545201246","6.19834384801656","6.21021774540179","7.68293070581152","","",
"South Asia","SAS","Interest payments (% of revenue)","GC.XPN.INTP.RV.ZS","","","","","","","","","","","","","","","","","","","","","","","","","","","","","","","27.7220639407892","27.5542036392828","28.5404658766695","30.5740509634913","32.8934527270303","26.327752102432","31.7714827514547","32.0996118716155","30.1364147887904","30.6544094426022","32.9037058260817","27.4040879131715","27.9740430747163","26.3694952782118","24.1399146232521","22.7325118045808","22.3613589412694","22.0326805468574","24.1743022348222","25.095769957509","20.5655693100604","19.3653225072283","20.8265743223698","21.4326934807182","22.8110749387121","22.8181031023316","21.3348212265987","21.4961957640791","20.5417732305817","19.0400358921353","21.0903642354009","20.8277384040526","55.873088322122","43.948206996917","","",
"Saudi Arabia","SAU","Interest payments (% of revenue)","GC.XPN.INTP.RV.ZS","","","","","","","","","","","","","","","","","","","","","","","","","","","","","","","","","","","","","","","","","","","","","","","","","","","1.47496009537397","0.702978890946999","0.489917266795932","0.399701893703763","0.339184783601454","0.425661096730179","0.952470673106658","1.30599026456683","1.65595448112322","2.27932302812191","3.12816011184723","2.83627486303424","2.39041526354088","3.11717626441745","3.53928856293198","",
"Sudan","SDN","Interest payments (% of revenue)","GC.XPN.INTP.RV.ZS","","","","","","","","","","","","","","","","","","","","","","","","","","","","","","","","","","","","","","","7.2090685382656","9.39378145136368","","","","","","","","","","6.33655265993535","8.04710216560018","","11.3897898331386","4.40493712020751","7.36125182274434","6.58112506834888","5.12851531244437","","","","","","","","","",
"Senegal","SEN","Interest payments (% of revenue)","GC.XPN.INTP.RV.ZS","","","","","","","","","","","","","","","","","","","","","","","","","","","","","","","","","","","","","","","","","","","","","","","","","","","","","","","","7.01239429875933","7.62392717994538","8.01157164626125","9.00748542888507","8.49345975585687","9.28605567233157","9.5061670120264","9.86295387445667","12.3194106049545","","",
"Singapore","SGP","Interest payments (% of revenue)","GC.XPN.INTP.RV.ZS","","","","","","","","","","","","","5.6274620146314","7.04887218045113","6.88055662930035","6.92943420216147","9.36564931178935","11.0968404829181","12.7294398092968","13.0141190914672","11.6260801256874","9.8755931768629","10.4042412193506","14.7050754458162","16.5400401711641","11.1255572065379","11.430218038613","29.3195334826601","10.2410508083141","10.1145767027371","11.3081915846016","13.1984537376374","8.76532825711629","4.38156255561488","3.88402625820569","3.84072295961593","2.9365246731337","2.48727528019457","2.56396975033668","2.07785767418795","1.2483249876578","1.27383657110765","1.27350427350427","1.14991224353931","0.796867298318637","0.525049789204149","0.333601476363981","0.10477188303648","0.0590075994635673","0.0699279500010382","0.00984248380546878","0.0071898900114035","0.00496514314352522","0.00391859569587477","0.00125184299107019","0.00314928806406702","0.00342592891973143","0.000731481985449348","0.000639162291657675","0.417307143719007","0.497107528626277","0.348080818137311","0.423379410650531","0.418002888983003","0.473772313601798","",
"Solomon Islands","SLB","Interest payments (% of revenue)","GC.XPN.INTP.RV.ZS","","","","","","","","","","","","","","","","","","","","","","","","","","","","","","","","","","","","","","","","","","","","","","","","","","","","0.846698375613573","0.619012189200425","0.346217320976058","0.324656735668569","0.262959546111803","0.27235157254189","0.310028358408611","0.224244799421677","0.449146226386056","0.516512389302686","0.600097039501874","1.23314029497938","","","",
"Sierra Leone","SLE","Interest payments (% of revenue)","GC.XPN.INTP.RV.ZS","","","","","","","","","","","","","","","","","","","","","","","","","","","","","","","","","","","","","","","","","","","","","","","","","","","","","","","","","","","","","","","","","","",
"El Salvador","SLV","Interest payments (% of revenue)","GC.XPN.INTP.RV.ZS","","","","","","","","","","","","","","","","","","","","","","","","","","","","","","","","","","","","","","","8.00857070834384","8.99960020912138","7.10323170345433","7.46130746130746","12.5352540460797","11.241784849533","14.4375375977542","13.616743443723","15.3484893807957","10.8271858442974","9.75389682163723","12.300524793831","11.6685346717996","10.357454507082","10.1162588789321","10.5460469498312","11.5690518395889","10.5051993935013","10.4674147523777","10.8588684115556","11.0423974839724","11.4369150131037","12.0882819637448","11.074827718446","11.182101706662","14.1166834815078","14.3228100219649","",
"San Marino","SMR","Interest payments (% of revenue)","GC.XPN.INTP.RV.ZS","","","","","","","","","","","","","","","","","","","","","","","","","","","","","","","","","","","","0.705384434516812","","","","","","","2.2544673279571","0.884262219827206","0.734266785106688","0.549281598290041","2.04236042186104","2.27529857985898","1.01020043922635","1.14644209225672","0.876426937751278","0.934360107816697","0.915351439298138","0.696504951972853","1.19670796552555","1.14275125332552","1.26658409312652","1.22295612493999","0.890886192418589","0.705582757806809","1.36744052566215","4.54759850735335","3.01519067221401","5.73510933503143","4.98878518687642","",
"Somalia, Fed. Rep.","SOM","Interest payments (% of revenue)","GC.XPN.INTP.RV.ZS","","","","","","","","","","","","","","","","","","","","","","","","","","","","","","","","","","","","","","","","","","","","","","","","","","","","","","","","","","","","","2.85170952926266","0.382667096112316","0.0960014322121721","0.0970249917318939","0.6381167495069","",
"Serbia","SRB","Interest payments (% of revenue)","GC.XPN.INTP.RV.ZS","","","","","","","","","","","","","","","","","","","","","","","","","","","","","","","","","","","","","","","","","","","","","","","","1.85548199354128","1.44685149135051","1.99067601307472","2.8896598131415","3.53310360940854","5.11531014771214","5.95625115313463","7.10519786868687","7.52951796482216","7.21364017952581","6.14782916246592","5.24995870469327","4.7991745710676","4.55192536537897","4.7123609854641","3.63076915282743","","","",
"Sub-Saharan Africa (excluding high income)","SSA","Interest payments (% of revenue)","GC.XPN.INTP.RV.ZS","","","","","","","","","","","","","","","","","","","","","","","","","","","","","","","","","","","","","","","","","","","","","","","","","","4.7219835017748","4.16121237849485","3.54703216569441","3.3208833182441","4.24086879887645","4.08359207590335","6.28182082607575","7.42145590205502","7.74644781438036","9.00748542888507","8.49345975585687","9.12256659754119","9.46200697224062","10.0814985338281","","","",
"South Sudan","SSD","Interest payments (% of revenue)","GC.XPN.INTP.RV.ZS","","","","","","","","","","","","","","","","","","","","","","","","","","","","","","","","","","","","","","","","","","","","","","","","","","","","","","","","","","","","","","","","","","",
"Sub-Saharan Africa","SSF","Interest payments (% of revenue)","GC.XPN.INTP.RV.ZS","","","","","","","","","","","","","","","","","","","","","","","","","","","","","","","","","","","","","","","","","","","","","","","","","","4.46108669335583","4.13128063146064","3.27692711101555","3.31479404168126","4.22259380931148","4.04265632573922","5.68537230457995","7.21898462416466","7.52857011643931","8.90281552362828","8.23947631170914","9.00661761214895","9.36928010302465","10.3000431931996","","","",
"Small states","SST","Interest payments (% of revenue)","GC.XPN.INTP.RV.ZS","","","","","","","","","","","","","","","","","1.85857722708823","1.47141117219132","2.54678084364098","3.05193386262656","1.97407097991893","2.50395800349971","","","","","","","","","","7.79260661770343","","","","6.21243810360544","7.42434095551925","6.67897206882448","7.08327203870161","2.61734885467518","3.44624197364357","8.94887616522009","8.77840714877894","8.39874937862962","8.06396183314129","7.90267049610218","6.08588658763176","6.47133458533906","5.0287339277271","5.72627088517597","4.75246449230101","4.83506965122067","3.97898349619167","6.24658341213055","5.02435264757608","4.02931765301896","6.73141280443661","5.17836123789946","5.89074411860998","4.99381776169954","5.17528058750173","4.19429528548204","1.78168380313023","","","",
"Sao Tome and Principe","STP","Interest payments (% of revenue)","GC.XPN.INTP.RV.ZS","","","","","","","","","","","","","","","","","","","","","","","","","","","","","","","","","","","","","","","","","","","","","","","","","","","","","","","","","","","","","","","","","","",
"Suriname","SUR","Interest payments (% of revenue)","GC.XPN.INTP.RV.ZS","","","","","","","","","","","","","","","","","","","","","","","","","","","","","","","","","","","","","","","","","","","","","","","","","","","","","","","","","","","","","","","","","","",
"Slovak Republic","SVK","Interest payments (% of revenue)","GC.XPN.INTP.RV.ZS","","","","","","","","","","","","","","","","","","","","","","","","","","","","","","","","","","","","6.09518808880017","6.36014721310358","6.14900975053792","6.52509315337752","8.82028665931643","10.6615518986024","11.1058469162177","10.2361859009812","7.20901043731008","6.39146842850077","5.00683980136083","4.36927777213653","4.37328172242836","4.16689332010214","4.34121948204099","4.12203827526802","4.54218068696177","5.38893416644028","5.40616836863246","5.43222815708512","4.69215959805338","4.79440013105924","4.0202369699117","3.8441034029029","3.44160035330711","3.3377802369548","2.94219268473397","2.69872629068166","2.84664678089685","3.50913394904986","",
"Slovenia","SVN","Interest payments (% of revenue)","GC.XPN.INTP.RV.ZS","","","","","","","","","","","","","","","","","","","","","","","","","","","","","","","","","1.18401578687716","2.98811544991511","3.57432981316004","","","","","","","","5.07837945070726","4.54176967058108","3.93555431160543","3.59333255040075","3.27147804744859","2.96092542056573","2.59053034136215","3.11658755406865","3.77152617483261","4.38272494390777","4.60451157085631","5.81611833643691","7.4425760508847","7.28460700855309","7.11131157300602","5.91867727224032","4.71396735896469","3.83745178990514","3.72086552275354","2.83511674514534","2.6268832941425","2.86270517301671","2.86033162015621","",
"Sweden","SWE","Interest payments (% of revenue)","GC.XPN.INTP.RV.ZS","","","","","","","","","","","","","2.99383180382127","3.24822695035461","3.41124447252053","3.9906103286385","3.36100260416667","3.85025218441429","4.47462010992564","5.28306417722279","7.76974564926372","11.1194309247473","11.4849187935035","17.7082185238253","19.4988860546963","21.4777171895966","17.6218106668786","14.5329901837976","11.2205882352941","9.99586481711214","10.6080034638379","10","9.8373011321744","13.5668411478635","17.3135964912281","12.2289749981329","12.3066759928499","12.2760611262363","10.3404203350153","9.35398129689956","7.83888710199665","6.54490241594973","7.52486631647753","5.25296252663675","4.72961435198996","4.40208566462703","4.31234305582384","3.95283856434492","3.6574831710897","3.27346565084029","2.71420288797226","2.9518481939025","2.27796315244097","2.06842294086436","1.63024054133959","1.48525109138435","1.24709535764118","1.10187739829132","1.17995242573436","0.995626486976558","0.717276175046039","0.599603850816015","1.29388501735187","1.36999748425191","1.08826065542142","",
"Eswatini","SWZ","Interest payments (% of revenue)","GC.XPN.INTP.RV.ZS","","","","","","","","","","","","","","","","","","","","","","","","","","","","","","","","","","","","","","","","2.61734885467518","3.44624197364357","4.43205499479693","5.01443660269147","3.48683157490766","3.19495734501332","3.78386026432767","2.66441109600478","2.14218398062723","2.65034752172634","3.95475929156746","4.0834423402633","4.34310314748769","2.33181287510587","","2.17778786497726","2.46607686995044","3.47384327782318","4.10680145276292","5.23130073846211","4.58797199134835","7.67756631096558","7.41241735902895","","","","",
"Sint Maarten (Dutch part)","SXM","Interest payments (% of revenue)","GC.XPN.INTP.RV.ZS","","","","","","","","","","","","","","","","","","","","","","","","","","","","","","","","","","","","","","","","","","","","","","","","","","","","","","","","","","","","","","","","","","",
"Seychelles","SYC","Interest payments (% of revenue)","GC.XPN.INTP.RV.ZS","","","","","","","","","","","","","","","","","","","","","","","","","","9.10543130990415","6.40509725016767","16.4400326353005","17.0668316831683","14.8983513704865","","","","15.9325637910085","18.4595594146969","22.7633174736449","22.3207232511191","22.2860289490245","21.2504597278411","20.0793388429752","18.6316908897554","","","","","12.3338420839862","17.3881976162876","19.1553589981586","14.0802002102374","","","","","","","","","","","","","","","","","",
"Syrian Arab Republic","SYR","Interest payments (% of revenue)","GC.XPN.INTP.RV.ZS","","","","","","","","","","","","","","","","","","","","","","","","","","","","","","","","","","","","","","","","","","","","","","","","","","","","","","","","","","","","","","","","","","",
"Turks and Caicos Islands","TCA","Interest payments (% of revenue)","GC.XPN.INTP.RV.ZS","","","","","","","","","","","","","","","","","","","","","","","","","","","","","","","","","","","","","","","","","","","","","","","","","","","","","","","","","","","","","","","","","","",
"Chad","TCD","Interest payments (% of revenue)","GC.XPN.INTP.RV.ZS","","","","","","","","","","","","","","","","","","","","","","","","","","","","","","","","","","","","","","","","","","","","","","","","","","","","","","","","","","","","","","","","","","",
"East Asia & Pacific (IDA & IBRD countries)","TEA","Interest payments (% of revenue)","GC.XPN.INTP.RV.ZS","","","","","","","","","","","","","","","","","","","","","","","","","","","","","","","","","","","","","9.31139228903453","10.3318900072279","14.5276625328658","14.448263355263","","","11.5776995473813","8.61009819480718","","","5.75208742093691","3.91138669663102","4.79922300435866","4.51548044849801","3.28756900598327","3.26668821637287","3.47773122101645","5.14738455081451","6.03031348580595","5.50497046731195","7.59522767740611","8.59447390010504","10.4884433779318","8.22300376122929","8.68690332759061","6.3896779659607","9.30249531669762","9.81963044697235","","",
"Europe & Central Asia (IDA & IBRD countries)","TEC","Interest payments (% of revenue)","GC.XPN.INTP.RV.ZS","","","","","","","","","","","","","","","","","","","","","","","","","","","","","","","","","","","","","","","13.3938633802305","9.80986559079865","","","6.98695942709896","5.96851502812717","4.91576679472537","3.44231298402817","2.58836637030657","1.94020968868676","1.96247126010532","2.25360826288472","2.68502246072661","3.25234336476801","3.61644242323083","3.23102863718029","3.11598379564113","4.44378320971626","4.28685732982915","4.39829922473442","4.27748024077677","4.0626270666968","4.54904068435432","4.70535049017556","3.84002783469285","5.0410323876787","5.50860370907199","",
"Togo","TGO","Interest payments (% of revenue)","GC.XPN.INTP.RV.ZS","","","","","","","","","","","","","","","","","","","","","","","","","","","","","","","","","","","","","","","","","","","","","10.5336975940437","7.09034860951734","5.26655941217983","5.56260890398775","4.32528839610002","4.02306091646284","4.19114412552906","2.88363282905067","4.66332023844285","5.35871963804245","5.98285678280064","8.07359857418665","10.3948376683608","7.96432551232141","9.89769001763765","11.4953861923116","14.1380943285558","12.9541596011051","13.9523973416975","14.0042496499961","","",
"Thailand","THA","Interest payments (% of revenue)","GC.XPN.INTP.RV.ZS","","","","","","","","","","","","","10.0280568377229","10.6557066555551","8.39066469093988","9.56705168111543","8.39401437492636","8.04139517056343","8.40560478966242","9.63105683859713","9.99225886360118","11.784824018853","13.7403443769952","15.2650447442599","15.7228069952548","18.4187970150148","19.6672628488509","18.1037400367872","15.6113223095521","13.6345225690955","9.78043815078672","7.28164547827485","5.89524775715621","4.40121145470573","3.17836352719086","1.78833197979396","1.15864405541401","1.7598726588758","1.14696343872474","6.02100689326544","7.38642414162056","7.07800581118495","7.63902137029661","5.83241131705044","6.67462896770807","6.05991675431224","7.15353282985945","5.62538626496988","4.91032370953631","5.78225283081557","6.13780358232205","5.94727979021965","5.96627997492064","5.16319962617618","5.41452070113299","4.63386162098803","4.03113057516722","5.0683878914296","4.96494921656057","4.99189911128158","4.80957708707011","6.3896779659607","6.75505455085063","5.70045513845604","5.7581753665963","",
"Tajikistan","TJK","Interest payments (% of revenue)","GC.XPN.INTP.RV.ZS","","","","","","","","","","","","","","","","","","","","","","","","","","","","","","","","","","","","","","","14.4930816316032","4.21145487269597","3.67758584369075","4.78826594241055","","9.21328153037183","5.0920520364071","","","","","","","","","","","","","","","","","5.68722007513638","3.89462595752124","2.96197047274816","2.93767826512413","",
"Turkmenistan","TKM","Interest payments (% of revenue)","GC.XPN.INTP.RV.ZS","","","","","","","","","","","","","","","","","","","","","","","","","","","","","","","","","","","","","","","","","","","","","","","","","","","","","","","","","","","","","","","","","","",
"Latin America & the Caribbean (IDA & IBRD countries)","TLA","Interest payments (% of revenue)","GC.XPN.INTP.RV.ZS","","","","","","","","","","","","","","","","","","","","","","","","","","","","","","","9.42844982055311","11.0944928684628","9.41988890725265","10.0595243267668","11.5484989696597","12.5461190993414","11.4780910246152","10.4429494989938","11.2924145842295","10.7990968549585","11.0957985657682","12.1962205452526","12.6641226679707","13.311865989175","11.6652493327922","9.99797326132831","8.37410036548079","7.99476167969904","9.16249053483152","9.06402137768473","9.03662601554941","9.04442034005116","8.59105118911096","8.64130940379064","8.40461348547167","8.59478472374309","11.0263284192798","11.0172885301658","11.0423974839724","13.1536550634556","11.8624200372273","11.074827718446","11.182101706662","13.1891580412378","12.4780141823614","",
"Timor-Leste","TLS","Interest payments (% of revenue)","GC.XPN.INTP.RV.ZS","","","","","","","","","","","","","","","","","","","","","","","","","","","","","","","","","","","","","","","","","","","","","","","","","","","","0.0126484647894152","1.05673529312825E-05","","","0.0073530482191152","","4.77493182634753E-05","","0.0817332683935904","0.168705200284418","0.159591458898645","0.119603513050457","","","",
"Middle East, North Africa, Afghanistan & Pakistan (IDA & IBRD)","TMN","Interest payments (% of revenue)","GC.XPN.INTP.RV.ZS","","","","","","","","","","","","","","","","","","","","","","","","","","","","","","","","","","","","","","","","","","","","","","","9.3119477779243","8.76214905810048","7.97315549552592","8.14767661052181","","","","","","","","","","","","","","","","",
"Tonga","TON","Interest payments (% of revenue)","GC.XPN.INTP.RV.ZS","","","","","","","","","","","","","","","","","","","","","","","","","","","","","","","","","","","","","","","","","","","","","","","","","","","","","","2.94399700581069","2.36050309452392","2.43977839603266","2.12551139510492","1.86647023559959","1.80589548639607","1.65281603654296","1.66441310943965","0.797654768404177","1.11313782272486","1.25540829121458","","",
"South Asia (IDA & IBRD)","TSA","Interest payments (% of revenue)","GC.XPN.INTP.RV.ZS","","","","","","","","","","","","","","","","","","","","","","","","","","","","","","","27.7220639407892","27.5542036392828","28.5404658766695","30.5740509634913","32.8934527270303","26.327752102432","31.7714827514547","32.0996118716155","30.1364147887904","30.6544094426022","32.9037058260817","27.4040879131715","27.9740430747163","26.3694952782118","24.1399146232521","22.7325118045808","22.3613589412694","22.0326805468574","24.1743022348222","25.095769957509","20.5655693100604","19.3653225072283","20.8265743223698","21.4326934807182","22.8110749387121","22.8181031023316","21.3348212265987","21.4961957640791","20.5417732305817","19.0400358921353","21.0903642354009","20.8277384040526","55.873088322122","43.948206996917","","",
"Sub-Saharan Africa (IDA & IBRD countries)","TSS","Interest payments (% of revenue)","GC.XPN.INTP.RV.ZS","","","","","","","","","","","","","","","","","","","","","","","","","","","","","","","","","","","","","","","","","","","","","","","","","","4.46108669335583","4.13128063146064","3.27692711101555","3.31479404168126","4.22259380931148","4.04265632573922","5.68537230457995","7.21898462416466","7.52857011643931","8.90281552362828","8.23947631170914","9.00661761214895","9.36928010302465","10.3000431931996","","","",
"Trinidad and Tobago","TTO","Interest payments (% of revenue)","GC.XPN.INTP.RV.ZS","","","","","","","","","","","","","","","","","1.85857722708823","1.47141117219132","2.54678084364098","3.05193386262656","1.97407097991893","2.50395800349971","","","","","","","","","","","","","","","","","","","","15.950168692765","16.4446962612038","14.2137185224182","10.9531623525325","8.23437930308283","6.08588658763176","6.47133458533906","5.0287339277271","8.41324137798408","7.07338885473143","6.09680355973013","5.62615411727747","5.0043563396769","5.02435264757608","5.59255843608749","10.2500604378749","8.0705638068762","10.0120685291663","13.1536550634556","","","","","","",
"Tunisia","TUN","Interest payments (% of revenue)","GC.XPN.INTP.RV.ZS","","","","","","","","","","","","","4.76190476190476","4.46185286103542","4.18006430868167","3.11199207135778","3.31522757070612","3.39359340310815","3.80068641159273","5.06369091483314","4.45820433436533","4.85262131553289","5.77619507484307","6.39905039387072","6.84235870945147","8.07136424068276","9.02549598635778","10.2745160266582","10","10.3173051863435","10.5793896505971","11.5171335134367","10.6885342067314","11.4026887464387","11.0256461351454","12.3000348607507","13.2738849022091","12.9341729804192","11.4285714285714","11.5675914301875","11.3426428690064","10.3597223360296","10.0994382456489","9.46603720258345","9.53915006076506","9.63758121302312","9.3119477779243","8.76214905810048","7.00134205156174","6.94388545019161","6.2759625730357","5.58252768747977","5.60152180326642","","","","","","","","","","","","","",
"Turkiye","TUR","Interest payments (% of revenue)","GC.XPN.INTP.RV.ZS","","","","","","","","","","","","","3.16455696202532","3.37268128161889","3.2122905027933","3.03308823529412","2.85316631871955","2.72873194221509","2.47083047357584","2.99979867123012","2.96202263831588","5.35503983373744","","7.8739473912666","13.8242560566393","12.3617881962452","15.4542344859041","18.4126158911706","19.2540512732573","19.8031448113177","22.5754020054167","18.8737225610684","15.2346460424106","19.4226689251929","23.7893393496046","15.0911158477002","18.2928412804982","36.1202237837507","49.857983795292","","","","","","","","","","16.7007679235639","13.8962519018047","10.6399113741961","9.22930640813633","8.3899089364427","6.97426364209265","6.75624697579165","6.08837306061733","5.88028686034876","6.54203066159967","8.64424774484724","7.53250431444424","9.5269513304237","9.85382518424099","15.4826696359583","10.9661561937879","11.655324836036","",
"Tuvalu","TUV","Interest payments (% of revenue)","GC.XPN.INTP.RV.ZS","","","","","","","","","","","","","","","","","","","","","","","","","","","","","","","","","","","","","","","","","","","","","","","","","","","","","","","","","","","","","","","","","","",
"Tanzania","TZA","Interest payments (% of revenue)","GC.XPN.INTP.RV.ZS","","","","","","","","","","","","","","","","","","","","","","","","","","","","","","","","","","","","","","","","","","","","","","","","","","4.46108669335583","4.46108669335583","4.39288266857452","4.85322794989012","6.40158726787804","8.43502292695317","9.4189206915837","10.4299208559005","9.92983630531227","10.3457490104587","12.8223758428269","10.4151680981447","11.4647748306719","11.4073087312149","13.2380126605938","13.8855322183918","",
"Uganda","UGA","Interest payments (% of revenue)","GC.XPN.INTP.RV.ZS","","","","","","","","","","","","","","","","","","","","","","","","","","","","","","","","","","","","","","","","","","","","","","","","","","","","","","","","10.7417578172215","13.2631569605907","16.6628414335803","14.5194184770642","13.1730866099453","15.3299149984414","17.8527787215045","19.5207035883671","20.8331652860004","20.990830190189","",
"Ukraine","UKR","Interest payments (% of revenue)","GC.XPN.INTP.RV.ZS","","","","","","","","","","","","","","","","","","","","","","","","","","","","","","","","","","","","","","","","9.79082845721757","9.15471240655473","6.88474498378358","3.97151754665216","3.05494073877203","2.82777404787105","2.08464867397703","1.69923551508894","1.48349405379304","1.27171889624827","3.05555307108189","4.39451577530673","5.17430584046047","4.87508087796844","6.4609950158571","8.25599069962685","12.1223999554251","12.9370748758","11.390656032945","10.0865131509498","9.38918966102365","8.76968345742351","9.26551848477465","7.25891657503026","8.0005643179191","8.27000855864451","",
"Upper middle income","UMC","Interest payments (% of revenue)","GC.XPN.INTP.RV.ZS","","","","","","","","","","","","","","","","","","","","","","","","","","","","","","","","","","","","","11.4918647747276","10.6903614264191","12.6823081239736","13.0394715111478","","","","11.3147849610485","","","4.35064201201436","2.44545207419749","3.30832390836949","3.67618430909476","4.06438254165757","5.17430584046047","4.9115746135903","5.16319962617618","5.41452070113299","6.18523035436581","7.84060442079528","6.54203066159967","7.305300015737","7.53250431444424","9.00629030366137","7.02741677296463","7.24940959665131","8.9577841399038","10.3552004386265","",
"Uruguay","URY","Interest payments (% of revenue)","GC.XPN.INTP.RV.ZS","","","","","","","","","","","","","2.52707581227437","2.54545454545455","1.32013201320132","2.24719101123596","0.89541547277937","1.46341463414634","3.80993770824279","2.9747149231532","1.60315758697983","1.40341221794166","4.7257322328537","5.71934992635494","10.5496966194741","10.2448152190862","8.1762094479226","6.87401734543795","6.83315392250052","9.02777777777778","7.94446586964906","6.87195546276966","6.05040400153905","4.8780487804878","6.12779528455902","5.93909981357086","4.40052991830426","5.03004636681676","4.86723777863018","7.19468325102128","7.78654850636774","8.87515926594585","14.7816052968137","21.0687919245888","18.536856903243","16.0324311850311","15.4157698291326","14.2366586316178","10.8573531762903","9.33149524413984","7.94931815181111","8.08178745392087","7.75526444603514","7.63508857488489","7.37952958705729","7.57010843696918","7.42200636876102","8.30076563456479","8.23702296553883","7.76308622488899","8.79560839504184","7.50974291433145","6.63893366279478","6.62244216838713","6.94324706249077","",
"United States","USA","Interest payments (% of revenue)","GC.XPN.INTP.RV.ZS","","","","","","","","","","","","","6.92879517509","6.42781011724194","8.2847057128449","8.41820114528683","9.22651578473606","9.00595190002963","8.22910915332357","9.63325283451353","11.233238074302","12.2649619406368","14.6844347417413","16.3748239759995","17.2040316293574","19.2292627455935","18.7954851956699","17.1726275527027","17.4771704914967","17.2758109980412","18.0851847758004","18.8798827282918","18.7393998130906","17.0468041786848","16.1088353564583","16.3209690684286","16.491179911505","15.2779195513417","14.0898366202199","12.652407820496","11.2058257398329","12.5223490925348","11.9802191352573","11.0562767239624","10.7276661064748","11.0087292168097","10.8973104924611","11.6129615211619","11.205082978016","11.1584433317198","11.3656014422158","12.5110757536464","11.6649393846484","9.32082071507531","9.41136570314412","8.8126892699848","9.9118867002559","9.79359831299426","12.2634075318711","12.7927868542352","10.9043423182866","11.3815152236966","13.418892172087","18.0185799932784","20.2909241993276","",
"Uzbekistan","UZB","Interest payments (% of revenue)","GC.XPN.INTP.RV.ZS","","","","","","","","","","","","","","","","","","","","","","","","","","","","","","","","","","","","","","","","","","","","","","","","","","","","0.143375660372206","0.113481315522644","0.100070798574892","0.123522693198855","0.130745435525159","0.110555525473012","0.194564454166463","0.284610191769451","0.970931912133264","1.33747129240554","1.33859459011557","1.52945305482558","3.28124674930809","","",
"St. Vincent and the Grenadines","VCT","Interest payments (% of revenue)","GC.XPN.INTP.RV.ZS","","","","","","","","","","","","","","","","","","","","","","","","","","","","","","","","","","","","","","","","","9.14729829755736","8.48429962087691","8.34787062080886","8.62721281098651","8.02141994441292","10.5552355511829","10.8564671894979","9.76605963424203","8.7544904519785","9.38924099478487","10.5233207020462","9.23178263410118","8.89143107188602","9.80549749159473","7.94556781401176","8.19998902766856","6.90926734594857","8.13689083740941","","","","","","","","",
"Venezuela, RB","VEN","Interest payments (% of revenue)","GC.XPN.INTP.RV.ZS","","","","","","","","","","","","","","","","","","","","","","","","","","","","","","","","","","","","","","","","","","","","","","","","","","","","","","","","","","","","","","","","","","",
"British Virgin Islands","VGB","Interest payments (% of revenue)","GC.XPN.INTP.RV.ZS","","","","","","","","","","","","","","","","","","","","","","","","","","","","","","","","","","","","","","","","","","","","","","","","","","","","","","","","","","","","","","","","","","",
"Virgin Islands (U.S.)","VIR","Interest payments (% of revenue)","GC.XPN.INTP.RV.ZS","","","","","","","","","","","","","","","","","","","","","","","","","","","","","","","","","","","","","","","","","","","","","","","","","","","","","","","","","","","","","","","","","","",
"Viet Nam","VNM","Interest payments (% of revenue)","GC.XPN.INTP.RV.ZS","","","","","","","","","","","","","","","","","","","","","","","","","","","","","","","","","","","","","","","","","","","","","","","","","","","","","","","","","","","","","","","","","","",
"Vanuatu","VUT","Interest payments (% of revenue)","GC.XPN.INTP.RV.ZS","","","","","","","","","","","","","","","","","","","","","","","","","","","","","","","3.97292221327885","","","","","2.51705099058136","2.53463476070529","2.35294117647059","2.41198501872659","3.67504835589942","","","","","","","","","","1.88047337278107","1.9952019431532","2.67952840300107","2.95169785567672","3.42628353191238","3.16264843026099","2.60395247063036","3.0797518649729","2.98775620895495","2.47561347224071","2.09647896701742","2.18170874807801","1.99307898321335","2.66975670097885","2.42486293611964","","",
"World","WLD","Interest payments (% of revenue)","GC.XPN.INTP.RV.ZS","","","","","","","","","","","","","","","","","","","","","","","","","","","","","","","","","","","","","","","10.3404203350153","9.80034702400811","","","7.90694422460469","7.85570979286411","6.86471970459886","6.07465909477335","5.79784327500592","4.75136957437842","4.71542140423123","5.375018270265","4.89459160390467","5.17430584046047","5.17516703731785","5.35871963804245","5.18538419213688","5.3981498971816","6.34414577971667","6.14782916246592","6.33327239495162","6.0895032470748","6.37662356177074","6.03429731750945","5.18878308948445","6.48878428125878","","",
"Samoa","WSM","Interest payments (% of revenue)","GC.XPN.INTP.RV.ZS","","","","","","","","","","","","","","","","","","","","","","","","","","","","","","","","","","","","","","","","","","","","","","","","","","","","","2.71692269336028","2.76157546939425","2.43636182996614","2.95727753417522","2.72940185877815","2.30613525189904","2.27747964765438","1.93947747343962","1.67785868664012","0.765241902713722","1.15137498053858","1.2443642812871","","",
"Kosovo","XKX","Interest payments (% of revenue)","GC.XPN.INTP.RV.ZS","","","","","","","","","","","","","","","","","","","","","","","","","","","","","","","","","","","","","","","","","","","","","","","","","","","","","","","","","","","","","","","","","","",
"Yemen, Rep.","YEM","Interest payments (% of revenue)","GC.XPN.INTP.RV.ZS","","","","","","","","","","","","","","","","","","","","","","","","","","","","","","","","","","","","","","","","","","","","","","","","","","","","","","","","","","","","","","","","","","",
"South Africa","ZAF","Interest payments (% of revenue)","GC.XPN.INTP.RV.ZS","","","","","","","","","","","","","7.04097116843703","7.19235364396655","6.04223699648025","5.76152304609218","6.98755435597541","7.3167522042374","8.0393032603841","8.33333333333333","7.74413112932352","9.61082699264064","10.3963748111881","12.103521191505","13.5566971368135","13.6186652983611","14.6870366447786","15.5463745241853","15.2996143577573","14.7299870305472","15.3764042749841","16.7721371737006","19.9209646367413","20.5837419841569","20.1485275288092","21.5661897283778","20.6333875806385","21.6647194154361","21.3891687531796","19.7827726696025","19.0988461459636","16.9683684616945","15.1309592929488","13.6712239573743","12.2635288454065","10.7891601389206","9.44879616968","8.28265995078557","7.7582179457869","8.46488319378466","8.86480627278856","9.42279381755374","9.93527958571821","9.93997799911529","10.1172304654984","10.3125852731507","11.2947755724116","12.1249150525933","12.6394239712114","13.2254089154035","15.5309444318181","14.8790215377287","16.0443736280037","17.2919180483535","","",
"Zambia","ZMB","Interest payments (% of revenue)","GC.XPN.INTP.RV.ZS","","","","","","","","","","","","","","","","","","","","","","","","","","","","","","","7.1265279661523","31.9042059246789","15.0745141609707","12.9062185546413","","","","","13.463172341677","14.0587725005422","","5.27468591871632","14.4621919978934","19.7480418652831","21.0932074874282","17.8897090509229","7.65763558865318","4.6685320271169","9.15267178541263","8.26419539172273","9.4920064203279","4.43067741716747","7.61304218973144","9.01882045666896","15.4540706072977","19.761539814111","24.8398072678116","24.1498854073841","33.2072967358825","44.45389651379","38.7926945843895","27.3532697361451","","","","",
"Zimbabwe","ZWE","Interest payments (% of revenue)","GC.XPN.INTP.RV.ZS","","","","","","","","","","","","","","","","","","","","","","","","","","","","","","","","","","","","","","","","","","","","","","","","","","2.2336768090462","1.31672950596468","1.17425461626867","0.624714868213671","","","2.30351043283808","4.03311602817416","6.02498521257341","13.4732819039181","","","","","","","",
