"Data Source","World Development Indicators",

"Last Updated Date","2026-04-08",

"Country Name","Country Code","Indicator Name","Indicator Code","1960","1961","1962","1963","1964","1965","1966","1967","1968","1969","1970","1971","1972","1973","1974","1975","1976","1977","1978","1979","1980","1981","1982","1983","1984","1985","1986","1987","1988","1989","1990","1991","1992","1993","1994","1995","1996","1997","1998","1999","2000","2001","2002","2003","2004","2005","2006","2007","2008","2009","2010","2011","2012","2013","2014","2015","2016","2017","2018","2019","2020","2021","2022","2023","2024","2025",
"Aruba","ABW","Intentional homicides (per 100,000 people)","VC.IHR.PSRC.P5","","","","","","","","","","","","","","","","","","","","","","","","","","","","","","","","","","","","7.90326404805185","","","","2.31290078233869","","4.42943358618017","5.47174663624376","4.33322500270827","2.14563497385007","6.36739891754218","5.24150221453469","3.10600805491422","5.1122392118972","4.03936359826509","3.99546514705809","1.98057060239055","3.93068241560088","5.85037661799478","1.93475053810249","","","","","","","","","","","",
"Africa Eastern and Southern","AFE","Intentional homicides (per 100,000 people)","VC.IHR.PSRC.P5","","","","","","","","","","","","","","","","","","","","","","","","","","","","","","","","","","","","","","","","","","","","","","","","","","","12.8","12.7","12.9","12.8","13","13","12.9","13.1","12.5","12.3","11.7","12.5","12.7","12.4","","",
"Afghanistan","AFG","Intentional homicides (per 100,000 people)","VC.IHR.PSRC.P5","","","","","","","","","","","","","","","","","","","","","","","","","","","","","","","","","","","","","","","","","","","","","","","","","","4.05954969836362","3.47545228477135","4.19453539608613","6.37433845786952","","","9.95218590955213","6.6799974594108","6.79202120758186","6.73324816708819","7.16396695794585","6.57810893906391","4.0324584656778","","","","",
"Africa Western and Central","AFW","Intentional homicides (per 100,000 people)","VC.IHR.PSRC.P5","","","","","","","","","","","","","","","","","","","","","","","","","","","","","","","","","","","","","","","","","","","","","","","","","","","16.4","16.3","16.3","16.3","16.3","16.3","16.2","15.7","15","14.4","13.7","13.1","12.6","11.9","","",
"Angola","AGO","Intentional homicides (per 100,000 people)","VC.IHR.PSRC.P5","","","","","","","","","","","","","","","","","","","","","","","","","","","","","","","","","","","","","","","","","","","","","","","","","","","","4.35620071002768","4.83370121625773","","","4.45347324389499","4.09826656345614","","","","","","","","","",
"Albania","ALB","Intentional homicides (per 100,000 people)","VC.IHR.PSRC.P5","","","","","","","","","","","","","","","","","","","","","","","","","","","","","","","","","3.96039483308611","5.82703558411989","3.42569506817668","7.94827910550865","8.38037537919658","41.3046638507867","20.559899007284","16.6844618578932","4.13752044085122","6.98868960005159","6.89194828996724","5.32377619293878","4.22763729131083","5.00624317533652","3.11392865202781","3.47350066343863","3.10732240524797","2.87018701294404","4.06320641959299","4.87720435898422","5.39518158737926","4.26472598705621","4.6147231364138","2.20793808941597","2.72614352662554","2.00121280396654","2.28039848927055","2.25302550996799","2.12398982086583","2.31608568885389","1.6975478920699","1.38708340817063","","",
"Andorra","AND","Intentional homicides (per 100,000 people)","VC.IHR.PSRC.P5","","","","","","","","","","","","","","","","","","","","","","","","","","","","","","","","","","","","","","","","","","","","","1.34544231416078","","","","1.19768367976334","","","1.28562796497949","","","","","","","","","2.58464719565779","","","","","",
"Arab World","ARB","Intentional homicides (per 100,000 people)","VC.IHR.PSRC.P5","","","","","","","","","","","","","","","","","","","","","","","","","","","","","","","","","","","","","","","","","","","","","","","","","","","","","4.7","","4.2","3.8","","","","","","","","","","",
"United Arab Emirates","ARE","Intentional homicides (per 100,000 people)","VC.IHR.PSRC.P5","","","","","","","","","","","","","","","","","","","","","","","","","","","","","","","","","","","","","","","","","","","","","","","","","","","0.96564564292759","0.708390053731386","0.920353599853064","0.727797670204742","0.740572167270486","0.691671912805994","","","","0.68245938100401","0.687938137215929","0.44948191080481","0.693218125037315","","","",
"Argentina","ARG","Intentional homicides (per 100,000 people)","VC.IHR.PSRC.P5","","","","","","","","","","","","","","","","","","","","","","","","","","","","","","","","","","","","","","","","","","8.31631763979875","9.38748649102565","7.72167974407433","6.02330247756233","5.6047423259877","5.32783270151026","5.34525993519266","5.86530605419315","6.46679948327286","5.7739778082346","6.01715853502966","6.28057846262278","7.2142387373598","7.50277667235654","6.52528743235621","5.97945616037571","5.23155985787317","5.33872203870925","5.13191495105041","5.35272149985868","4.62126366336244","4.31202462020709","4.49291137824536","","",
"Armenia","ARM","Intentional homicides (per 100,000 people)","VC.IHR.PSRC.P5","","","","","","","","","","","","","","","","","","","","","","","","","","","","","","","5.01108138714052","5.14668537551365","8.53896490667401","7.76061963335416","4.66621688694975","3.50709423184281","3.47695018399624","3.08044046602136","2.89864016374512","2.84154951589468","2.91141445632454","2.85311376029208","2.25812680200155","","2.74603388341134","1.92924911296119","2.64180737077633","2.58839277280399","3.27703809810168","3.29314060878627","1.91055986909936","2.42878652522919","2.22410225395655","2.15567534571216","2.46370989542236","2.56745781452856","2.98068464955971","2.40140228170953","1.71823401969337","2.51379877522903","2.59435451162573","3.13550776151398","2.74222289100063","2.20833575400906","","",
"American Samoa","ASM","Intentional homicides (per 100,000 people)","VC.IHR.PSRC.P5","","","","","","","","","","","","","","","","","","","","","","","","","","","","","","","","","","","","","","","","","","1.75274084850184","12.2674658044391","5.26588322026312","7.04002252807209","10.5975237119593","7.09540661114511","1.78211822572309","5.37364763201261","3.6017864860971","9.05329675801443","9.10821469883688","3.67046559856118","5.55493834018442","5.61104253170239","7.56458262415371","","13.5695731399992","25.5360106858383","","","","","","","",
"Antigua and Barbuda","ATG","Intentional homicides (per 100,000 people)","VC.IHR.PSRC.P5","","","","","","","","","","","","","","","","","","","","","","","","","","","","","","","1.58562786899543","4.7328316531781","3.10537307175741","6.0987695732386","7.48027078580245","10.2656606319247","4.3096327474627","1.40740010977721","","","6.67449807774455","9.20217171252416","6.49080901443556","6.41980381079554","5.08133308773557","3.76834714013855","13.6469654111458","20.8068148438265","19.2975685063682","19.0084706497333","7.03230759313412","","11.4600045840018","","","","","22.1072644470973","13.1975452565823","3.28358699042834","9.79901138862879","17.3255801362224","10.771219302025","10.7163332993983","","",
"Australia","AUS","Intentional homicides (per 100,000 people)","VC.IHR.PSRC.P5","","","","","","","","","","","","","","","","","","","","","","","","","","","","","","","2.18377608517614","1.95929365734864","1.71516925030892","1.87892384044585","1.7879658555513","1.96735685247661","1.93386535571719","1.96704523731198","1.78593227563009","2.03596185527632","1.89207133777963","1.79185252403083","1.86778958584828","1.52375535865531","1.31193813318786","1.27620846840694","1.36470308152627","1.21691956283382","1.2213046917262","1.20736293068024","1.04328595693519","1.10321388892905","1.06333429077178","1.05438607284246","1.02985300162206","0.985468432815397","0.933005940041915","0.841048385412525","0.879787384450029","0.882951478402183","0.858459424254959","0.743554074825619","0.839663105025691","0.854406035826682","","",
"Austria","AUT","Intentional homicides (per 100,000 people)","VC.IHR.PSRC.P5","","","","","","","","","","","","","","","","","","","","","","","","","","","","","","","1.15891082955944","1.32780896051895","1.23681706022101","1.01169833103288","1.10856993848067","0.981092399848233","1.24357572236205","0.828125812637664","0.965097862489974","0.750573015586587","1.02334627242376","0.870405077197159","0.804292546441553","0.61556629267321","0.721845781686185","0.656199514789066","0.737614857062635","0.542367847855454","0.696842970941948","0.611139601001334","0.729220953530514","0.917401680155648","0.960671644685274","0.719220332146561","0.491353494620118","0.509021333026224","0.617996363091403","0.795565065715095","0.972669073494819","0.86703158562286","0.728584791296886","0.724875548626241","0.871514782049046","0.876191031111463","","",
"Azerbaijan","AZE","Intentional homicides (per 100,000 people)","VC.IHR.PSRC.P5","","","","","","","","","","","","","","","","","","","","","","","","","","","","","","","4.54980634281726","4.8808445036769","7.615673163394","6.36983841532279","6.55811561550412","5.73887608581187","5.10791622302286","3.57852915269565","3.48874704640183","2.98748042012122","2.76459853289117","2.64185728383987","2.54619986576002","","","","","2.14083972909202","2.14701734840338","","2.25214132449197","2.27956547808754","2.15439538519976","2.32523663491333","2.45038540616903","2.16347016513122","1.71253212771072","1.82574937607272","1.96219351122527","1.66164299896889","2.15091148557269","1.7001534193041","1.78722260168325","2.16122820563689","","",
"Burundi","BDI","Intentional homicides (per 100,000 people)","VC.IHR.PSRC.P5","","","","","","","","","","","","","","","","","","","","","","","","","","","","","","","","","","","","","","","","","","","","","","","","","","","","","4.96473671628838","4.98115757408239","5.22232594341804","4.17285957648643","5.64974214487878","","","","","","","","","",
"Belgium","BEL","Intentional homicides (per 100,000 people)","VC.IHR.PSRC.P5","","","","","","","","","","","","","","","","","","","","","","","","","","","","","","","1.04078369840703","1.02242863470673","1.20397149301638","1.43490345712787","1.18623897545331","1.40077229903727","1.18145476364776","1.42415668316462","","","2.06794627670662","2.74132280198769","3.08720442799957","","","","","","","","","","","","","","","","","","","1.08030153549307","","","","",
"Benin","BEN","Intentional homicides (per 100,000 people)","VC.IHR.PSRC.P5","","","","","","","","","","","","","","","","","","","","","","","","","","","","","","","","","","","","","","","","","","","","","","","","","","","","","","","","","","1.1274974068","","","","","","","","",
"Burkina Faso","BFA","Intentional homicides (per 100,000 people)","VC.IHR.PSRC.P5","","","","","","","","","","","","","","","","","","","","","","","","","","","","","","","","","","","","","","","","","","","0.634502436611376","0.640082233972341","0.598592111354095","0.469380905212251","0.498945237000072","0.659555211401829","1.02792938601642","0.891613012477695","0.788198249930744","0.55963484448214","0.693972911642403","0.708730048883044","0.739223164024124","0.646029930732339","1.12086279620408","1.25044051977478","","","","","","","","",
"Bangladesh","BGD","Intentional homicides (per 100,000 people)","VC.IHR.PSRC.P5","","","","","","","","","","","","","","","","","","","","","","","","","","","","","","","","","","","","","","","","","2.48468340032929","2.68848229951461","2.52134727497062","2.46221986613972","2.73052626299689","2.48210654779569","2.84551231101236","2.61032424254411","2.74227810461832","2.7963784334228","2.62020241832397","2.58218128044816","2.65299368492385","2.80645239116244","2.85759633031455","2.53163478437081","2.23304324758363","2.18822635384583","2.34217668208578","","","","","","","",
"Bulgaria","BGR","Intentional homicides (per 100,000 people)","VC.IHR.PSRC.P5","","","","","","","","","","","","","","","","","","","","","","","","","","","","","","","2.57300621772053","4.31242817650872","5.3977634682523","5.78749294427837","5.845370350844","5.91080617413618","5.28258322661631","4.84355676733719","4.68162809330743","4.05331911985956","4.14973052687391","3.8847432008165","3.2434732256055","3.16487749649733","3.14861867259915","2.58607823120566","2.43446129167281","2.3329723596816","2.28250164569032","2.00320205170625","1.9898896128905","1.73441146879584","1.92701571481315","1.50042683013702","1.55050575213407","1.75548173553612","1.10839328712128","1.45569963291636","1.30965598682543","1.18988414972527","0.995146569224991","1.29412653402161","1.11341216291447","1.08890737415431","","",
"Bahrain","BHR","Intentional homicides (per 100,000 people)","VC.IHR.PSRC.P5","","","","","","","","","","","","","","","","","","","","","","","","","","","","","","","","","","","","0.842854782863751","1.31450739656881","0.961530756965088","","","","1.28579602560448","1.06355046380771","","","","","0.378284574027927","0.535373224289705","1.09833893134157","0.164847301944209","0.994424592783129","0.739947200656415","0.874958141207108","0.685532521662828","0.219034059796298","0.279797762177498","0.40485966551844","0.333861836620704","0.269238704006036","","0.0665883809268237","0.195636140255462","","","",
"Bahamas, The","BHS","Intentional homicides (per 100,000 people)","VC.IHR.PSRC.P5","","","","","","","","","","","","","","","","","","","","","","","","","","","","","","","16.307627077184","9.97396083795519","14.3393243730043","12.0134756872995","17.5374103315582","13.2687146927795","16.6520824898455","14.7955876984338","","","22.8511433291645","13.1163142546883","15.6808819893008","14.8979120576251","12.949479372068","15.1209384287019","17.5098672407607","22.0753988076454","20.3842002901258","23.9794933987487","25.5797974025621","34.1646737273659","29.2966539226222","31.4023111045433","31.9122778565412","37.8879787412108","28.6041558488412","31.2431975620062","23.1718729111893","24.0704681959437","18.4407464713126","30.0222265391437","32.1981392997156","","","",
"Bosnia and Herzegovina","BIH","Intentional homicides (per 100,000 people)","VC.IHR.PSRC.P5","","","","","","","","","","","","","","","","","","","","","","","","","","","","","","","1.64094651593337","","","","","","","","","","2.37993841729047","1.96198627662379","2.14899585184106","","1.64212058622739","","","1.64448112135673","1.67192542098005","1.82999406669529","1.46924881899287","1.36298129441799","1.71656816607988","1.27393509411472","1.40259182137488","1.61998987932639","1.29570864177198","1.22496031638975","1.15146147032772","1.25540534198886","1.3032872085846","0.986160622452258","1.09211115070447","1.22446173133237","","",
"Belarus","BLR","Intentional homicides (per 100,000 people)","VC.IHR.PSRC.P5","","","","","","","","","","","","","","","","","","","","","","","","","","","","","","","4.98710984271411","4.56155643837205","5.81352018287338","7.38186093198924","8.10346868537203","9.4141057724796","9.54346099516161","10.0865766139214","10.2771879609885","9.70194605698071","10.1388075821466","9.75038903448508","10.0167626319454","","","","","6.7864785114628","5.79262527444136","5.12235971019014","4.22516594181188","3.93761674954488","3.59291188230382","3.51842837615655","3.58925893151456","3.43617510284546","3.23189754442635","2.5274359757027","2.38395844908102","2.38463165310244","","","","","","",
"Belize","BLZ","Intentional homicides (per 100,000 people)","VC.IHR.PSRC.P5","","","","","","","","","","","","","","","","","","","","","","","","","","","","","","","","","","","","","","","","","17.026648781764","25.7671255764891","33.9832466500136","25.3999545075442","29.0774177044667","28.9564420040003","31.9579266947688","32.7592029719689","33.841336699944","31.028680737267","40.2816593545567","37.8859632506156","43.3594287320507","28.9789741443153","35.2513810373364","33.3957281531601","37.8388012229062","38.0491503919464","37.609161907442","34.7304566666278","26.0995390360826","31.6178339760185","28.0582917218107","","","",
"Bermuda","BMU","Intentional homicides (per 100,000 people)","VC.IHR.PSRC.P5","","","","","","","","","","","","","","","","","","","","","","","","","","","","","","","1.73736285691948","5.17384105960265","1.71210889012541","5.10069624503745","10.1361624488968","","6.6875094043101","3.32352892301045","","3.27201040499309","","4.84907261486241","1.60920465060144","3.20584746577758","1.5985932379506","3.18923314888935","4.77452314450094","4.7611868051643","7.89895654784003","9.439156768662","10.9846136946748","12.5524653826541","9.42714388963957","7.86491226690366","6.29633710588865","6.30283548811522","12.6086511107434","7.86429374710004","7.83318450282778","","10.8726041440154","10.8278678381388","13.8999359058511","6.18257133141674","","",
"Bolivia","BOL","Intentional homicides (per 100,000 people)","VC.IHR.PSRC.P5","","","","","","","","","","","","","","","","","","","","","","","","","","","","","","","","","","","","","","","","","","","","","","","","","","","","","","","","4.92977342561603","5.74238712195448","6.58463782839173","4.98767505522938","4.25827764835632","3.62211536699793","3.50161189331694","4.01584677979597","4.41843313132273","","",
"Brazil","BRA","Intentional homicides (per 100,000 people)","VC.IHR.PSRC.P5","","","","","","","","","","","","","","","","","","","","","","","","","","","","","","","19.6463430965049","18.5523881422863","16.8315196406125","17.865892961495","18.7432334815665","21.0220886836161","23.6865994083929","24.3049302659348","24.7990574348239","25.0021056965213","26.0748466246634","27.2006084949971","27.848196026942","28.2710884352715","26.4918363852054","25.7693915381983","26.3403064568888","25.3144591379199","26.3359303856077","26.7914479705158","26.9945684769237","26.7470983503833","28.6413621085766","28.6404106359245","29.8537931807395","28.8503019791216","30.1193623667804","31.1611756216413","27.1606152370358","21.2445602088385","21.8129091470528","20.5048626655709","20.0811754127452","19.2752957673079","","",
"Barbados","BRB","Intentional homicides (per 100,000 people)","VC.IHR.PSRC.P5","","","","","","","","","","","","","","","","","","","","","","","","","","","","","","","13.148659126813","8.09646358037186","8.45287426541641","8.04514475514027","7.64466087328783","6.4875715302464","","","7.62090566842964","8.76132067385984","7.63175267015947","9.52651323899545","9.46439117464452","12.416471013184","8.23051425749538","10.7924646267668","12.9628909469021","9.21528188625762","8.43372831294266","6.93120776295269","11.2627546154587","9.7776844270458","7.94403069284586","8.64350926476149","8.98156264819578","11.1115093730958","7.86845375942203","10.7077463406277","9.9746892260888","17.0692460193985","14.5545939268294","11.3416257157186","15.2310515092909","7.43794627677661","","",
"Brunei Darussalam","BRN","Intentional homicides (per 100,000 people)","VC.IHR.PSRC.P5","","","","","","","","","","","","","","","","","","","","","","","","","","","","","","","","","","","","","3.01734470313519","2.6200172593637","1.28046916390165","1.25230306360291","1.22540009313041","","","0.865458678675387","0.566715923725704","0.557234223654314","0.822678504096253","0.808903329311286","0.264695216692739","0.779316928711984","0.254886167837444","0.25038277266371","0.986299073002159","0.486378957300791","","","","","","","","","","","","",
"Bhutan","BTN","Intentional homicides (per 100,000 people)","VC.IHR.PSRC.P5","","","","","","","","","","","","","","","","","","","","","","","","","","","","","","","3.39393198899687","2.00072192716205","4.67310747801043","3.42544474442126","3.60686928254861","2.91976663765149","2.18665466436218","1.25291638662494","1.93173935567712","2.23145702127952","3.01576743741864","3.11070253579559","3.04287978142514","0.784112623664362","2.30576078961547","1.66196908586412","1.34168257430126","2.06294638844396","2.62256292876172","2.30551536914183","2.28039770135912","4.51100049761974","4.60071701477597","3.30909878073498","","1.62026847848689","1.20342414282773","1.72337338408889","1.18458616482332","1.04599228057697","2.46751324015657","","","","","",
"Botswana","BWA","Intentional homicides (per 100,000 people)","VC.IHR.PSRC.P5","","","","","","","","","","","","","","","","","","","","","","","","","","","","","","","","","","","","","","","","","","12.4397431689457","14.6151696864186","17.5701744036911","14.3319908850751","15.8162746748832","13.9235904298522","14.6504737073704","14.4104744148694","14.5177033093833","14.9032725963493","","","","","","","","","","9.3410798076921","11.3681767255945","","","","",
"Central African Republic","CAF","Intentional homicides (per 100,000 people)","VC.IHR.PSRC.P5","","","","","","","","","","","","","","","","","","","","","","","","","","","","","","","","","","","","","","","","","","","","","","","","","","","","","","","","","20.120400654","","","","","","","","","",
"Canada","CAN","Intentional homicides (per 100,000 people)","VC.IHR.PSRC.P5","","","","","","","","","","","","","","","","","","","","","","","","","","","","","","","2.36420719847115","2.67782712086616","2.57192445510508","2.17130131394599","2.04478059204049","1.99259098999575","2.12986066159284","1.94949354586228","1.84306153027948","1.76146925228784","1.76745915413225","1.77486867333404","1.84553461879682","1.72443676408719","1.9450604450874","2.04684481799773","1.85596882167745","1.8040520550306","1.83562569798247","1.80332678612386","1.62880268220815","1.76238467720832","1.57205168149969","1.44219466327057","1.47330111088167","1.69900457240782","1.69447965211893","1.80664809278477","1.77503663024043","1.82357460879594","2.00409191032713","2.08300518200199","2.27195104620383","1.97968887560784","","",
"Central Europe and the Baltics","CEB","Intentional homicides (per 100,000 people)","VC.IHR.PSRC.P5","","","","","","","","","","","","","","","","","","","","","","","","","","","","","","","","","","","","","","","","","","","","","","","","","","","","","1.6","","1.3","1.3","","","","","","","","","","",
"Switzerland","CHE","Intentional homicides (per 100,000 people)","VC.IHR.PSRC.P5","","","","","","","","","","","","","","","","","","","","","","","","","","","","","","","1.63856942164309","1.44182476164834","1.35271733640357","1.51338131761031","1.14390504158274","1.16469372993522","1.17366186815719","1.22722535983623","1.06887327115022","1.24577957176257","0.960466836994092","1.19008237930126","1.18152122781488","","","","","","","0.659115273445603","0.664472756521145","0.581221136763671","0.562575490598645","0.704468878665988","0.500596106180341","0.688078876533782","0.537319784436855","0.532315829369355","0.587106357663197","0.53628529631628","0.543944872228796","0.482369204585241","0.477697117734824","0.597481940544685","","",
"Channel Islands","CHI","Intentional homicides (per 100,000 people)","VC.IHR.PSRC.P5","","","","","","","","","","","","","","","","","","","","","","","","","","","","","","","","","","","","","","","","","","","","","","0.659308780674341","1.307198086262","","0.639218619159939","","0","","","","","","","","","","","","","","","",
"Chile","CHL","Intentional homicides (per 100,000 people)","VC.IHR.PSRC.P5","","","","","","","","","","","","","","","","","","","","","","","","","","","","","","","","","","","","","","","","","","","","3.20129769251024","","3.52319921168418","3.57376612166027","3.6949106294991","3.4918963063576","3.70376238471268","3.14874215608169","3.66532251337043","2.47729352143792","3.14355060592079","2.4518317226161","2.32163505387454","3.39405749254204","4.19745439747334","4.36665251518391","4.81306553520039","5.75613878004137","4.65658124495601","6.80201256720408","6.34829073035101","","",
"China","CHN","Intentional homicides (per 100,000 people)","VC.IHR.PSRC.P5","","","","","","","","","","","","","","","","","","","","","","","","","","","","","","","","","","","","2.24204895736743","2.06434925045202","2.10048890051469","","","","","2.04185850578199","1.88433167405903","1.89778004857568","1.5854633417248","1.3636011505677","1.21578178296856","1.11041885098023","1.09249548072451","0.992185694923539","0.883293080721741","0.824083830524219","0.771569105292682","0.726466059590713","0.658962453224414","0.614934212808057","0.565721900260259","0.530299683323493","0.518362801144556","0.5018560705357","","","","","",
"Cote d'Ivoire","CIV","Intentional homicides (per 100,000 people)","VC.IHR.PSRC.P5","","","","","","","","","","","","","","","","","","","","","","","","","","","","","","","","","","","","","","","","","","","","","","","","","","","","","","","","","","","","","","","","","","",
"Cameroon","CMR","Intentional homicides (per 100,000 people)","VC.IHR.PSRC.P5","","","","","","","","","","","","","","","","","","","","","","","","","","","","","","","","","","","","","","","","","3.07792769766784","4.9315814918857","6.55621886133867","6.20036459628944","","","","","4.17787035373775","6.68097609322311","5.07929961186829","4.12706343595528","4.22883189715635","","","3.78238510747147","3.35548128633803","4.16103693703584","","","4.58593823145619","","6.76008919336955","","","",
"Congo, Dem. Rep.","COD","Intentional homicides (per 100,000 people)","VC.IHR.PSRC.P5","","","","","","","","","","","","","","","","","","","","","","","","","","","","","","","","","","","","","","","","","","","","","","","","","","","","","","","","","","","","","","","","","","",
"Congo, Rep.","COG","Intentional homicides (per 100,000 people)","VC.IHR.PSRC.P5","","","","","","","","","","","","","","","","","","","","","","","","","","","","","","","","","","","","","","","","","","","","","","","","","","","","","","","","","","","","","","","","","","",
"Colombia","COL","Intentional homicides (per 100,000 people)","VC.IHR.PSRC.P5","","","","","","","","","","","","","","","","","","","","","","","","","","","","","","","74.9998416310372","85.8773343009539","83.4819991124854","82.5777689589525","77.0879503653693","62.3410428739553","64.0379653259786","62.4980646140821","61.0946739886429","63.3339923743845","67.8921586309151","70.1095871523678","70.3960948977152","57.4608630160922","48.6481875848116","42.9894132012747","40.9429758324124","39.7776140409658","36.8840024517578","35.7272410703666","34.5241750628259","35.6322084408409","35.9613009153726","33.4159707994424","28.654305199833","27.2152782480106","26.1438669043183","25.5510587151196","23.8207594532571","23.3990612924966","22.6427030734102","25.5801274097033","24.9488076386337","24.9134420347488","","",
"Comoros","COM","Intentional homicides (per 100,000 people)","VC.IHR.PSRC.P5","","","","","","","","","","","","","","","","","","","","","","","","","","","","","","","","","","","","","","","","","","","","","","","","","","","","","","","","","","","","","","","","","","",
"Cabo Verde","CPV","Intentional homicides (per 100,000 people)","VC.IHR.PSRC.P5","","","","","","","","","","","","","","","","","","","","","","","","","","","","","","","","","","","","","","","","","","","","3.16868159608604","4.38075430330883","9.07000497819591","7.13226790836055","","","","","","","10.54224217873","12.687246682041","8.97747531926147","12.0962746400627","7.40895274452956","6.03800044798068","6.41893469025722","6.99464423976475","","","","","",
"Costa Rica","CRI","Intentional homicides (per 100,000 people)","VC.IHR.PSRC.P5","","","","","","","","","","","","","","","","","","","","","","","","","","","","","","","4.45269349515938","4.12219690610385","4.87172445039336","4.75139301191842","5.27364800109182","5.20483280040371","5.22241837760737","5.67305227231407","5.92147933357451","6.34369738129583","6.3234257019066","6.41066095411089","6.33019318130238","7.24850496564873","6.66654365306355","7.86156142343543","8.12248146668412","8.42418151029137","11.5313873891892","11.6672085436857","11.5672606575735","10.282368146525","8.72653951862736","8.71474107995362","10.0060434824472","11.5607212354156","11.8759050112518","12.2731177810203","11.7995456872358","11.2610056078008","11.3222838436969","11.6205820666553","12.908902016219","17.7454798727379","","",
"Caribbean small states","CSS","Intentional homicides (per 100,000 people)","VC.IHR.PSRC.P5","","","","","","","","","","","","","","","","","","","","","","","","","","","","","","","","","","","","","","","","","","","","","","","","","","","","","29","","27.4","31.5","","","","","","","","","","",
"Cuba","CUB","Intentional homicides (per 100,000 people)","VC.IHR.PSRC.P5","","","","","","","","","","","","","","","","","","","","","","","","","","","","","","","","","6.2396846446692","7.39782037335748","8.27666968491059","7.79836860325543","6.67760748256935","6.7921847867063","7.41297065963431","5.50024676599715","5.28395235315237","5.42886606152906","5.91370923052175","5.72734441639899","5.87253607071815","6.07322282317137","5.10703924232108","5.0322165961706","4.56084730447061","5.00233759678583","4.47005149587839","4.72500681542416","5.49403130120381","5.96556919518143","5.31642685963406","5.4899907667934","5.0773983694805","4.58755196224978","4.37333981763351","4.46315139638841","","","","","","",
"Curacao","CUW","Intentional homicides (per 100,000 people)","VC.IHR.PSRC.P5","","","","","","","","","","","","","","","","","","","","","","","","","","","","","","","","","","","","","","","","","","6.90841514048262","26.7304542121027","29.0714379882565","27.3704659321146","17.1829254591476","11.8028917084686","16.9198131011414","","","","","","","","","","","","","","","","","","",
"Cayman Islands","CYM","Intentional homicides (per 100,000 people)","VC.IHR.PSRC.P5","","","","","","","","","","","","","","","","","","","","","","","","","","","","","","","7.69260356167545","7.32748355895877","3.49393801753957","6.67200427008273","6.379178361827","6.10817579329933","2.92885803825089","5.6269870297949","2.70844900667633","","10.0821696829158","4.86748278127966","","6.82834674344763","11.0249936606286","6.41196900881646","2.07331232376845","4.02519773783887","7.81990752959346","15.2037781388675","16.6363207852343","","","8.52442247037763","8.31110113778974","","","4.64860425657196","10.6156307580319","2.97057644035825","4.3677976836113","","","","","",
"Cyprus","CYP","Intentional homicides (per 100,000 people)","VC.IHR.PSRC.P5","","","","","","","","","","","","","","","","","","","","","","","","","","","","","","","0.634235660407395","0.125165218087876","0.246809828707809","0.605301594545991","0.828728954724169","1.04324239737103","1.13598863102578","0.668473029341509","0.765405424318898","1.07384452986281","0.84417883295442","0.726045427625199","0.203782197587219","","1.57190147518041","1.93021966382329","1.42258572975803","1.21187996608601","0.824911218930063","1.71268223164298","0.709335250902962","0.785002954663899","1.88776871744135","1.01360340232875","0.915293345276525","1.2300107871946","1.05083409956653","0.558091105183829","1.18041688389616","1.16579872951254","1.15185477415008","1.21459779542909","0.600884802872229","0.81785876397005","","",
"Czechia","CZE","Intentional homicides (per 100,000 people)","VC.IHR.PSRC.P5","","","","","","","","","","","","","","","","","","","","","","","","","","","","","","","","","","","2.00536128981351","1.70674238396516","1.68024329145869","1.81905712335474","1.69500994430188","1.6778232155716","1.86581671388844","1.31939840124098","1.35749240097239","1.59041271893056","1.30585839749053","1.05056807279853","1.26157390952584","1.2188582915689","1.09844658935947","0.902026099357503","0.984323877723848","0.81939793117267","0.999301916232803","0.856232600342731","0.77016509724927","0.836150868791633","0.617169777139044","0.626106269301682","","0.862160849844266","0.729848861096918","0.44631485186264","0.81512474266184","0.767827757917044","","",
"Germany","DEU","Intentional homicides (per 100,000 people)","VC.IHR.PSRC.P5","","","","","","","","","","","","","","","","","","","","","","","","","","","","","","","1.16801384915652","1.40343106642978","1.43077958781143","1.65425621686023","2.38340932371506","2.47744783321797","2.33761906350592","2.1847407558703","1.95337413007635","1.62344247009","1.66753754956225","1.44140608883251","1.42807834640079","1.33598638063576","1.3545661001062","1.27244558514126","1.20927315205162","1.09227050411144","1.02452477446076","0.992150728625981","0.981060169496516","0.91271260058552","0.814420905242925","0.841543300830081","0.87986543465844","0.83092148321361","1.163604165425","0.97829217789703","0.945201062768242","0.745579302641966","0.935085587265765","0.830375419597212","0.815829208272123","0.910722780231795","","",
"Djibouti","DJI","Intentional homicides (per 100,000 people)","VC.IHR.PSRC.P5","","","","","","","","","","","","","","","","","","","","","","","","","","","","","","","","","","","","","","","","","","","","","","","","","","","","","","","","","","","","","","","","","","",
"Dominica","DMA","Intentional homicides (per 100,000 people)","VC.IHR.PSRC.P5","","","","","","","","","","","","","","","","","","","","","","","","","","","","","","","","","","","","","","","13.0199856780158","10.1641510392844","2.91923924625243","1.46438612933458","13.1642459081136","11.6735491967139","11.6534836632726","11.6389876990449","7.26675532108158","10.1673989614728","10.1664391320766","18.8777881040892","21.7838030163306","8.68891511654007","","","12.7889957796314","12.7822752449936","22.9863590325616","27.7386435803289","19.0687133752356","19.151302656875","22.1982152634928","14.8805095086456","28.4318346763634","27.063396005142","","",
"Denmark","DNK","Intentional homicides (per 100,000 people)","VC.IHR.PSRC.P5","","","","","","","","","","","","","","","","","","","","","","","","","","","","","","","0.797506333853658","1.31927541901788","1.19890930193119","1.36837477742228","1.4405929711164","1.12738279040616","1.29202206773692","1.66507884999816","0.923785438954562","0.977111262625992","1.08621178676501","0.970361429775316","0.892863952273446","","","","","","","","0.75704832266481","0.825726922413442","0.840498959524879","0.854802453817294","1.31117471686599","1.09083852229384","0.977619325858153","1.23153392928012","1.00106587626187","0.859901642730301","0.823111601929511","0.631746832067094","0.982567307766424","0.840599404536194","","",
"Dominican Republic","DOM","Intentional homicides (per 100,000 people)","VC.IHR.PSRC.P5","","","","","","","","","","","","","","","","","","","","","","","","","","","","","","","","12.4386066404351","10.8358887859159","12.245588839344","12.9816540810284","12.7660402538477","12.8471764252819","12.6986791232798","13.4891845559306","12.621048404207","14.0956805476114","12.5569312052756","14.4483285859447","21.1789386478885","24.5911758206467","25.9511238657765","22.9521262431175","22.3252575336375","25.0074949363479","24.4964939070773","25.1930337290323","25.2674003329003","22.5214243986665","19.4038895577301","17.5463639644216","","15.3154603364407","11.3998115468654","9.90534873528498","9.41799066618377","8.72977662309348","10.5362752855436","12.3678475675698","10.9166976980638","","",
"Algeria","DZA","Intentional homicides (per 100,000 people)","VC.IHR.PSRC.P5","","","","","","","","","","","","","","","","","","","","","","","","","","","","","","","","","","","","","","","","","","","","","","","0.927922269616976","0.792642962956723","0.94206958499336","0.780491763346444","0.701885561676529","0.758738181010027","1.38925169697228","1.24953885833513","1.47174990719622","1.36433389808261","1.32678196793638","1.25691727270348","1.33631227453406","1.19876531330297","1.48494311952627","1.55268752449532","1.74812144835182","1.16107238811947","","",
"East Asia & Pacific (excluding high income)","EAP","Intentional homicides (per 100,000 people)","VC.IHR.PSRC.P5","","","","","","","","","","","","","","","","","","","","","","","","","","","","","","","","","","","","","","","","","","","","","","","","","","","","","2.1","","1.6","1.5","","","","","","","","","","",
"Early-demographic dividend","EAR","Intentional homicides (per 100,000 people)","VC.IHR.PSRC.P5","","","","","","","","","","","","","","","","","","","","","","","","","","","","","","","","","","","","","","","","","","","","","","","","","","","","","6.8","","6.3","6","","","","","","","","","","",
"East Asia & Pacific","EAS","Intentional homicides (per 100,000 people)","VC.IHR.PSRC.P5","","","","","","","","","","","","","","","","","","","","","","","","","","","","","","","","","","","","","","","","","","","","","","","","","","","1.5","1.4","1.4","1.4","1.3","1.3","1.3","1.1","1","0.9","0.9","1.4","0.8","0.8","","",
"Europe & Central Asia (excluding high income)","ECA","Intentional homicides (per 100,000 people)","VC.IHR.PSRC.P5","","","","","","","","","","","","","","","","","","","","","","","","","","","","","","","","","","","","","","","","","","","","","","","","","","","","","5.8","","5.7","6.4","","","","","","","","","","",
"Europe & Central Asia","ECS","Intentional homicides (per 100,000 people)","VC.IHR.PSRC.P5","","","","","","","","","","","","","","","","","","","","","","","","","","","","","","","","","","","","","","","","","","","","","","","","","","","3.6","3.5","3.5","3.3","3.3","3.3","3.3","2.9","2.6","2.4","2.3","2.2","2.2","2.1","","",
"Ecuador","ECU","Intentional homicides (per 100,000 people)","VC.IHR.PSRC.P5","","","","","","","","","","","","","","","","","","","","","","","","","","","","","","","8.51659203032212","10.7733041261241","8.55433754089328","8.30175052181792","10.0156548466405","11.8383919002488","12.3838470232859","10.9429833738619","13.409254126692","13.4875122235591","14.4453488439446","12.8420209514706","14.5070142098716","","","","","15.8631866106051","17.886543943386","17.705436773059","17.4043449177688","15.2875203821371","12.3425125579607","10.9127986726241","8.16956550602398","6.45509329915208","5.81031174018927","5.78775543057783","5.8300670929869","6.84543557226847","7.81941728300383","14.1156873894402","27.4126359684417","45.7228145164847","","",
"Egypt, Arab Rep.","EGY","Intentional homicides (per 100,000 people)","VC.IHR.PSRC.P5","","","","","","","","","","","","","","","","","","","","","","","","","","","","","","","0.460643114640646","0.479768132059843","0.448921657242118","0.387820648304042","0.359334033635439","","","","","","","","","0.604982061960747","0.405146398550175","0.643641850868097","0.663841988774831","0.806870502327317","1.12618921636092","1.04226623284087","2.06174997223112","2.96729523596304","2.36901703981789","","2.96323170829365","1.71791733156895","1.50721254822527","1.31152527182627","","","","","","","","",
"Euro area","EMU","Intentional homicides (per 100,000 people)","VC.IHR.PSRC.P5","","","","","","","","","","","","","","","","","","","","","","","","","","","","","","","","","","","","","","","","","","","","","","","","","","","","","1.1","","1","1","","","","","","","","","","",
"Eritrea","ERI","Intentional homicides (per 100,000 people)","VC.IHR.PSRC.P5","","","","","","","","","","","","","","","","","","","","","","","","","","","","","","","","","","","","","","","","","","","","","","","","","","","","","15.6075665087306","","","","","","","","","","","","","",
"Spain","ESP","Intentional homicides (per 100,000 people)","VC.IHR.PSRC.P5","","","","","","","","","","","","","","","","","","","","","","","","","","","","","","","1.23821991144539","1.12112292990316","1.11812855629451","1.19489728995844","1.07630148338555","1.02614708919709","0.986644952856265","1.14536412263401","1.28516221990896","1.19080123686025","1.34813027799556","1.3989371157037","1.35071366537132","1.38096386713923","1.20274134358143","1.17837383727999","1.06498542161369","1.0589564792395","0.880284469874308","0.883453221366359","0.856097274768039","0.819183054272952","0.774166283792877","0.644467548060687","0.691349965151574","0.646906930185419","0.629108853827649","0.655022828665732","0.613681647994712","0.69779523479218","0.69421884953507","0.607512242916661","0.679512839473507","0.690855954769765","","",
"Estonia","EST","Intentional homicides (per 100,000 people)","VC.IHR.PSRC.P5","","","","","","","","","","","","","","","","","","","","","","","","","","","","","","","7.514470928709","7.60197101860343","14.0889695704228","18.7457373389828","20.4646699834792","16.9330874593967","14.9165197668283","12.5220190559805","13.8888642841832","11.1857022501429","10.2362424543503","9.86909758628527","10.2940696734533","","","","","7.16041454324946","6.43195514982716","5.24529824578493","5.25743203736382","4.89694750660617","4.76328730334428","3.94561276314676","3.11917057450557","3.42315697228612","2.50788654321279","2.2012646645026","2.11805990251629","1.95957029638124","3.1586796568621","1.95231911106406","1.48138107676406","1.53599045052794","","",
"Ethiopia","ETH","Intentional homicides (per 100,000 people)","VC.IHR.PSRC.P5","","","","","","","","","","","","","","","","","","","","","","","","","","","","","","","","","","","","","","","","","","","","","","","","","","","","","8.51054794891045","","","","","","","","","","","","","",
"European Union","EUU","Intentional homicides (per 100,000 people)","VC.IHR.PSRC.P5","","","","","","","","","","","","","","","","","","","","","","","","","","","","","","","","","","","","","","","","","","","","","","","","","","","","","1.1","","1","1","","","","","","","","","","",
"Fragile and conflict affected situations","FCS","Intentional homicides (per 100,000 people)","VC.IHR.PSRC.P5","","","","","","","","","","","","","","","","","","","","","","","","","","","","","","","","","","","","","","","","","","","","","","","","","","","15","15.5","16","16.3","16.5","16.2","16.4","15.9","15.5","15.1","13.9","15","13.5","12.9","","",
"Finland","FIN","Intentional homicides (per 100,000 people)","VC.IHR.PSRC.P5","","","","","","","","","","","","","","","","","","","","","","","","","","","","","","","3.048184375047","3.07147358931606","3.09391949621471","2.56582829871768","2.88889061392561","2.85830491750805","2.98553100449557","2.70431961555859","2.19266416069085","2.76835847570698","2.85923954080999","3.00695589855842","2.5381950279836","1.97584671266105","2.83083034374696","2.26835951096456","2.25967394424093","2.43915813118889","2.50311619145414","2.24767232458861","2.20011725879187","2.04148255432524","1.64389487458514","1.63631426279538","1.61122466990035","1.49642750743994","1.34656386925302","1.21632504271661","1.59543516989979","1.46692385524251","1.75419179501202","1.28133981222055","1.23893509757691","0.98193498501344","","",
"Fiji","FJI","Intentional homicides (per 100,000 people)","VC.IHR.PSRC.P5","","","","","","","","","","","","","","","","","","","","","","","","","","","","","","","4.13802378329169","2.1804488133228","3.31064269761354","1.89784771416895","4.40378423470408","3.0047098827412","1.61733886794988","1.60071219379453","","","","","","2.88588295320483","2.63047739733704","2.60658968538463","2.4708953794818","2.33896764650848","1.88178202543948","3.19651161380849","2.19679070845402","2.19060809637799","2.18598705786362","2.07343789644269","2.17963577196433","","","","","","2.95093899971911","1.74537013300811","3.91550343585426","2.0559533103824","","",
"France","FRA","Intentional homicides (per 100,000 people)","VC.IHR.PSRC.P5","","","","","","","","","","","","","","","","","","","","","","","","","","","","","","","2.37760015691108","2.36592102904818","2.33168800485519","2.62797009819845","2.42414351074412","2.29584021763191","2.00580187184137","1.64422406112757","1.63494276577466","1.61295208990693","1.76687009797043","1.74776357833476","1.85488321960253","1.62492873135846","1.61830161158403","1.58377199706769","1.41660322639846","1.59051931320511","1.62630919084507","1.29780685062321","1.25517676645729","1.34308688468283","1.22388195514924","1.20675158408277","1.2242533397519","1.55892963521539","1.19686224509648","1.08754298245582","1.06227847973755","1.14560504750237","1.04999178555921","1.11071518973766","1.23873280289769","1.33506280409367","","",
"Faroe Islands","FRO","Intentional homicides (per 100,000 people)","VC.IHR.PSRC.P5","","","","","","","","","","","","","","","","","","","","","","","","","","","","","","","","","","","","","","","","","","","","","","","","","","","","","","","","","","","","","","","","","","",
"Micronesia, Fed. Sts.","FSM","Intentional homicides (per 100,000 people)","VC.IHR.PSRC.P5","","","","","","","","","","","","","","","","","","","","","","","","","","","","","","","","","","","","","","","","","","","","","","","","","","","","","","","","","","","","0.906766290056401","","","","","","",
"Gabon","GAB","Intentional homicides (per 100,000 people)","VC.IHR.PSRC.P5","","","","","","","","","","","","","","","","","","","","","","","","","","","","","","","","","","","","","","","","","","","","","","","","","","","","","","","","","","","","","","","","","","",
"United Kingdom","GBR","Intentional homicides (per 100,000 people)","VC.IHR.PSRC.P5","","","","","","","","","","","","","","","","","","","","","","","","","","","","","","","1.27246170811834","1.38997016985018","1.38428635572783","1.34978569430064","1.42233524586565","1.39111870783059","1.281335140925","1.25412576150713","1.38332593669012","1.40043985028414","1.54256868130426","1.62595894048872","1.85923045695602","","","1.37797628851015","1.4119320989405","1.42031017055268","1.22526681051353","1.12468797208048","1.19987652699167","1.00772665754522","0.980292769516879","0.9349366699991","0.900318736728248","0.948271629655268","1.17310761427578","1.17550481262973","1.09059626628076","1.15033375026475","0.94577935310667","1.11868407522333","","","","",
"Georgia","GEO","Intentional homicides (per 100,000 people)","VC.IHR.PSRC.P5","","","","","","","","","","","","","","","","","","","","","","","","","","","","","","","4.95515811313085","7.78881420322801","14.5442539147182","16.9537999297132","11.4540012363584","7.9378887611473","5.61006903501618","6.06982664681585","5.30979136453116","5.47627549526066","5.52172440449704","6.24757030684241","7.07390645461259","","7.34700690211851","10.009609722088","8.08188677777051","8.31739166597355","6.67310210823087","5.35859118044788","4.79988767749478","","","","","","1.02846555312855","2.39924552955963","2.34526705345127","2.02806499553233","","","","","","",
"Ghana","GHA","Intentional homicides (per 100,000 people)","VC.IHR.PSRC.P5","","","","","","","","","","","","","","","","","","","","","","","","","","","","","","","","","","","","","","","","","","2.14706465642242","1.93445170691966","2.04726505813928","2.06691897101457","1.75060061637178","1.78813996205498","1.68765456155898","1.77319982485734","1.71743458952278","1.65652636352875","1.62099472513754","2.09468981730321","2.01196278014916","1.93640928203346","1.82951897503029","1.87009855981462","2.02943487003652","1.63198244300232","1.82667713193775","1.74047705817606","1.85431966533681","1.83111773115644","","","",
"Gibraltar","GIB","Intentional homicides (per 100,000 people)","VC.IHR.PSRC.P5","","","","","","","","","","","","","","","","","","","","","","","","","","","","","","","","","","","","","","","","","","","","","","","","","","","3.20020481310804","","","","","","","","","","","","","","","",
"Guinea","GIN","Intentional homicides (per 100,000 people)","VC.IHR.PSRC.P5","","","","","","","","","","","","","","","","","","","","","","","","","","","","","","","","","","","","","","","","","","","","","","","","","","","","","","","","","","","","","","","","","","",
"Gambia, The","GMB","Intentional homicides (per 100,000 people)","VC.IHR.PSRC.P5","","","","","","","","","","","","","","","","","","","","","","","","","","","","","","","","","","","","","","","","","","","","","","","","","","","","","","","","","","","","","","","","","","",
"Guinea-Bissau","GNB","Intentional homicides (per 100,000 people)","VC.IHR.PSRC.P5","","","","","","","","","","","","","","","","","","","","","","","","","","","","","","","","","","","","","","","","","","","","","","","","","","","","","","","","","3.49365287883821","1.11876398954435","","","","","","","","",
"Equatorial Guinea","GNQ","Intentional homicides (per 100,000 people)","VC.IHR.PSRC.P5","","","","","","","","","","","","","","","","","","","","","","","","","","","","","","","","","","","","","","","","","","","","","","","","","","","","","","","","","","","","","","","","","","",
"Greece","GRC","Intentional homicides (per 100,000 people)","VC.IHR.PSRC.P5","","","","","","","","","","","","","","","","","","","","","","","","","","","","","","","1.01379472430973","1.33894214256357","1.32240728899315","1.44054157448601","1.27075007073922","1.43546567005422","1.59885261038705","1.91106937511326","1.6486487777658","1.44482396707554","","1.21735690880249","0.863154597737589","","1.01394257823949","1.20203980691416","0.99853818548455","1.17692468944918","1.30000599447209","1.36837464729468","1.58206940071031","1.65633803374762","1.50249393628294","1.39502562128674","0.982267185579143","0.859447721666469","0.779545903374914","0.799737128265793","0.922574259889262","0.727708640014711","0.72901495405944","0.841244735958326","1.12365161805833","0.839605274224601","","",
"Grenada","GRD","Intentional homicides (per 100,000 people)","VC.IHR.PSRC.P5","","","","","","","","","","","","","","","","","","","","","","","","","","","","","","","","","","","","","","","","","13.9598514671804","5.55622436033967","12.9145930288872","8.26567723448808","5.48834869308697","10.0241947609913","10.8957683559648","9.95281461073185","14.427932477276","6.29190860553329","8.96169770401305","3.56891121441126","12.4141539089067","5.28694916598377","7.00945838791219","5.23213226830374","9.55441674628681","10.3951904918658","10.3724576674071","13.7953035613438","12.0335909094816","4.28494911622925","6.84269499542395","13.6657527694502","","",
"Greenland","GRL","Intentional homicides (per 100,000 people)","VC.IHR.PSRC.P5","","","","","","","","","","","","","","","","","","","","","","","","","","","","","","","","","23.317130916722","21.5213823901289","10.762331838565","19.6993167918767","5.35723852211647","19.6080178967727","10.6857585552854","19.59753783661","23.1281745643453","30.135966389534","21.2044105173876","8.8087876465562","19.3299535202481","17.559416676178","14.064079462049","14.0889718572787","14.11905896472","17.6923825446954","19.4296514143903","1.75949467312988","14.0899644228398","12.3865305327978","7.12085877556833","7.14017957551632","5.35131374752502","","","","","","","","","",
"Guatemala","GTM","Intentional homicides (per 100,000 people)","VC.IHR.PSRC.P5","","","","","","","","","","","","","","","","","","","","","","","","","","","","","","","","","28.0290411951818","33.0376188660244","32.249015367069","31.6106008380106","34.1946514708495","36.8216098457559","29.7150274998665","23.2426519734587","24.8256222306266","26.9854300399802","29.6482816428349","33.8260706875462","35.1905874431052","40.7866100416894","44.0248234172562","42.3453198203345","45.1519299292567","45.7103110094951","41.1031293722721","38.4055692334411","34.1624967821479","33.5015723155484","33.4975903480006","","","32.8054740415143","28.9035441420162","25.9415998284592","18.1882859775834","20.2458705569498","22.0474401521257","23.3657267272051","","",
"Guam","GUM","Intentional homicides (per 100,000 people)","VC.IHR.PSRC.P5","","","","","","","","","","","","","","","","","","","","","","","","","","","","","","","","","","","","","","","","","1.24949239371505","4.95879550857097","1.23217201121277","4.90386884602771","5.4941868450853","4.25880126912278","6.67317807072356","0.605081474220504","0.603525797710223","3.00891239852443","1.80156916674423","2.40178212233477","","","","","","","","4.32611490161179","","","","","","",
"Guyana","GUY","Intentional homicides (per 100,000 people)","VC.IHR.PSRC.P5","","","","","","","","","","","","","","","","","","","","","","","","","","","","","","","12.0017042420024","25.673220023507","14.0016615305016","15.5385811681693","14.2890880981819","14.3725997593578","11.5709390605975","11.4136605774132","14.7986047403991","11.9034694035054","9.93682272708255","10.4646637736232","18.7258070429986","27.3882307923651","17.1821756569231","18.6617672956471","20.158992524703","15.1943455894448","20.9380650710006","15.5565660675394","18.6851899182723","17.4227001700724","18.6255047478288","20.6660742392051","19.7552732658118","19.6367594865976","18.5973900789472","14.9646346644701","14.0230217590554","16.8386645453251","19.4431699054406","16.0641191344505","15.94378052595","19.1201580922439","","",
"High income","HIC","Intentional homicides (per 100,000 people)","VC.IHR.PSRC.P5","","","","","","","","","","","","","","","","","","","","","","","","","","","","","","","","","","","","","","","","","","","","","","","","","","","3.3","3.3","3.2","3.1","3.1","3.2","3.2","3","2.8","2.8","3.1","3.1","3.1","2.9","","",
"Hong Kong SAR, China","HKG","Intentional homicides (per 100,000 people)","VC.IHR.PSRC.P5","","","","","","","","","","","","","","","","","","","","","","","","","","","","","","","2.46376423250957","1.63465642187213","1.87514437960631","1.45700653264127","1.58880909076842","1.18178366284457","1.22174438441854","1.58960869678035","0.981394222302199","0.952161516215953","0.641344592361377","0.974279249246982","1.01152130091608","0.758138341731295","0.65329459731901","0.492148352041243","0.504971079584885","0.258199816534686","0.512770221894904","0.665301477471795","0.492845502651016","0.237996256318888","0.37494474772537","0.853484868195093","0.368877630379286","0.298652959762826","0.377969277712184","0.322368700739292","0.642467632514136","0.320606459178181","0.293715731634873","0.307297589591109","0.401826165982334","0.376205815214825","","",
"Honduras","HND","Intentional homicides (per 100,000 people)","VC.IHR.PSRC.P5","","","","","","","","","","","","","","","","","","","","","","","","","","","","","","","9.94948286192036","13.7357886112473","18.1185382601554","23.0954315392858","30.1554471915719","26.7264265382613","","","","40.0439780684616","48.2838225250265","51.6129566869927","52.2131990441944","57.211379965735","49.8561822453764","42.9506250338895","40.7218024373527","45.7956895764454","55.6000203180321","64.4696634518731","74.5408954410341","83.1793333078082","82.2941714854712","72.3455871413622","64.9996731259012","55.7305404552518","54.7151729955654","40.2998017393682","37.9817721287217","41.0111655865032","35.7028493255269","38.2025965034663","34.9679353875888","31.4424316507577","","",
"Heavily indebted poor countries (HIPC)","HPC","Intentional homicides (per 100,000 people)","VC.IHR.PSRC.P5","","","","","","","","","","","","","","","","","","","","","","","","","","","","","","","","","","","","","","","","","","","","","","","","","","","","","12.6","","8.3","8.1","","","","","","","","","","",
"Croatia","HRV","Intentional homicides (per 100,000 people)","VC.IHR.PSRC.P5","","","","","","","","","","","","","","","","","","","","","","","","","","","","","","","2.83346730256291","9.05670012395452","8.09245472695023","4.60913041249074","3.0584872593687","3.59357140383083","2.67409040924323","2.61953225365686","2.36185004838981","2.53088246627428","2.3346638991268","1.883250336631","1.69539490101855","1.60215999030345","1.92572926265103","1.5762830596396","1.71462996431716","1.43653043608314","1.64556385535216","1.13675103331249","1.44147646249121","1.14463944324737","1.19739770261642","1.08429254920125","0.853185902809328","0.884378611088172","1.06371572584033","1.12767209256717","0.596292847367914","0.827828171469303","1.01164453441337","0.840847880426335","0.79344217483012","0.667347104040825","","",
"Haiti","HTI","Intentional homicides (per 100,000 people)","VC.IHR.PSRC.P5","","","","","","","","","","","","","","","","","","","","","","","","","","","","","","","","","","","","","","","","","","","","","","","","5.18494241513337","5.22517870924341","6.17157780979269","6.90584205676174","9.21844574684968","10.2584264457666","10.1639909561024","9.44739032712553","10.1774724071475","9.63317380185292","","6.77773609475147","","11.3840030566048","14.1983189542019","18.9766582756746","41.1518089717388","","",
"Hungary","HUN","Intentional homicides (per 100,000 people)","VC.IHR.PSRC.P5","","","","","","","","","","","","","","","","","","","","","","","","","","","","","","","1.93617724055442","2.95813060021337","2.94075846885409","2.87731718173541","3.02709774730736","2.86744240025079","2.63049716881822","2.8116665482167","2.8190401090393","2.47558769644657","2.01165790099003","2.49835492180838","2.00227539364808","2.25542422106006","2.07222219853654","1.62929455718258","1.7313531031967","1.53476927609169","1.8069900965961","1.38980848439085","1.38288629112252","1.45777335776427","1.2504256741433","1.55723130947025","1.48030354739537","2.24611505942905","2.05901168254688","1.63505483999481","0.879849987623273","0.66527835015882","0.820558561392627","0.772570691377117","0.970642654757226","0.722657964901225","","",
"IBRD only","IBD","Intentional homicides (per 100,000 people)","VC.IHR.PSRC.P5","","","","","","","","","","","","","","","","","","","","","","","","","","","","","","","","","","","","","","","","","","","","","","","","","","","5.8","5.8","5.8","5.7","5.7","5.5","5.6","5.5","5.3","4.9","4.8","4.8","4.8","4.7","","",
"IDA & IBRD total","IBT","Intentional homicides (per 100,000 people)","VC.IHR.PSRC.P5","","","","","","","","","","","","","","","","","","","","","","","","","","","","","","","","","","","","","","","","","","","","","","","","","","","","","7","","5.9","5.9","","","","","","","","","","",
"IDA total","IDA","Intentional homicides (per 100,000 people)","VC.IHR.PSRC.P5","","","","","","","","","","","","","","","","","","","","","","","","","","","","","","","","","","","","","","","","","","","","","","","","","","","9.9","10.3","10.4","10.3","10.3","10","9.8","9.5","9.2","9","8.6","9.3","8.4","8.3","","",
"IDA blend","IDB","Intentional homicides (per 100,000 people)","VC.IHR.PSRC.P5","","","","","","","","","","","","","","","","","","","","","","","","","","","","","","","","","","","","","","","","","","","","","","","","","","","","","11.9","","8","7.7","","","","","","","","","","",
"Indonesia","IDN","Intentional homicides (per 100,000 people)","VC.IHR.PSRC.P5","","","","","","","","","","","","","","","","","","","","","","","","","","","","","","","","","","","","","","","0.837833916521102","0.98119915381385","1.02000302761334","","","0.726511653296908","0.62256871069078","","","","","","","","","","","","","","","","","","0.303768746039586","","","",
"IDA only","IDX","Intentional homicides (per 100,000 people)","VC.IHR.PSRC.P5","","","","","","","","","","","","","","","","","","","","","","","","","","","","","","","","","","","","","","","","","","","","","","","","","","","8.3","8.7","8.9","8.8","8.9","8.7","8.6","8.4","8.2","8.1","7.8","8.9","7.8","7.7","","",
"Isle of Man","IMN","Intentional homicides (per 100,000 people)","VC.IHR.PSRC.P5","","","","","","","","","","","","","","","","","","","","","","","","","","","","","","","","","","","","","","","","","","","","","","","","","","","","1.18507984475454","2.37150869454375","2.37694835485462","3.57600500640701","1.19627241515438","","","","","","","","","","",
"India","IND","Intentional homicides (per 100,000 people)","VC.IHR.PSRC.P5","","","","","","","","","","","","","","","","","","","","","","","","","","","","","","","5.10559748651998","5.49524644015231","5.50280867727189","5.19965773114987","5.04248055851768","4.83036026191718","4.7885099027111","4.74591109090452","4.83888188255162","4.60217795989072","4.55297901231507","4.30652763410509","4.16690817646815","3.96945564811633","4.09246015023157","3.9054234629053","3.83338811896998","3.80976850285027","3.80808186808269","3.7391329622536","3.73628378136533","3.77728016164146","3.71306379435684","3.54043488192346","3.60868879736221","3.341278725169","3.14894003612781","3.07665739913599","3.0299149142336","2.94997162020176","2.93529734667461","2.92249230234054","2.81530423021647","","","",
"Not classified","INX","Intentional homicides (per 100,000 people)","VC.IHR.PSRC.P5","","","","","","","","","","","","","","","","","","","","","","","","","","","","","","","","","","","","","","","","","","","","","","","","","","","","","","","","","","","","","","","","","","",
"Ireland","IRL","Intentional homicides (per 100,000 people)","VC.IHR.PSRC.P5","","","","","","","","","","","","","","","","","","","","","","","","","","","","","","","0.483776690956051","0.650772721871057","0.702558803469292","0.643154791698941","0.696348473945356","1.19090580018207","1.15431898065939","1.03477596079288","1.02396247339213","1.01254017686146","0.973022299304289","1.34611068498654","1.32367963592701","0.926636672021959","0.737814168958707","1.25141867559474","1.4524064559467","1.77534469569112","1.13687038975372","1.1690096855761","1.1844494941962","0.917110164037163","1.10866383834203","1.01628510386596","1.00896508411924","0.574164266695474","0.694224869533058","0.789978006388635","0.779878238431558","0.648627918850972","0.622164323030526","0.437512696568737","0.861054139659655","0.654270171245596","","",
"Iran, Islamic Rep.","IRN","Intentional homicides (per 100,000 people)","VC.IHR.PSRC.P5","","","","","","","","","","","","","","","","","","","","","","","","","","","","","","","","","","","","","","","","","","","","","","","","","","2.89702198565026","","","","2.53311940143072","2.37540050451863","","","","","","","","","","","",
"Iraq","IRQ","Intentional homicides (per 100,000 people)","VC.IHR.PSRC.P5","","","","","","","","","","","","","","","","","","","","","","","","","","","","","","","6.64345798130851","6.59077667800485","7.63352730434032","5.82255427331476","6.29102354357219","","","","","","","","","","","","","","15.86412056276","8.49684774933008","8.66796030041971","8.18993599583675","8.01370560566433","9.46375217111484","","","","","","","","","","","","",
"Iceland","ISL","Intentional homicides (per 100,000 people)","VC.IHR.PSRC.P5","","","","","","","","","","","","","","","","","","","","","","","","","","","","","","","","","","","","","0.37180249851279","0.737505277772144","","0.720855800005767","1.77758816837315","0.350812569614369","1.39078673328535","","","1.01066419166236","0","0.641744518298543","","0.31386137370846","0.628618485155174","0.940035157314884","0.311681349455571","0.308751086417885","0.305331857562688","0.906477233068894","0.297997309084299","0.873282362752761","0.850210001870462","0.277239086829896","1.36383225954273","0.536705993798362","1.05164773481651","1.29013114183057","","",
"Israel","ISR","Intentional homicides (per 100,000 people)","VC.IHR.PSRC.P5","","","","","","","","","","","","","","","","","","","","","","","","","","","","","","","3.23432414396571","2.3431504012802","3.00570599999435","2.77229163328284","2.68368917933648","2.09160540706143","2.12744621084101","2.7627866103318","2.53879871643864","2.30403876974084","2.51996726333437","3.0830759577264","3.2562481805909","2.62962837661199","2.40359632431166","2.51181369892658","2.23552448582389","1.93897123931142","1.69428815224534","1.99830809914273","2.04450617338639","1.9676021588745","1.68248807914477","1.69045803541161","1.63349469475113","1.49014483400625","1.33982857867757","1.62644474784814","1.45709789694358","1.6402012873501","1.67038317453709","1.9344902218508","1.62581066709758","","","",
"Italy","ITA","Intentional homicides (per 100,000 people)","VC.IHR.PSRC.P5","","","","","","","","","","","","","","","","","","","","","","","","","","","","","","","3.14563261130983","3.39550878435906","2.58380791474806","1.87333513571146","1.68756125246512","1.76296351100176","1.66718882215848","1.52651001019431","1.55378306019741","1.43079765038568","1.33747271243561","1.23722291409081","1.12154817534866","","","1.04238414237751","1.06374952167439","1.06752438557289","1.03254300197422","0.984909015398894","0.879260233986606","0.914393555930683","0.87557696185202","0.827647126909968","0.782999237037301","0.774242762514025","0.668010320924807","0.622616360456986","0.595578796289962","0.527189893600108","0.475691584209703","0.50728829294141","0.540095240763765","0.568072449338316","","",
"Jamaica","JAM","Intentional homicides (per 100,000 people)","VC.IHR.PSRC.P5","","","","","","","","","","","","","","","","","","","","","","","","","","","","","","","22.858324190704","23.5748022017866","26.0650694662971","26.8172514521419","27.957105235675","31.1981218730632","36.6414632817877","40.740263940392","33.4275583172746","32.975583009466","34.0130054689232","43.4003466693187","39.5747662958568","36.7007287070841","55.0477598256135","62.2984441577624","49.611852049312","58.3683288436272","59.3990133306575","61.4907955622864","52.6456053926273","41.0433859018324","39.7485238581317","43.1801420202774","35.9731672387176","43.1395301537823","48.1865109798695","58.4921283339315","45.7076395408315","47.462677157099","47.0901768054208","51.9438139904003","53.1146007388142","49.4403451527686","","",
"Jordan","JOR","Intentional homicides (per 100,000 people)","VC.IHR.PSRC.P5","","","","","","","","","","","","","","","","","","","","","","","","","","","","","","","3.31317084807234","3.09055886627062","3.41595213306224","3.79483118693465","4.318843795093","0.736517107398504","0.916027550851743","0.832295441101721","","","","","","","","","","1.64049034842404","1.71677110834457","1.4282206743764","1.75413508224255","1.89828811842751","2.21427674702976","2.05210109500865","2.08150620974155","1.77061077375796","1.4790583574967","1.29956090475235","0.898463493612211","1.14319003336944","0.993996674252794","1.03014940057956","1.11937678075855","0.987830151085125","","",
"Japan","JPN","Intentional homicides (per 100,000 people)","VC.IHR.PSRC.P5","","","","","","","","","","","","","","","","","","","","","","","","","","","","","","","0.547813038978693","0.51578066666879","0.541067647465003","0.572733291050931","0.599424390556901","0.576099822503167","0.517561767782069","0.562305291398125","0.612410126937131","0.580434481076274","0.533741479197123","0.547696989948495","0.519278415107055","0.545933396760037","0.546880856818189","0.502684120166819","0.48360414937829","0.448130523589302","0.510315592739754","0.394718973722555","0.362756174607419","0.345052544691282","0.335344134410932","0.289687941924583","0.309836473839101","0.285207237530428","0.284680826905949","0.240822214259524","0.26317151259777","0.251776994076062","0.251772416452194","0.226767585297115","0.231204479818001","0.229153196964695","","",
"Kazakhstan","KAZ","Intentional homicides (per 100,000 people)","VC.IHR.PSRC.P5","","","","","","","","","","","","","","","","","","","","","","","","","","","","","","","8.59855027276496","8.75070896947669","10.8465974094114","14.9700533807443","14.9556100303269","14.6259510155562","15.990470775907","16.0877622648852","16.1748127235001","15.3598555681854","14.9989331404008","13.8678890954092","12.5633296080858","12.6433726548997","13.1922962667978","","","","11.0005007145455","10.6559350790615","8.23790230340836","8.3206363060125","7.31533714170016","6.37940291294929","5.07400953678053","4.71683271705767","","4.90565829350323","","","3.11054491665357","2.84649159527772","2.55058633787163","","","",
"Kenya","KEN","Intentional homicides (per 100,000 people)","VC.IHR.PSRC.P5","","","","","","","","","","","","","","","","","","","","","","","","","","","","","","","","","","","","","","","","","","","","","3.45600857857553","3.02711294215376","2.99685605964534","2.8963347284418","3.09944678223884","4.72044629980071","4.62996723697198","5.31122951314829","5.40918613326198","","5.00527231064574","4.8015943416874","4.90863183219284","5.01242276948533","3.12505555114881","3.07795502113628","3.56012051055805","5.25374641584713","4.87166844718499","","","",
"Kyrgyz Republic","KGZ","Intentional homicides (per 100,000 people)","VC.IHR.PSRC.P5","","","","","","","","","","","","","","","","","","","","","","","","","","","","","","","13.7895233924514","8.28124183330403","10.5069561437854","12.2216562396016","12.0828324637825","11.7167926386129","11.2109487983656","9.32920864722012","8.87863470413882","8.90741045121074","8.73857279190491","7.7778062113238","8.23403408769907","8.37731757493411","8.31515014402673","9.67422872162259","8.70349363308218","8.02409698047058","7.93534652630682","7.85422557335847","16.7641099769876","8.46332327339597","6.75966182479206","5.25185158302322","5.47521345205193","5.1182002192939","2.99621670022045","3.26347187848511","2.91877015081634","2.19768195988342","1.74734308054439","","","","","",
"Cambodia","KHM","Intentional homicides (per 100,000 people)","VC.IHR.PSRC.P5","","","","","","","","","","","","","","","","","","","","","","","","","","","","","","","","","5.28775526592325","6.95187417130962","3.27951838486642","3.96267024884072","5.01792867958715","2.73961190156548","6.57645260921587","4.73677435123924","4.58180534605208","3.21523493650583","3.30604459301852","3.90009384744488","3.85813800219876","3.333531261752","2.93276041858556","2.83923226581572","2.3695199469996","2.31844508682262","2.28264433104936","1.82033262639221","","","","","","","","","","","","","","",
"Kiribati","KIR","Intentional homicides (per 100,000 people)","VC.IHR.PSRC.P5","","","","","","","","","","","","","","","","","","","","","","","","","","","","","","","","","","","","","1.21032406426821","","","","3.38550776974033","4.42798709241763","","","","","","","6.71640000959486","0.939258173894258","3.67971739770386","9.94148082875799","7.12479070927292","","","","","","","","","","","","","",
"St. Kitts and Nevis","KNA","Intentional homicides (per 100,000 people)","VC.IHR.PSRC.P5","","","","","","","","","","","","","","","","","","","","","","","","","","","","","","","","","","","","9.45045598450125","9.32901089162022","16.1186331399097","18.1828512983692","13.4526131701083","6.63020056356705","13.1117448454453","10.8647233298204","21.6560371617598","23.7506612400004","17.2276417511898","36.5053630673094","34.2572073952746","49.1085726486602","57.5490499078149","44.8272549710224","72.5170895052842","38.271001211915","","","","63.728770353376","48.8836462949384","48.9273216545944","25.55828887256","21.3356091316407","29.9381990034857","23.5498132071634","64.1601437187219","","",
"Korea, Rep.","KOR","Intentional homicides (per 100,000 people)","VC.IHR.PSRC.P5","","","","","","","","","","","","","","","","","","","","","","","","","","","","","","","0.471927627916195","0.487307198226096","0.53701944266852","0.682661899987434","0.495289536990376","0.502942515384837","0.539859337441754","0.603759904845466","0.817013515783673","0.827274200757047","0.791086129840636","0.865486201280152","0.783818725484695","0.81369986339581","0.880428906223651","0.858964633866176","0.865877155391301","0.893348650348504","0.888451063800414","1.09643755353408","0.993727389936438","0.820312091704541","0.877023564282435","0.702999427944201","0.745957747469183","0.73552614730237","0.693986349015599","0.584621875068617","0.59836299503258","0.573715197653771","0.593924062354197","0.472531479878428","0.49630655708926","0.477306316584835","","",
"Kuwait","KWT","Intentional homicides (per 100,000 people)","VC.IHR.PSRC.P5","","","","","","","","","","","","","","","","","","","","","","","","","","","","","","","","","","","","","0.924723731560792","","","","","1.94211356235168","1.11651921735886","1.37448510129244","1.99321334034512","1.83298551315547","1.90296284972493","2.35257855568823","1.43319401807446","1.75282705964334","2.03847866298902","1.88329056827335","1.8279755171148","","","","","1.10718395103166","0.855810403300653","0.360182418888326","0.249991818449578","","","","","",
"Latin America & Caribbean (excluding high income)","LAC","Intentional homicides (per 100,000 people)","VC.IHR.PSRC.P5","","","","","","","","","","","","","","","","","","","","","","","","","","","","","","","","","","","","","","","","","","","","","","","","","","","","","22.3","","20.1","21.2","","","","","","","","","","",
"Lao PDR","LAO","Intentional homicides (per 100,000 people)","VC.IHR.PSRC.P5","","","","","","","","","","","","","","","","","","","","","","","","","","","","","","","","","","","","","","","","","","","","","","","","","","","","","","","","","","","","","","","","","","",
"Lebanon","LBN","Intentional homicides (per 100,000 people)","VC.IHR.PSRC.P5","","","","","","","","","","","","","","","","","","","","","","","","","","","","","","","","","","","","","","","","","","","","","","","","","3.71546935666648","2.90448074244136","3.2333006961713","3.29669003490076","3.70530098694703","4.10903820386976","3.78131966638362","3.56896263234324","3.7165552530385","3.99342351327765","2.87427415177788","3.14085853124481","2.24466989542556","","","","","",
"Liberia","LBR","Intentional homicides (per 100,000 people)","VC.IHR.PSRC.P5","","","","","","","","","","","","","","","","","","","","","","","","","","","","","","","","","","","","","","","","","","","","","","","","2.72550152294211","4.63229096754295","3.67737734519985","3.17820882063815","3.81410073040029","3.08709483452429","","","","","","","","","","","","","",
"Libya","LBY","Intentional homicides (per 100,000 people)","VC.IHR.PSRC.P5","","","","","","","","","","","","","","","","","","","","","","","","","","","","","","","","","","","","","","","","","","","","","","","","","","","","","","","","","","","","","","","","","","",
"St. Lucia","LCA","Intentional homicides (per 100,000 people)","VC.IHR.PSRC.P5","","","","","","","","","","","","","","","","","","","","","","","","","","","","","","","10.1554877717046","7.16743119266055","9.88581879294153","5.56616605960668","6.8544794022894","10.7956385620209","7.97678754823464","8.5207348806114","9.05114868774507","10.2104631721356","14.500428708327","21.2186362033619","25.9835066598202","22.0892097278425","22.5281449594798","24.7809754638122","25.8042835110628","17.286805994349","23.103238896376","22.9589358827564","25.7450711353869","26.7751642889157","22.5973642202606","19.0345997110202","19.5246886817102","16.0087361960384","17.079808250686","27.7869140647152","20.9019472706011","25.8919349436991","29.1724286888396","39.2108535642666","36.9166745907004","39.0440891432332","","",
"Latin America & Caribbean","LCN","Intentional homicides (per 100,000 people)","VC.IHR.PSRC.P5","","","","","","","","","","","","","","","","","","","","","","","","","","","","","","","","","","","","","","","","","","","","","","","","","","","23.9","24.3","24.5","23.8","23.4","22.7","23.6","24.1","23.1","21.1","20.4","20.3","20","19.7","","",
"Least developed countries: UN classification","LDC","Intentional homicides (per 100,000 people)","VC.IHR.PSRC.P5","","","","","","","","","","","","","","","","","","","","","","","","","","","","","","","","","","","","","","","","","","","","","","","","","","","8","8.1","8.3","8.3","8.5","8.5","8.3","8.3","8","7.9","7.7","8.9","7.8","7.8","","",
"Low income","LIC","Intentional homicides (per 100,000 people)","VC.IHR.PSRC.P5","","","","","","","","","","","","","","","","","","","","","","","","","","","","","","","","","","","","","","","","","","","","","","","","","","","10.9","11.7","12","12.2","12.5","12.4","12.3","12.3","11.8","11.5","10.9","10.8","10.7","10.4","","",
"Liechtenstein","LIE","Intentional homicides (per 100,000 people)","VC.IHR.PSRC.P5","","","","","","","","","","","","","","","","","","","","","","","","","","","","","","","","","","","","","","","","3.05558101873071","","","","","2.90794887825872","","","0","2.82139179257128","0","2.77789352334125","","","","2.69088462832156","","","2.64197302545541","2.62271004629083","2.60145681581686","2.57951350375319","5.12242598094458","","","","",
"Sri Lanka","LKA","Intentional homicides (per 100,000 people)","VC.IHR.PSRC.P5","","","","","","","","","","","","","","","","","","","","","","","","","","","","","","","12.1388482434521","","","","","9.18921542518554","9.91342203621353","10.143466204886","","10.1294658163651","","","","","","6.02972088501167","10.0430361788586","","9.70460670215069","5.2947435337523","3.65437400070472","3.48421308761825","3.19327967678719","2.89809922614196","2.56642825955881","2.24114421871193","2.41890147871327","2.20033736695316","2.3097886777035","3.31094038448808","","","","","","",
"Lower middle income","LMC","Intentional homicides (per 100,000 people)","VC.IHR.PSRC.P5","","","","","","","","","","","","","","","","","","","","","","","","","","","","","","","","","","","","","","","","","","","","","","","","","","","5.9","6","5.9","5.8","5.8","5.5","5.4","5.1","4.8","4.7","4.6","5","4.4","4.4","","",
"Low & middle income","LMY","Intentional homicides (per 100,000 people)","VC.IHR.PSRC.P5","","","","","","","","","","","","","","","","","","","","","","","","","","","","","","","","","","","","","","","","","","","","","","","","","","","","","6.8","","5.6","5.7","","","","","","","","","","",
"Lesotho","LSO","Intentional homicides (per 100,000 people)","VC.IHR.PSRC.P5","","","","","","","","","","","","","","","","","","","","","","","","","","","","","","","28.6788499283858","29.7984371832389","34.1647740360529","34.9670021921418","43.2119611538476","","","","","","","","","","","","","45.820633466418","38.2397413122181","","","","","","","","","","","","","","","","","",
"Late-demographic dividend","LTE","Intentional homicides (per 100,000 people)","VC.IHR.PSRC.P5","","","","","","","","","","","","","","","","","","","","","","","","","","","","","","","","","","","","","","","","","","","","","","","","","","","","","5","","4.6","4.8","","","","","","","","","","",
"Lithuania","LTU","Intentional homicides (per 100,000 people)","VC.IHR.PSRC.P5","","","","","","","","","","","","","","","","","","","","","","","","","","","","","","","4.87143142276244","5.78158443781183","7.19396345331341","11.3037442430044","12.7226776393605","13.8404946405304","11.250901634756","10.9419324796014","8.76606871836834","8.77117909768411","10.5702145067909","10.1641115299608","8.50742461528947","","10.1578494263184","11.1971869776715","8.80785660809442","8.57220488869441","9.31692408317012","7.96648008664495","7.06971693208504","6.96681994220841","6.75962941837572","6.69289628495243","5.42076007920446","5.91926942449559","5.33266506558917","3.53442753319048","3.28280899974951","3.36307869103253","3.6126075712028","2.57650105788629","2.37848472418186","2.62779952622526","","",
"Luxembourg","LUX","Intentional homicides (per 100,000 people)","VC.IHR.PSRC.P5","","","","","","","","","","","","","","","","","","","","","","","","","","","","","","","","","","","1.49034998385454","0.489923498445718","0.966705455723078","0.954725713269613","0.943052590506525","1.39568315201083","0.917152470866079","2.03734452514592","1.34412064826939","0.6639547802531","0.436399659171866","0.859543131337116","1.48033480943861","1.45751348199971","1.63602360373054","1.00364020301634","1.97079284996354","0.771331163321661","","0.18404224873862","0.719063635334068","0.877907630070794","0.856889217934349","0.335291716366678","0.493339099919257","0.644991719918795","0.475739656230524","0.624732536382861","1.5306610542428","","","",
"Latvia","LVA","Intentional homicides (per 100,000 people)","VC.IHR.PSRC.P5","","","","","","","","","","","","","","","","","","","","","","","","","","","","","","","","","9.90505488605076","15.0946634319102","13.8027675738879","11.5851129689306","10.9035925099643","11.178552303501","10.3725444556883","9.57829566567482","10.0493494840736","9.36577455169373","9.25865435409853","","","","","","","","","","3.44042305407829","2.48384260386188","3.20938906771761","3.38748763187818","3.52065424981236","4.16968239374774","4.35777769938389","3.39556267869149","3.68203328189884","3.02293132059141","3.56181584561495","2.49681788529087","","",
"Macao SAR, China","MAC","Intentional homicides (per 100,000 people)","VC.IHR.PSRC.P5","","","","","","","","","","","","","","","","","","","","","","","","","","","","","","","","3.31246937691071","0.805913254183697","3.14690953815169","3.33229519521482","2.00655642311252","4.17661171146492","7.22771394635591","5.67630850736738","8.59960139685417","2.28671259910041","1.79724796405504","0.438583025959729","1.70556418997427","0.829531314807134","0.807411227658679","1.9656154882638","1.14881896623525","0.746366129905025","0.909946258573969","0.355362554203895","0.694887797335974","0.680914229490225","0.167016566373219","0.163852768456376","0.160725450392893","0.157651248637302","0.309332005267924","0.303595174051113","0.29807414296232","0.29279726058883","0.432026405453901","0.283947120527744","0.560293537784445","","",
"St. Martin (French part)","MAF","Intentional homicides (per 100,000 people)","VC.IHR.PSRC.P5","","","","","","","","","","","","","","","","","","","","","","","","","","","","","","","","","","","","","","","","","","","","","","","","","","","","21.5816663744149","5.36545452106612","21.3797987626441","21.3615305536642","16.0560892718564","26.8997982515131","","","","","","","","","",
"Morocco","MAR","Intentional homicides (per 100,000 people)","VC.IHR.PSRC.P5","","","","","","","","","","","","","","","","","","","","","","","","","","","","","","","0.36511995154489","0.500019879822641","0.523550480588602","0.577795791819552","0.707669920826543","","","2.68985755036216","2.01291392895891","1.92670118661066","1.62190105414949","1.88445856997879","1.58229248940382","1.7246384434996","1.56912399329637","1.54489022780839","1.61839760600646","1.65777028677951","1.34781265903932","1.34870280078742","1.38910211811739","1.33991288287498","1.14824532150367","1.26969766486025","1.03786663735302","1.24539159959094","1.69600616957935","2.14690397826667","1.42300060045045","2.77264595868349","2.93295948896857","1.93752077304373","1.65554646642091","1.70500474577332","","",
"Monaco","MCO","Intentional homicides (per 100,000 people)","VC.IHR.PSRC.P5","","","","","","","","","","","","","","","","","","","","","","","","","","","","","","","","","","","","","","","","","","3.08194902456313","","","","","","","","","","","","","","","","","","","","","","","","",
"Moldova","MDA","Intentional homicides (per 100,000 people)","VC.IHR.PSRC.P5","","","","","","","","","","","","","","","","","","","","","","","","","","","","","","","6.51517316431626","6.50719038928369","11.1991117914865","8.70007307386958","9.04282284005073","9.10695025679561","9.11648601399996","9.50514035235142","8.68313939252062","9.13932456184126","10.2244020112084","9.80960768729548","9.67914129361844","7.78918984978218","6.84513524022656","7.42102283004968","6.68142956581036","5.6343213777967","6.2442055888815","6.63750839806703","7.29627258213572","6.07207895051986","6.57549697046181","6.71802976908606","4.81645276331263","5.74963619861434","6.17704523511996","4.41522186881311","5.26353672252251","3.88747276359475","3.03017368760082","2.18269955950808","2.46711784221268","2.54314378217647","","",
"Madagascar","MDG","Intentional homicides (per 100,000 people)","VC.IHR.PSRC.P5","","","","","","","","","","","","","","","","","","","","","","","","","","","","","","","","","","","","","","","","","","","","","","","","","","","","","","","","","","","","","","","","","","",
"Maldives","MDV","Intentional homicides (per 100,000 people)","VC.IHR.PSRC.P5","","","","","","","","","","","","","","","","","","","","","","","","","","","","","","","0.444915065713955","","","","","0.779274417589782","","2.24125211284704","","","","2.44100185690498","2.74333369911116","","","","","0.924559062373836","1.48734271350805","1.72277654152609","1.66300804895896","0.802838838131633","2.58519510467455","0.749867835793941","","0.934243286294184","","","","0.615093155858455","","","","","","",
"Middle East, North Africa, Afghanistan & Pakistan","MEA","Intentional homicides (per 100,000 people)","VC.IHR.PSRC.P5","","","","","","","","","","","","","","","","","","","","","","","","","","","","","","","","","","","","","","","","","","","","","","","","","","","4.1","4.8","4.8","5","4.9","4.2","3.9","4","4","3.9","3.7","3.6","3.8","3.9","","",
"Mexico","MEX","Intentional homicides (per 100,000 people)","VC.IHR.PSRC.P5","","","","","","","","","","","","","","","","","","","","","","","","","","","","","","","17.4993603611294","17.9176802336618","19.2853005228938","18.2992621284592","17.7449486456044","17.182014381969","15.6891033012258","14.4137694382077","14.2882186700123","12.6127898786382","10.8866310831903","10.2748177070264","9.93415725652767","9.79524704840011","8.93632612354424","9.37610715749773","9.74512148491559","8.15173722925145","12.6895495806052","17.6812940453664","22.6686472946558","23.6134785680132","22.2285552341782","19.4881727966757","16.7050327254596","17.1484302942078","20.0889396309777","25.9959360229634","29.4484283285099","29.150867187807","29.0010048931398","27.9675034061893","25.8814968854168","24.8589948436701","","",
"Marshall Islands","MHL","Intentional homicides (per 100,000 people)","VC.IHR.PSRC.P5","","","","","","","","","","","","","","","","","","","","","","","","","","","","","","","","10.9727327590937","4.31150633252493","","4.19186150089601","","","","","","","","","","","","","","","","","","","","","","","","","","","","","","","",
"Middle income","MIC","Intentional homicides (per 100,000 people)","VC.IHR.PSRC.P5","","","","","","","","","","","","","","","","","","","","","","","","","","","","","","","","","","","","","","","","","","","","","","","","","","","","","6.3","","5.4","5.5","","","","","","","","","","",
"North Macedonia","MKD","Intentional homicides (per 100,000 people)","VC.IHR.PSRC.P5","","","","","","","","","","","","","","","","","","","","","","","","","","","","","","","","","","","","","","","2.35574959952257","1.85538993216597","2.28460045619096","2.66176128260113","2.8922855032866","3.36310320258709","2.34833978367957","","2.20176495393285","2.01731819640226","1.69014030096087","1.69853564389181","2.09602218858838","1.47026715489338","1.43048214400664","1.09274417865374","1.75189774323035","1.26239291120934","0.968765224591646","1.59721486945216","1.30226748209447","1.21203114814657","0.587601972312729","0.756303996391349","0.978137007650662","1.52854990019388","","",
"Mali","MLI","Intentional homicides (per 100,000 people)","VC.IHR.PSRC.P5","","","","","","","","","","","","","","","","","","","","","","","","","","","","","","","","","","","","","","","","","","","","","","","","","","","","","","","","","","","","","","","","","","",
"Malta","MLT","Intentional homicides (per 100,000 people)","VC.IHR.PSRC.P5","","","","","","","","","","","","","","","","","","","","","","","","","","","","","","","1.08722832882134","0.807903450151684","1.60087728074985","1.85078936166275","0.786464422971053","","","","1.26976226241161","2.51959933331402","1.00026256892434","1.48963031099757","1.47941942650306","","1.70400258034676","0.967774324705222","0","0.958780814316515","1.43208686084173","0.950582766647378","0.946408439124052","0.70649991698626","2.81287028800276","1.63378670914512","1.3809468462051","0.898915795186531","1.09825180278033","1.92347764758684","1.65099085247881","0.992032983112623","1.35081285163347","0.38140534520521","1.51460075124197","0.562898250512237","","",
"Myanmar","MMR","Intentional homicides (per 100,000 people)","VC.IHR.PSRC.P5","","","","","","","","","","","","","","","","","","","","","","","","","","","","","","","5.13847622053973","","","","","3.7859106268082","","","","","2.29847796378963","2.00126112222443","1.76066037136134","1.63712444533972","1.57854127171045","1.42500695375989","1.62602866324403","1.55636224574386","1.63460845088229","1.80639479787891","1.63388087176703","2.13477102911342","2.88136755643538","2.46306117021369","2.42691467314289","2.54849103640211","2.60021730748139","2.68234254369858","2.77776467862348","2.8855992129134","2.96322722719558","28.6567343550508","3.90276297667527","2.57510107248619","","",
"Middle East, North Africa, Afghanistan & Pakistan (excluding high income)","MNA","Intentional homicides (per 100,000 people)","VC.IHR.PSRC.P5","","","","","","","","","","","","","","","","","","","","","","","","","","","","","","","","","","","","","","","","","","","","","","","","","","","","","4.2","","3.9","3.7","","","","","","","","","","",
"Montenegro","MNE","Intentional homicides (per 100,000 people)","VC.IHR.PSRC.P5","","","","","","","","","","","","","","","","","","","","","","","","","","","","","","","","","","","","","","","","","","","4.26024411198762","","","","","1.89460172708736","3.79240081884254","3.32048621405277","2.37308541446332","3.31917415785834","2.68333491176563","1.57927361310165","3.16768705786018","2.70638148835062","4.48539323682796","2.41891202175086","2.2734838704439","3.76021900823406","2.96084285326556","2.48405855422824","2.60311804733607","0.789201202111271","","",
"Mongolia","MNG","Intentional homicides (per 100,000 people)","VC.IHR.PSRC.P5","","","","","","","","","","","","","","","","","","","","","","","","","","","","","","","","","","","","","","","","","","","","13.6013688607961","13.0958385318503","15.5258847316187","12.9992952911794","11.3114993277327","8.04729990312873","8.2166309111906","8.84617719300064","9.68970892806502","7.11868784339173","7.29343322765452","7.31195279430739","7.18959068215609","6.05101532090771","6.15262900871161","6.18744290031966","6.34259904548525","6.2295157189674","6.16826672303943","5.96571485950299","5.91503475082916","","",
"Northern Mariana Islands","MNP","Intentional homicides (per 100,000 people)","VC.IHR.PSRC.P5","","","","","","","","","","","","","","","","","","","","","","","","","","","","","","","","","","","","","","","","","","","","","","","","","","","","","","","","","","","","","","","","","","",
"Mozambique","MOZ","Intentional homicides (per 100,000 people)","VC.IHR.PSRC.P5","","","","","","","","","","","","","","","","","","","","","","","","","","","","","","","","","","","","","","","","","","5.93384443153743","5.48571293538495","5.38353149868699","5.69547466312653","5.3633248753027","4.30074700463675","3.98823072642875","4.56023813334375","3.67546173099644","3.80447436621262","3.58999788532633","","","","","","","","","","","","","","",
"Mauritania","MRT","Intentional homicides (per 100,000 people)","VC.IHR.PSRC.P5","","","","","","","","","","","","","","","","","","","","","","","","","","","","","","","","","","","","","","","","","","","","","","","","","","","","","","","","","","","1.22184990380814","1.07437639165317","0.999971522550119","","","","","",
"Mauritius","MUS","Intentional homicides (per 100,000 people)","VC.IHR.PSRC.P5","","","","","","","","","","","","","","","","","","","","","","","","","","","","","","","1.83650766030301","2.6290953826739","2.77362727817692","1.85447903047836","2.35489486702694","2.15550595975843","2.90007616964763","2.02651611903587","2.59391325703045","1.90730260558267","2.13705334044041","","","","","","","","","2.97113619375561","2.57267916079206","2.48781940296999","2.17194008548136","2.71111133488538","1.47058311329411","1.62504048091912","1.62563423926317","2.55684129376169","2.87081302588736","2.09909272547754","2.72750722204948","2.65703154091809","2.27249663925174","","","",
"Malawi","MWI","Intentional homicides (per 100,000 people)","VC.IHR.PSRC.P5","","","","","","","","","","","","","","","","","","","","","","","","","","","","","","","","","","","","","","","","","6.18596313059929","7.76326626834498","4.77255051159721","2.46273593215458","3.28780615094934","1.55762857746883","6.2203093403021","5.08237011984744","5.58082927903377","2.22287241240285","3.50724242187769","2.24696688131315","1.77598671180007","","","","","","","","","","","","","",
"Malaysia","MYS","Intentional homicides (per 100,000 people)","VC.IHR.PSRC.P5","","","","","","","","","","","","","","","","","","","","","","","","","","","","","","","1.75515616375798","2.09350287108381","1.94323497387583","1.86309708994844","1.69521916913474","1.9478029631051","2.14387594641691","2.52628996517626","2.87126605600909","2.62084286351063","2.39900911780206","2.19751834720607","2.34415745618505","2.28933999827064","1.96778903559431","2.33781672263912","2.22576283384124","2.41495895208709","2.16539253688213","1.99468244682113","1.88443680805509","1.81743121597224","2.02947587841498","2.07792968739967","1.66144687296396","1.59447772809976","1.4344275283881","1.1713566700858","0.981435762735261","0.9270169844912","0.746542626101193","0.708818550137325","0.691732496782795","0.734492430713877","","",
"North America","NAC","Intentional homicides (per 100,000 people)","VC.IHR.PSRC.P5","","","","","","","","","","","","","","","","","","","","","","","","","","","","","","","","","","","","","","","","","","","","","","","","","","","4.4","4.4","4.4","4.2","4.1","4.6","4.9","4.9","4.6","4.6","5.9","6.3","6.1","5.4","","",
"Namibia","NAM","Intentional homicides (per 100,000 people)","VC.IHR.PSRC.P5","","","","","","","","","","","","","","","","","","","","","","","","","","","","","","","","","","","","23.2809179797032","21.4445810971181","19.3575484227298","23.4887486297028","21.3356691856642","20.8946541027478","19.008663211721","18.3071640536188","","18.1248783522014","","","","17.2931273008652","18.6772510841109","14.8828532230738","14.350110071867","17.6793243946426","","","","","","18.4687504668112","12.0354899812092","11.1039385450139","11.2077806904171","","","","",
"New Caledonia","NCL","Intentional homicides (per 100,000 people)","VC.IHR.PSRC.P5","","","","","","","","","","","","","","","","","","","","","","","","","","","","","","","","","","","","","","","","","","","","","","","3.23171606142684","4.78612025127131","4.33369447453954","3.10982139906977","","","","","","","","","","","","","","","","",
"Niger","NER","Intentional homicides (per 100,000 people)","VC.IHR.PSRC.P5","","","","","","","","","","","","","","","","","","","","","","","","","","","","","","","","","","","","","","","","","","","","","","","","","","","","4.83806653628145","4.41784034939735","","","","","","","","","","","","","",
"Nigeria","NGA","Intentional homicides (per 100,000 people)","VC.IHR.PSRC.P5","","","","","","","","","","","","","","","","","","","","","","","","","","","","","","","","","","","","","","","","","","","","","","","","","","","","","","","","","32.4390092901434","","","21.099298161443","","","","15.7466808233499","","",
"Nicaragua","NIC","Intentional homicides (per 100,000 people)","VC.IHR.PSRC.P5","","","","","","","","","","","","","","","","","","","","","","","","","","","","","","","16.1439153174766","17.1845629099381","18.9578854934536","17.1092468069475","15.9364599055704","15.2274500741019","13.9958486029733","14.1176773904877","13.0844610149098","11.3241413333581","9.47710001137849","10.5546083051206","10.7574705924444","12.185846245133","12.2512960818705","13.6463048137106","13.3238467052683","12.9883276955078","13.1980225202019","14.1781256977468","13.682036444762","12.682480356333","11.4042929452756","9.92672854383165","8.6540960289815","8.52113297894743","7.26815838263741","6.82368909372622","10.65611679854","7.94304819024202","","11.3473196321723","","","","",
"Netherlands","NLD","Intentional homicides (per 100,000 people)","VC.IHR.PSRC.P5","","","","","","","","","","","","","","","","","","","","","","","","","","","","","","","0.898151125968822","1.16792443990765","1.26335482236609","1.2475860509483","1.10426245955154","1.23995886291917","1.34910253032172","1.32285042212284","1.11201623897532","1.27351102095183","1.12088359004318","1.24824619864232","1.19719664433762","1.23419738555447","1.16282145658851","1.05674155563289","0.776046758999861","0.86502275645006","0.903763742179582","0.923031739705049","0.858612976325238","0.848611455055905","0.857217506852641","0.736721493873159","0.722251091061564","0.607922883579319","0.546362553519554","0.762328497745067","0.574010651743461","0.712758090417298","0.686068183497271","0.710637312796065","0.798685419651381","0.690893081283378","","",
"Norway","NOR","Intentional homicides (per 100,000 people)","VC.IHR.PSRC.P5","","","","","","","","","","","","","","","","","","","","","","","","","","","","","","","1.10811435598692","1.17326206157397","1.07319655443247","0.881289800091005","0.760988150030889","0.963525401798696","0.981480938327732","0.862658716434205","0.857533647476493","0.739613970814833","1.06883592856346","0.819734419341124","1.01365927914722","","0.78401608975242","0.713803047463144","0.708079443938776","0.63707658297604","0.713072143396291","0.600585363631139","0.593148682739496","2.24108049961155","0.538013921608383","0.905489619398107","0.564488422634429","0.462448150409719","0.515662484007301","0.530624369587454","0.470654459145075","0.523586594350632","0.576285998471727","0.536233629966067","0.549772609467286","0.724747049690651","","",
"Nepal","NPL","Intentional homicides (per 100,000 people)","VC.IHR.PSRC.P5","","","","","","","","","","","","","","","","","","","","","","","","","","","","","","","1.81309983065955","","","","","","","2.47637084622437","2.74489105041786","2.61137742324944","2.58692590461642","3.39924065453341","3.38742407363328","2.94681426508019","3.5976952610666","3.33720291767318","2.29621777735944","3.13940777256144","3.30492322037202","2.96617589765324","2.97345260913609","2.47228294102196","2.33158518920432","2.19644830684281","2.01645182571012","2.1492523495048","2.20708210796159","2.24909570287775","2.34689208986609","1.95325811107588","2.13004129984372","","","","","",
"Nauru","NRU","Intentional homicides (per 100,000 people)","VC.IHR.PSRC.P5","","","","","","","","","","","","","","","","","","","","","","","","","","","","","","","","","","","","","","","","","","","","","","","","","","","","","","","","","","","","","","","","","","",
"New Zealand","NZL","Intentional homicides (per 100,000 people)","VC.IHR.PSRC.P5","","","","","","","","","","","","","","","","","","","","","","","","","","","","","","","1.86483565610858","1.53988385975946","1.88539284533879","1.15904912114103","1.5700179473573","1.06138954670094","1.28707772622167","1.5885833807702","1.28562661572437","1.17323323133591","1.34799747198628","1.31046023491927","1.51855734015571","1.09382358838026","1.10188506824525","1.47520928927198","1.17170499815875","1.13656126994621","1.19667072126864","1.55658150539553","0.98901264452666","0.889862312060794","0.929351914175937","1.03281407483097","0.950700013685658","1.04030555507995","1.06049711862933","0.727234722175039","1.12225498980074","2.28484272415384","1.02566226716727","1.15511953382508","1.46149415952832","","","",
"OECD members","OED","Intentional homicides (per 100,000 people)","VC.IHR.PSRC.P5","","","","","","","","","","","","","","","","","","","","","","","","","","","","","","","","","","","","","","","","","","","","","","","","","","","","","5","","4.2","4.5","","","","","","","","","","",
"Oman","OMN","Intentional homicides (per 100,000 people)","VC.IHR.PSRC.P5","","","","","","","","","","","","","","","","","","","","","","","","","","","","","","","","","","","","","","","","","","","1.19804521807739","1.48066954184488","1.74649173472787","2.15464496735916","4.81152539272585","1.43959124946404","1.78943388784209","1.3782011048703","1.74074125114327","1.10505749061595","1.09948801917507","2.53005219471595","0.29981718647055","0.38232739411622","0.364391855614282","0.374664193442209","0.282739155186279","0.500953881532248","0.30956353421169","0.24442141451561","0.253687667354583","0.138633928990513","","",
"Other small states","OSS","Intentional homicides (per 100,000 people)","VC.IHR.PSRC.P5","","","","","","","","","","","","","","","","","","","","","","","","","","","","","","","","","","","","","","","","","","","","","","","","","","","","","11.4","","10","9.2","","","","","","","","","","",
"Pakistan","PAK","Intentional homicides (per 100,000 people)","VC.IHR.PSRC.P5","","","","","","","","","","","","","","","","","","","","","","","","","","","","","","","7.06724574289916","","","","","","6.54026430686155","6.52766592359976","6.99278957469395","6.19797206100045","5.75029069524098","6.02307111869464","5.79944378334808","5.59271505599106","5.61283467417069","5.5752755168276","5.5920801274736","5.72161914634586","6.36361817693574","6.42618722690055","6.62018826058729","6.80258538196207","6.66740103101875","6.60289823456376","6.19607584212452","4.36557663665432","3.86846723526245","3.68829384464626","3.63153404981254","3.47225684652177","3.55316509010108","3.78657227562101","4.07754321000689","4.33487075793336","","",
"Panama","PAN","Intentional homicides (per 100,000 people)","VC.IHR.PSRC.P5","","","","","","","","","","","","","","","","","","","","","","","","","","","","","","","11.3211404379327","11.7212472124661","12.1421032113911","11.7777590404338","12.0994379005715","13.8371118680945","8.92013493862192","11.1044699721912","9.71003284824635","9.65505372613931","9.93233884821742","9.9689317914936","12.0152977748691","10.5649025160456","9.47355777770635","10.9869362611305","6.54810061378814","8.11638724767199","14.0831048875658","15.7671135605313","12.677292626363","14.8639320731842","16.9448445310514","17.3318403029072","15.5186126360303","11.8938357734005","10.0519063068018","9.22242063167726","9.62124332136356","11.3349220328569","11.6461589453797","12.6570480772218","11.3389170493456","11.7072934419645","","",
"Peru","PER","Intentional homicides (per 100,000 people)","VC.IHR.PSRC.P5","","","","","","","","","","","","","","","","","","","","","","","","","","","","","","","","","","","","","","","","","","","","","","","","","","","","5.5180019181967","6.65981599009637","6.75097413739705","6.89338555748064","7.37746900609372","7.88881315592262","7.9394377010568","7.68710269227761","7.3499267457301","5.79501314909191","8.60480803979216","","","","",
"Philippines","PHL","Intentional homicides (per 100,000 people)","VC.IHR.PSRC.P5","","","","","","","","","","","","","","","","","","","","","","","","","","","","","","","14.7658089952637","13.5239141267332","12.5792315824779","11.4881217256382","9.33941787376518","","","","7.80171541157697","7.3347410214259","7.20247586332285","7.18905777250657","7.88863329981838","","","","","6.54623986266116","6.27837847973801","9.62872513157651","8.97369523950398","8.64032540631909","8.46913560836537","","","","10.4510468515231","7.64708050157393","5.16236715828629","4.2994572517325","","","","4.34759149828352","","",
"Palau","PLW","Intentional homicides (per 100,000 people)","VC.IHR.PSRC.P5","","","","","","","","","","","","","","","","","","","","","","","","","","","","","","","","","","","","","","","","","","","","","","","","","","","","","","","","16.8828610821914","","","11.2268096213758","","","","","","","",
"Papua New Guinea","PNG","Intentional homicides (per 100,000 people)","VC.IHR.PSRC.P5","","","","","","","","","","","","","","","","","","","","","","","","","","","","","","","","","","","","","","","9.71665028352973","8.41226452085377","8.39795317499971","7.6111531673875","7.93382380682253","9.94448560311182","","9.22596029165051","9.04009057874364","7.46767591349243","8.39481935232785","9.41073158244219","9.34037927179888","","","","","","","","","","","","","","","",
"Poland","POL","Intentional homicides (per 100,000 people)","VC.IHR.PSRC.P5","","","","","","","","","","","","","","","","","","","","","","","","","","","","","","","1.78423829119899","2.22525405442468","2.24148158532643","2.36324011082264","2.39148895941217","2.2233999841573","2.27585734681098","2.10439521324408","1.98035630053945","1.93534675125864","2.23482252627397","2.02889838935666","1.87290370805637","","","","","","0.857987263994944","1.01836330071281","1.00799699931893","1.10446216454824","1.0693406632409","0.797192575262003","0.750030452020356","0.778752821607014","0.67950291225801","0.750229542138962","0.713892149018161","0.661855188726895","0.69686389242182","0.717659927064458","0.703386223722305","0.802314721828908","","",
"Pre-demographic dividend","PRE","Intentional homicides (per 100,000 people)","VC.IHR.PSRC.P5","","","","","","","","","","","","","","","","","","","","","","","","","","","","","","","","","","","","","","","","","","","","","","","","","","","","","13.3","","8.2","8.1","","","","","","","","","","",
"Puerto Rico (US)","PRI","Intentional homicides (per 100,000 people)","VC.IHR.PSRC.P5","","","","","","","","","","","","","","","","","","","","","","","","","","","","","","","16.9441363121878","22.861655225812","23.9574621949028","26.2289276753816","27.140717254145","23.3918255316361","23.3336469576204","19.3294496446478","17.2918749139716","15.6279813075639","19.265769452259","21.0332353967846","21.5182856224394","21.4921376348086","22.192056586322","21.7769172595927","20.7350481897879","20.5682169229389","23.3120906130826","25.5956168309387","27.726661419239","32.0057767848175","27.8355055997358","25.6184967764778","19.7455156433427","17.4342096389883","20.2531208577657","21.5903710503968","20.1819536860636","19.2516608739342","16.9729272652066","19.4269659812923","17.6490453393793","14.5896581532053","","",
"Korea, Dem. People's Rep.","PRK","Intentional homicides (per 100,000 people)","VC.IHR.PSRC.P5","","","","","","","","","","","","","","","","","","","","","","","","","","","","","","","","","","","","","","","","","","","","","","","","","","","","","","","","","","","","","","","","","","",
"Portugal","PRT","Intentional homicides (per 100,000 people)","VC.IHR.PSRC.P5","","","","","","","","","","","","","","","","","","","","","","","","","","","","","","","1.55031373802425","1.52523293783729","1.43235243994931","1.402392472514","1.43021646326171","1.08655014894958","1.05287738974611","1.12753493219435","1.23037242241284","1.06707167094564","1.12805303055093","1.01406904912049","1.14279743752163","","","1.28534783916604","","","","","1.1721711445495","1.07984686066494","1.16045143463187","1.37689714793445","0.884088459392736","0.96429532624377","0.637904765071273","0.735661094098411","0.784476811591817","0.705776821960449","0.78106023430457","0.789147831496343","0.719971949892832","","","",
"Paraguay","PRY","Intentional homicides (per 100,000 people)","VC.IHR.PSRC.P5","","","","","","","","","","","","","","","","","","","","","","","","","","","","","","","","","","","","","","","","","19.5064839944888","25.3291976446545","26.0770664744718","24.1249473264161","22.4380260884275","16.2809142348236","13.4782946324326","14.0842878975945","14.8390325698951","14.4765607993953","12.9139714270104","11.2990930113132","11.0055811353826","10.0962064841382","9.52253702792393","10.0176925113933","10.7054970567084","8.53492626715061","7.73254240471022","8.50337786708883","7.28375188027935","7.85436422886151","7.57344466296988","6.7795163925492","","",
"West Bank and Gaza","PSE","Intentional homicides (per 100,000 people)","VC.IHR.PSRC.P5","","","","","","","","","","","","","","","","","","","","","","","","","","","","","","","","","","","","1.1757785076033","4.36868577008007","1.57366014640984","1.51878842534716","1.76687000941022","1.33257503468264","1.72717697549722","2.55841924605492","","2.76244882455644","2.33316434289589","","","1.22746155335782","1.12209231453472","0.970894209748749","0.728879354067116","0.569352738456195","0.55616572858116","0.543492845086536","0.663487089094152","0.410124550508889","0.506036328137148","0.350472648444494","0.322725871803602","0.355051154981407","0.655695277576543","0.622023007311598","","","",
"Pacific island small states","PSS","Intentional homicides (per 100,000 people)","VC.IHR.PSRC.P5","","","","","","","","","","","","","","","","","","","","","","","","","","","","","","","","","","","","","","","","","","","","","","","","","","","","","4","","3.5","3.4","","","","","","","","","","",
"Post-demographic dividend","PST","Intentional homicides (per 100,000 people)","VC.IHR.PSRC.P5","","","","","","","","","","","","","","","","","","","","","","","","","","","","","","","","","","","","","","","","","","","","","","","","","","","","","2.2","","1.9","2.3","","","","","","","","","","",
"French Polynesia","PYF","Intentional homicides (per 100,000 people)","VC.IHR.PSRC.P5","","","","","","","","","","","","","","","","","","","","","","","","","","","","","","","","","","","","","","","","","","","","","","","1.13971803375845","2.62725286933546","3.35346655289721","0.37108298714383","","","","","","","","","","","","","","","","",
"Qatar","QAT","Intentional homicides (per 100,000 people)","VC.IHR.PSRC.P5","","","","","","","","","","","","","","","","","","","","","","","","","","","","","","","0.908728450356733","0.87940596127316","1.27752806835627","0.825517573721299","1.00108216982558","","","","0.344506838460743","0.489795518534271","0.155041403806887","0.737544713648265","","","0.646552420853902","0.726913675972171","0.513963884785744","0.744666327429784","0.840961260769122","0.504397876611039","0.234023576120117","0.220878544410392","0.367046174933158","0.442773711639193","0.405702920880718","0.247185127859597","0.461649967761444","0.443342737741158","0.362168986600472","0.393149056031246","0.428055468854506","0.319717852547547","0.0691454145354033","","","",
"Romania","ROU","Intentional homicides (per 100,000 people)","VC.IHR.PSRC.P5","","","","","","","","","","","","","","","","","","","","","","","","","","","","","","","3.46999262844531","3.59953421330034","3.66177386320525","3.22647718095903","3.41005330735072","3.345437668207","3.20292291114639","3.09216078120564","2.51739961773668","2.55344193822665","2.52196954118502","3.18888061508443","3.01331880019475","3.22319955303114","2.2753588333156","2.0411638640929","1.69711228263622","1.81594153262399","1.45761745573163","1.25383156711961","1.3018428319408","1.01074789871675","1.05166802858503","1.0865815600829","1.62758998394145","1.70600204986966","1.54724790736617","1.29511300787888","1.27564870308368","1.25118311157138","1.44901611032613","1.26765356960595","1.28868853637199","1.10887485110282","","",
"Russian Federation","RUS","Intentional homicides (per 100,000 people)","VC.IHR.PSRC.P5","","","","","","","","","","","","","","","","","","","","","","","","","","","","","","","14.1932240689117","15.1363246478469","22.7725711471779","30.4181125508508","32.300784146238","30.5189640696838","26.3923491157494","23.6686557817611","22.7269138890421","25.9606678936515","28.0061484707895","29.3743483488237","30.3221540432851","28.6458525438416","27.039519153371","24.6448972080224","20.0162456079663","17.6400957311458","12.6470810308557","12.2743494414076","11.5955549228756","11.2292273482455","11.2598822758413","11.0875143078155","11.3961892650078","11.4556968970425","10.8822499466091","9.09316032017364","8.17044875503453","7.64469087376708","7.30812673633554","6.76512531955806","","","","",
"Rwanda","RWA","Intentional homicides (per 100,000 people)","VC.IHR.PSRC.P5","","","","","","","","","","","","","","","","","","","","","","","","","","","","","","","","","","","","","","","","","","","","","","","3.43038564632014","2.80630226378016","1.46874802541362","","2.82043606558473","","2.36382585584116","3.23617593979811","3.76602860932266","2.51717737303246","3.28881602035978","3.85180847120042","2.28219163427022","3.16215359253131","3.61247427164444","","","","","",
"South Asia","SAS","Intentional homicides (per 100,000 people)","VC.IHR.PSRC.P5","","","","","","","","","","","","","","","","","","","","","","","","","","","","","","","","","","","","","","","","","","","","","","","","","","","3.6","3.6","3.6","3.4","3.5","3.2","3","3","2.9","2.9","2.9","2.8","2.7","2.8","","",
"Saudi Arabia","SAU","Intentional homicides (per 100,000 people)","VC.IHR.PSRC.P5","","","","","","","","","","","","","","","","","","","","","","","","","","","","","","","","","","","","","","","","1.18923936153487","1.06937181885064","1.34378654519932","1.59120897796954","1.33072394336726","1.53028956535709","1.4445602578613","1.18830462202966","1.1847116316888","","","","","","","","","","","0.737688493612268","0.935259944754359","","","","","","",
"Sudan","SDN","Intentional homicides (per 100,000 people)","VC.IHR.PSRC.P5","","","","","","","","","","","","","","","","","","","","","","","","","","","","","","","","","","","","","","","","","","","","","","","","4.6692555541","5.1480839388","","","","","","","","","","","","","","","","","",
"Senegal","SEN","Intentional homicides (per 100,000 people)","VC.IHR.PSRC.P5","","","","","","","","","","","","","","","","","","","","","","","","","","","","","","","","","","","","","","","","","","","","","","","","","","","","","","","","0.267518151792543","","","","","","","","","","",
"Singapore","SGP","Intentional homicides (per 100,000 people)","VC.IHR.PSRC.P5","","","","","","","","","","","","","","","","","","","","","","","","","","","","","","","1.54626066467495","1.62612461662518","1.3327281301251","1.74809788865943","1.43366365138918","1.52817595644359","0.900517388172113","1.00088960648576","1.02526838001829","0.983220460464831","1.01604735276297","0.777422484904642","0.747547711931284","0.652450495318668","0.479298211558636","","0.385744866530007","0.391601028170255","0.561711146908061","0.402530508038786","0.374235722020857","0.30874685632986","0.20780832213766","0.315657239686991","0.256508913684751","0.253378095590325","0.32270038551043","0.196285615913482","0.159733932962686","0.211656543163604","0.177931178177524","0.108180423309996","0.123896338057884","0.0690954942050905","","",
"Solomon Islands","SLB","Intentional homicides (per 100,000 people)","VC.IHR.PSRC.P5","","","","","","","","","","","","","","","","","","","","","","","","","","","","","","","","","","","","","","","","","","","","","4.21397734144383","5.38212575336823","4.6786623500921","5.19838330279283","3.73435012480591","","","","","","","","","","","","","","","","","",
"Sierra Leone","SLE","Intentional homicides (per 100,000 people)","VC.IHR.PSRC.P5","","","","","","","","","","","","","","","","","","","","","","","","","","","","","","","","","","","","","","","","","","","","","2.09122346188414","1.79943971990539","1.79572602981332","2.33069723938478","3.12143616599424","2.60913512702566","2.61943582816115","2.92770708400218","1.72490642764247","","","1.76195053608056","","","","","2.22431228940123","","","","","",
"El Salvador","SLV","Intentional homicides (per 100,000 people)","VC.IHR.PSRC.P5","","","","","","","","","","","","","","","","","","","","","","","","","","","","","","","","","","","134.281182661434","138.438377957597","116.996819794925","112.463209490916","94.9533743902383","65.0163119923982","59.7472879846202","60.1535507350797","47.3555199373003","55.9464014802791","64.8994757581223","64.6399118153084","65.4247078983383","58.1880552418794","52.7258860134014","72.4503614995274","65.7026379683301","71.7719022936632","42.4273897096406","40.9360792814407","63.6220773963139","107.638231074992","85.0858022421141","63.764040219627","53.7958771232068","38.5386955905095","21.5087446038674","17.343956146806","7.89768799960639","","","",
"San Marino","SMR","Intentional homicides (per 100,000 people)","VC.IHR.PSRC.P5","","","","","","","","","","","","","","","","","","","","","","","","","","","","","","","","","","","","","","","","","","","3.63762026882014","","","","","","","","","","","","","","","","","","","","","","","",
"Somalia, Fed. Rep.","SOM","Intentional homicides (per 100,000 people)","VC.IHR.PSRC.P5","","","","","","","","","","","","","","","","","","","","","","","","","","","","","","","","","","","","","","","","","","","","","","","","","","","","","","","","","","","","","","","","","","",
"Serbia","SRB","Intentional homicides (per 100,000 people)","VC.IHR.PSRC.P5","","","","","","","","","","","","","","","","","","","","","","","","","","","","","","","","","","","","","","","","","2.96311487314067","3.17567065132744","2.62579425352805","2.31855480790214","2.16763741135982","1.94982632618366","2.07684499553911","2.28518309996179","1.87811591167972","2.07397700915681","1.78478121117552","1.75156114676202","1.50178377781355","1.91034319590384","1.63272026762776","1.39329072000109","1.62782274638115","1.21580435389435","1.49572244747486","1.26325112750546","1.21601456438015","1.1264836301447","1.08964325742373","1.31400205013848","","",
"Sub-Saharan Africa (excluding high income)","SSA","Intentional homicides (per 100,000 people)","VC.IHR.PSRC.P5","","","","","","","","","","","","","","","","","","","","","","","","","","","","","","","","","","","","","","","","","","","","","","","","","","","","","14.4","","9.5","9.4","","","","","","","","","","",
"South Sudan","SSD","Intentional homicides (per 100,000 people)","VC.IHR.PSRC.P5","","","","","","","","","","","","","","","","","","","","","","","","","","","","","","","","","","","","","","","","","","","","","","","","","","","","","13.9825812737537","","","","","","","","","","","","","",
"Sub-Saharan Africa","SSF","Intentional homicides (per 100,000 people)","VC.IHR.PSRC.P5","","","","","","","","","","","","","","","","","","","","","","","","","","","","","","","","","","","","","","","","","","","","","","","","","","","14.2","14.2","14.3","14.3","14.4","14.3","14.3","14.1","13.5","13.1","12.5","12.8","12.6","12.2","","",
"Small states","SST","Intentional homicides (per 100,000 people)","VC.IHR.PSRC.P5","","","","","","","","","","","","","","","","","","","","","","","","","","","","","","","","","","","","","","","","","","","","","","","","","","","","","14.4","","13","13","","","","","","","","","","",
"Sao Tome and Principe","STP","Intentional homicides (per 100,000 people)","VC.IHR.PSRC.P5","","","","","","","","","","","","","","","","","","","","","","","","","","","","","","","6.50512278419255","5.56896970082699","9.36695027710561","6.13181877409613","6.02715988925094","","","","","","","","","","","","2.41490479237856","2.35710771098324","8.05556035053196","2.8113025608155","3.30029372614163","3.23189666549062","","","","","","","","","","","","","","",
"Suriname","SUR","Intentional homicides (per 100,000 people)","VC.IHR.PSRC.P5","","","","","","","","","","","","","","","","","","","","","","","","","","","","","","","","","","","","","","","","","14.2664425995976","16.236452068041","11.4791718482373","11.8480019825657","8.95075721460219","13.2867974485498","11.8095912929026","8.47432092441659","8.00378970135627","","","","","5.09648167024006","5.56160959933817","5.84567085090617","6.97567191883721","6.06353574875403","6.33848335105607","4.95239101438174","8.9822828553534","5.66438365032303","7.22121303541283","6.51946457704576","","",
"Slovak Republic","SVK","Intentional homicides (per 100,000 people)","VC.IHR.PSRC.P5","","","","","","","","","","","","","","","","","","","","","","","","","","","","","","","1.76602017668557","2.42200665522016","","2.57211303779692","2.41426956835667","2.39060998281376","2.46157128248889","2.60718340483068","2.38148573452834","2.62174178855597","2.39776996241077","2.19353809701647","2.25003777181177","2.5482701895541","2.00891418467334","1.72968710332277","1.5250576267202","1.52501423191635","1.59877437213017","1.44844846564276","1.65063908479667","1.77840071202719","1.38763718875067","1.44166216994369","1.32958329289954","0.885563434200239","1.10553043442371","1.47175143295698","1.23088635575335","1.39433538407656","1.15489878274585","1.0105169087957","0.767376066253057","1.12358440823663","","",
"Slovenia","SVN","Intentional homicides (per 100,000 people)","VC.IHR.PSRC.P5","","","","","","","","","","","","","","","","","","","","","","","","","","","","","","","2.05204486270569","2.00080732575594","2.4049801125681","1.30600074693197","2.0621024794519","2.21317391774538","1.91263005255203","1.81415265842655","0.707047674457069","1.2618653196002","1.81194433706997","1.40726217646163","1.80761775311607","1.05395761082866","1.35437123315501","1.00154563530168","0.599067252288187","1.19156520778539","0.493806310894034","0.638629834427847","0.733635525957981","0.780943418696957","0.681822277179262","0.583532281370513","0.777302570612473","0.970898765842034","0.485113562659451","0.921252321313415","0.434891751818874","0.671965756625042","0.523206714930108","0.425835133669648","0.614590956625007","0.566466326409227","","",
"Sweden","SWE","Intentional homicides (per 100,000 people)","VC.IHR.PSRC.P5","","","","","","","","","","","","","","","","","","","","","","","","","","","","","","","1.10999884034332","1.33457754644069","1.31524699502116","1.23881112672625","1.13892751751386","0.985690269832145","1.11986801393953","0.983548289507778","1.03947655124504","1.14025259304447","1.08204358809711","0.977965262336652","1.13164676508968","0.948826864882924","1.18970734144495","0.919181722281867","1.00213388442621","1.2133435654997","0.889380578965065","1.00013550222933","0.970332147893121","0.857210073297811","0.714324244275151","0.906191475133898","0.89723711300655","1.14291761252879","1.06819519352472","1.12349926472939","1.06138286689242","1.07985845098683","1.19764105277864","1.08485573554827","1.10609575089503","1.14675703743944","","",
"Eswatini","SWZ","Intentional homicides (per 100,000 people)","VC.IHR.PSRC.P5","","","","","","","","","","","","","","","","","","","","","","","","","","","","","","","18.6834795057704","18.7185603885533","18.4436134218627","17.9137944968617","15.6505399178861","","","","16.1819835679312","11.0595644859922","12.2909872015295","17.5060617117218","12.6481735895753","12.6558545045467","13.6047005172116","12.882041738742","11.7111567672043","11.0937421209218","19.7615590321936","16.9207263968308","18.7109252012774","15.3869069051876","9.25379283160277","9.02662855423499","10.3845906755176","9.8003828274542","10.0912782213252","11.224366891744","","","","12.5145709802017","","","","",
"Sint Maarten (Dutch part)","SXM","Intentional homicides (per 100,000 people)","VC.IHR.PSRC.P5","","","","","","","","","","","","","","","","","","","","","","","","","","","","","","","","","","","","","","","","","","","","","","","","","","","","","","","","","","","","","","","","","","",
"Seychelles","SYC","Intentional homicides (per 100,000 people)","VC.IHR.PSRC.P5","","","","","","","","","","","","","","","","","","","","","","","","","","","","","","","","","","","","","","","","","","","","","11.3435917214468","","9.95872661082403","8.74622818909345","6.48315729760393","14.952791899859","9.47657706036579","16.490765171504","4.0183639231287","17.6310698631143","15.2884013587567","6.52805431341189","10.926871909744","6.22629006506473","7.82336578581363","8.49975138227207","7.48185649799237","4.06545380628113","7.96669919735506","","","",
"Syrian Arab Republic","SYR","Intentional homicides (per 100,000 people)","VC.IHR.PSRC.P5","","","","","","","","","","","","","","","","","","","","","","","","","","","","","","","","","","","","","","1.91989092943963","2.12383835997202","2.03351460061943","2.1457050317925","2.20510561121672","2.10666943205194","2.26392369671573","2.3231876293858","2.28552099593863","2.27122008950186","2.55217772944335","2.44493534185927","2.16590372025588","2.05938679956635","","","","","","","","","","","","","","","",
"Turks and Caicos Islands","TCA","Intentional homicides (per 100,000 people)","VC.IHR.PSRC.P5","","","","","","","","","","","","","","","","","","","","","","","","","","","","","","","","","7.71039747098963","7.32734933137937","13.9435981455014","6.643856094077","6.34296406710856","12.134449702706","","","","","9.71015196387824","","","","","7.6133919564514","7.29195150852247","6.99581999755146","","","","11.8860131340445","5.70613409415121","","","","","30.1166440791836","51.8187245834788","30.9436714666195","76.3400403511642","","","",
"Chad","TCD","Intentional homicides (per 100,000 people)","VC.IHR.PSRC.P5","","","","","","","","","","","","","","","","","","","","","","","","","","","","","","","","","","","","","","","","","","","","","","","","","","","","","","","","","","","","","","","","","","",
"East Asia & Pacific (IDA & IBRD countries)","TEA","Intentional homicides (per 100,000 people)","VC.IHR.PSRC.P5","","","","","","","","","","","","","","","","","","","","","","","","","","","","","","","","","","","","","","","","","","","","","","","","","","","","","2.1","","1.5","1.4","","","","","","","","","","",
"Europe & Central Asia (IDA & IBRD countries)","TEC","Intentional homicides (per 100,000 people)","VC.IHR.PSRC.P5","","","","","","","","","","","","","","","","","","","","","","","","","","","","","","","","","","","","","","","","","","","","","","","","","","","","","5.2","","5.1","5.7","","","","","","","","","","",
"Togo","TGO","Intentional homicides (per 100,000 people)","VC.IHR.PSRC.P5","","","","","","","","","","","","","","","","","","","","","","","","","","","","","","","","","","","","","","","","","","","","","","","","","","","","","","","","","","","","","","","","","","",
"Thailand","THA","Intentional homicides (per 100,000 people)","VC.IHR.PSRC.P5","","","","","","","","","","","","","","","","","","","","","","","","","","","","","","","9.76281172192889","10.0394591713935","10.5408837302963","9.54957043277724","8.59210539748611","7.6855090378549","7.46661418786202","7.8831333955031","8.71386668032668","8.10927378042329","8.16089242263043","7.88673994165525","7.06122860880889","9.91857847562255","6.52844364057858","7.27989678542343","7.04095366870716","6.60930214643831","5.87697421098978","5.43590911946787","5.32812691440829","4.79225300638159","","","","","","","","","","","","","","",
"Tajikistan","TJK","Intentional homicides (per 100,000 people)","VC.IHR.PSRC.P5","","","","","","","","","","","","","","","","","","","","","","","","","","","","","","","3.11182106732499","2.6708991997228","10.7091018515241","22.7773184371301","10.9177651952632","7.31266404637944","7.97821157013759","8.11097507764467","7.94961852355022","5.75030160895694","4.50297391194904","3.63643344226506","2.75580406784238","2.46298945344912","2.09114244339539","2.26723984993183","2.74882284141425","1.83474060485977","1.36269430828479","1.2950203131279","2.36535123734333","1.61026778305936","","","","","","","","","0.892370798940089","","","","","",
"Turkmenistan","TKM","Intentional homicides (per 100,000 people)","VC.IHR.PSRC.P5","","","","","","","","","","","","","","","","","","","","","","","","","","","","","","","8.82846765988701","7.93590383136879","7.50376107010731","8.23329487409197","7.48178985789943","6.41820422224786","7.83335315124774","8.25506775842628","7.82223084808967","7.1457669678574","5.82628887002073","5.30434820736023","5.05297764004978","4.7904285182228","4.21533036996281","4.07738561201459","3.94396423387863","","","","1.88701082389409","1.75950488940016","1.36006509719172","1.41429832030187","1.46495233226172","1.01355101620555","","","","","","","","","","",
"Latin America & the Caribbean (IDA & IBRD countries)","TLA","Intentional homicides (per 100,000 people)","VC.IHR.PSRC.P5","","","","","","","","","","","","","","","","","","","","","","","","","","","","","","","","","","","","","","","","","","","","","","","","","","","","","23.6","","22.9","22.7","","","","","","","","","","",
"Timor-Leste","TLS","Intentional homicides (per 100,000 people)","VC.IHR.PSRC.P5","","","","","","","","","","","","","","","","","","","","","","","","","","","","","","","","","","","","","","","","","","","","","2.47558321511527","4.8507319069018","5.01742274448928","6.16983567339278","3.39006198486192","3.02234076514334","3.59553213645137","","","","","4.06594633033822","","","","","","","","","","",
"Middle East, North Africa, Afghanistan & Pakistan (IDA & IBRD)","TMN","Intentional homicides (per 100,000 people)","VC.IHR.PSRC.P5","","","","","","","","","","","","","","","","","","","","","","","","","","","","","","","","","","","","","","","","","","","","","","","","","","","","","4.2","","3.9","3.8","","","","","","","","","","",
"Tonga","TON","Intentional homicides (per 100,000 people)","VC.IHR.PSRC.P5","","","","","","","","","","","","","","","","","","","","","","","","","","","","","","","","","","","","1.99552005747098","1.99450513834386","1.98662011353534","","","0.973923206155195","5.80897195718788","5.77625669684761","5.74360545259611","1.90347479323505","3.78533372448448","7.52919917555269","0.936978805539419","3.73761913660998","7.46251253468902","0.931103031205918","1.85926308107782","0.930583149930904","","","","","","9.47270204089365","0.946346864516251","","","","","","",
"South Asia (IDA & IBRD)","TSA","Intentional homicides (per 100,000 people)","VC.IHR.PSRC.P5","","","","","","","","","","","","","","","","","","","","","","","","","","","","","","","","","","","","","","","","","","","","","","","","","","","","","3.9","","3.7","3.6","","","","","","","","","","",
"Sub-Saharan Africa (IDA & IBRD countries)","TSS","Intentional homicides (per 100,000 people)","VC.IHR.PSRC.P5","","","","","","","","","","","","","","","","","","","","","","","","","","","","","","","","","","","","","","","","","","","","","","","","","","","","","14.4","","9.5","9.4","","","","","","","","","","",
"Trinidad and Tobago","TTO","Intentional homicides (per 100,000 people)","VC.IHR.PSRC.P5","","","","","","","","","","","","","","","","","","","","","","","","","","","","","","","","","","","","","","","","","9.0924623865668","11.3913517762588","12.8377366394634","17.1060263634493","19.325395055672","28.549567337224","27.3055528160047","28.6367899257091","39.8663493392717","36.764279333109","34.1108885129239","25.2332824127606","27.0692095577105","28.8110385211372","28.4984183377823","29.3873061531072","32.2193196226095","34.2498809038232","35.1576671765775","36.2988873279844","26.9408284203458","30.1132439458432","40.4432986623964","","","",
"Tunisia","TUN","Intentional homicides (per 100,000 people)","VC.IHR.PSRC.P5","","","","","","","","","","","","","","","","","","","","","","","","","","","","","","","","","","","","","","","","","","","","","1.91812781282378","2.53523179941246","2.40663186554563","2.61451616726295","2.65588251893383","2.39421321482698","2.65651617409655","","3.01553732901415","","","","","","","4.80838825436222","4.69348024650292","","","","","",
"Turkiye","TUR","Intentional homicides (per 100,000 people)","VC.IHR.PSRC.P5","","","","","","","","","","","","","","","","","","","","","","","","","","","","","","","","","","","","","","","","","","","","4.18240847006562","4.24827062656029","4.76708660324403","4.52278419997034","5.08688366199539","4.55127664672389","","4.17741645852185","4.1244918510834","4.27675507086876","","","2.79325328973375","3.31161155785991","3.05836302689691","2.55994219861376","2.39580104761995","2.49036807460102","2.49751250926437","2.62122678525057","3.22789482308636","","",
"Tuvalu","TUV","Intentional homicides (per 100,000 people)","VC.IHR.PSRC.P5","","","","","","","","","","","","","","","","","","","","","","","","","","","","","","","","","","","","","","","","","","","","","","","","","","","9.42151874882231","9.27686812931954","18.2907311719786","","","","","","","","","","","","","",
"Tanzania","TZA","Intentional homicides (per 100,000 people)","VC.IHR.PSRC.P5","","","","","","","","","","","","","","","","","","","","","","","","","","","","","","","","","","","","6.94455940999813","7.37742376484379","7.45770271278924","","","","","","7.48997932167156","7.6778416479797","","","","","","8.68662061022504","9.01381068307978","8.63760184710429","7.57207576168001","","7.20094334280093","6.38934150079073","5.65469286500665","4.75998593558216","4.59485426006108","3.74921291744897","","","","","",
"Uganda","UGA","Intentional homicides (per 100,000 people)","VC.IHR.PSRC.P5","","","","","","","","","","","","","","","","","","","","","","","","","","","","","","","","","","","","8.27459359829534","8.50620912053546","8.78017937874443","","","","","","","","","","8.91970998094133","9.1455171126034","10.2794330166168","9.75585614946885","11.2518403976957","11.8413029510429","10.914892084063","12.2899679036209","","11.5517988640576","11.7852360138494","10.8189825436186","10.9721855213314","10.0321315001","8.52084677875181","8.75663044480037","8.97308867739149","","",
"Ukraine","UKR","Intentional homicides (per 100,000 people)","VC.IHR.PSRC.P5","","","","","","","","","","","","","","","","","","","","","","","","","","","","","","","4.91411890429172","5.07562056481594","6.44067965377161","7.06015499427981","8.10930210113304","8.52986359050662","9.55762626395874","8.33089101970805","8.32676141125089","8.50400598209799","8.91504794713768","9.88456693180039","8.82547240056403","8.36383861156885","7.26768625683968","6.36747840037847","6.25651793325215","5.62227515669595","5.26707267623711","4.80442030690337","4.27931783411627","","5.05517673469169","","6.18849833107946","","","6.05466477531939","4.42833090390794","4.04827159044446","3.80035686872931","3.77663964401616","","","","",
"Upper middle income","UMC","Intentional homicides (per 100,000 people)","VC.IHR.PSRC.P5","","","","","","","","","","","","","","","","","","","","","","","","","","","","","","","","","","","","","","","","","","","","","","","","","","","6.4","6.3","6.3","6.1","6","6","6.1","6.4","6.2","5.6","5.5","5.7","5.7","5.7","","",
"Uruguay","URY","Intentional homicides (per 100,000 people)","VC.IHR.PSRC.P5","","","","","","","","","","","","","","","","","","","","","","","","","","","","","","","6.63573640406867","6.21326188722705","5.79672940246071","","","5.98851208989666","6.39361461910898","7.5387524450532","7.53253925757256","6.63795240065697","6.55194336304211","6.65801023531638","7.04511757340532","6.00392662896892","6.09171534327958","5.78250888452056","6.14073873999033","5.88743616570098","6.69255362560008","6.82760685431307","6.17734091087152","5.98168012770136","8.00503447711385","7.77201220684194","7.98490138572303","8.69948102993542","7.90108434244779","8.35193212210643","12.4022914485464","11.5977676357818","10.0324569104505","9.00875836787795","11.2948931452974","11.2453054170348","","",
"United States","USA","Intentional homicides (per 100,000 people)","VC.IHR.PSRC.P5","","","","","","","","","","","","","","","","","","","","","","","","","","","","","","","9.25037955939706","9.63187233852536","9.15233015234456","9.33849837151796","8.78652102623221","8.05575436588861","7.25280570053619","6.65818273718576","6.14734210977422","5.56772173977322","5.53707946956534","6.69516821550341","5.65304262610104","","","","5.79419136382991","5.67445011466685","5.39888580801544","4.9992946235203","4.73280651793807","4.66754631709583","4.68473058437162","4.47313924865612","4.38357348743573","4.87019612648983","5.28982026159524","5.20582704229048","4.88693701574911","4.93472178525416","6.35465593745812","6.77972198500888","6.51267429794199","5.76340794073065","","",
"Uzbekistan","UZB","Intentional homicides (per 100,000 people)","VC.IHR.PSRC.P5","","","","","","","","","","","","","","","","","","","","","","","","","","","","","","","5.49720214399679","5.0660905380026","5.32927706308707","5.18010883686091","5.42663138718187","5.0485241935468","4.93748260586543","4.4362211140555","4.41269166360506","4.14283235765341","4.30870073731431","4.30844092727932","4.1653576925131","3.74544085919713","3.69582797880085","3.45259657932287","3.22483462750267","3.01004490765404","3.02239249134413","","","","","","","1.64556342685201","2.41972336009243","1.85737044900045","1.46416093130273","1.20128497449438","1.33685174451114","1.39879762685076","","","","",
"St. Vincent and the Grenadines","VCT","Intentional homicides (per 100,000 people)","VC.IHR.PSRC.P5","","","","","","","","","","","","","","","","","","","","","","","","","","","","","","","9.83794226022252","16.0397071862344","15.9987201023918","12.4185035703198","11.512830163615","17.6916782768305","21.2165949133214","7.95471117769499","21.2051599222477","12.3493816488189","17.614161786076","10.572594074061","17.6450088886732","15.9092817401219","25.7013590701426","23.1214900911076","17.8549109932687","35.8643073929787","14.4107143661312","20.8129728164477","22.7358503435387","","","","","","37.6121901108149","36.9097981317964","32.4037893372472","18.2399416321868","31.8760504607538","31.1159945935959","41.1579091782137","51.3212761232698","","",
"Venezuela, RB","VEN","Intentional homicides (per 100,000 people)","VC.IHR.PSRC.P5","","","","","","","","","","","","","","","","","","","","","","","","","","","","","","","12.4779278368246","12.3221512683443","15.7163186203055","20.1933513390716","21.7857723486674","20.1903047742501","21.8911625760581","18.2649898123507","19.2785692454324","24.8227901468482","32.7072022874003","31.8655925319861","37.8091067461912","43.8038461298566","36.8970797360357","37.1988094364987","45.0216395516922","47.5815663456695","52.0038429160992","49.1766420057909","45.3960162080437","48.3052863947894","54.3821288251794","","62.9006092038036","51.2004132142202","56.5792047678519","47.9792075487112","","41.0324133949647","29.475380243919","19.2791045599615","12.6466448562847","","","",
"British Virgin Islands","VGB","Intentional homicides (per 100,000 people)","VC.IHR.PSRC.P5","","","","","","","","","","","","","","","","","","","","","","","","","","","","","","","6.36760164284122","","","","","11.2110765436251","10.9370300494901","","","5.06829527888295","","4.8086170417388","4.66646445320703","9.03607653556826","17.4821354428443","","8.16559833421794","","","","","","","","","","","","","","","","","","","",
"Virgin Islands (U.S.)","VIR","Intentional homicides (per 100,000 people)","VC.IHR.PSRC.P5","","","","","","","","","","","","","","","","","","","","","","","","","","","","","","","","","","","","","","27.7554192456077","23.0580509490694","24.8669159498241","21.1828308550956","25.8003879272613","37.8167731224203","28.658592955533","34.311838975467","34.3845399673812","40.0186133085156","40.1010920553209","43.0067314884069","46.8344589214961","52.6756403382529","42.6983456763181","49.8571401177396","","","","","","","","","","","","","",
"Viet Nam","VNM","Intentional homicides (per 100,000 people)","VC.IHR.PSRC.P5","","","","","","","","","","","","","","","","","","","","","","","","","","","","","","","","","","","","","","","","","","1.28768529987055","1.35453837129189","1.33100770216075","1.3231436501524","1.298584174516","1.27543729928635","1.39657163544714","1.28205448056468","1.42609270232914","1.52764014135863","1.53501286347562","","","","","","","","","","","","","","",
"Vanuatu","VUT","Intentional homicides (per 100,000 people)","VC.IHR.PSRC.P5","","","","","","","","","","","","","","","","","","","","","","","","","","","","","","","","","","","","","","","","","","","","","","","","","","","","","","","","","","","","0.684967866444965","0.3346065111081","","","","","",
"World","WLD","Intentional homicides (per 100,000 people)","VC.IHR.PSRC.P5","","","","","","","","","","","","","","","","","","","","","","","","","","","","","","","","","","","","","","","","","6.8542485823212","6.94372341767155","6.90600062311234","6.72934177772262","6.5042041506188","6.29398148415796","6.17818854587189","6.01240602344251","6.01009024538274","6.06683641768258","6.1","6.2","6.2","6.1","6.1","5.9","6","5.9","5.7","5.4","5.3","5.5","5.3","5.2","","",
"Samoa","WSM","Intentional homicides (per 100,000 people)","VC.IHR.PSRC.P5","","","","","","","","","","","","","","","","","","","","","","","","","","","","","","","","","","","","","","","","","","","","","","","","","","8.35450242411109","8.28918908417413","","","3.02619932061825","","","","3.40774385449907","6.26258538794308","","","","","","","",
"Kosovo","XKX","Intentional homicides (per 100,000 people)","VC.IHR.PSRC.P5","","","","","","","","","","","","","","","","","","","","","","","","","","","","","","","","","","","","","","","","","","","","","","","","","6.27478679607165","4.06757410716052","5.92595077267969","3.45991989727386","4.98192116165116","2.25625933114568","3.04038656027525","2.36085035581387","2.15692969005204","2.71474940317931","2.48905241208978","1.36748864129747","2.11257513202167","1.89497747704421","","","","",
"Yemen, Rep.","YEM","Intentional homicides (per 100,000 people)","VC.IHR.PSRC.P5","","","","","","","","","","","","","","","","","","","","","","","","","","","","","","","","","","","","","","","3.33405390460404","5.38114141156168","3.55174790967278","","","3.28107552537173","2.92371623795113","","","","","3.81830668627734","4.10773754599573","4.9849730254046","5.68340730819006","5.80971851623815","","","","","","","","","","","","",
"South Africa","ZAF","Intentional homicides (per 100,000 people)","VC.IHR.PSRC.P5","","","","","","","","","","","","","","","","","","","","","","","","","","","","","","","","","","","59.0058123963542","60.3414054621735","56.4456925288109","53.6187769339318","54.3593478699825","48.371149061953","46.1368317963984","44.9998733885833","44.8839287192482","40.8739335231162","38.3597777084255","37.4378416502353","38.213316830898","36.4150322955323","35.379325145242","32.4134564386112","30.3625716702744","29.3498251398405","30.1454561488805","31.132729039924","32.026354388996","32.9193156001477","33.2101800798263","35.2840163787516","35.8657632618552","35.7874756270719","32.9775673780065","40.9429825270973","43.7202551331462","","","",
"Zambia","ZMB","Intentional homicides (per 100,000 people)","VC.IHR.PSRC.P5","","","","","","","","","","","","","","","","","","","","","","","","","","","","","","","7.06380763119835","8.5696566499408","9.39256519761077","8.89666859766172","9.68952816195481","","","","9.19597589578639","11.0061545142944","7.95597242721496","","","","","","","","5.32971915912698","6.01909974504443","5.82860993954142","5.9773668355394","5.93416934268648","5.63023682646344","5.19020856145348","5.20150860823759","","","","","","","","","","",
"Zimbabwe","ZWE","Intentional homicides (per 100,000 people)","VC.IHR.PSRC.P5","","","","","","","","","","","","","","","","","","","","","","","","","","","","","","","5.79050705063286","","","","","","","","","","","12.7715718342654","13.4269241514461","11.118084893527","10.9656429263193","10.8143341836738","8.48339861408806","","","","5.32323192052437","","7.09949357669519","","","","","","4.88212007993374","5.1730796210621","5.02354351291954","6.2162875596387","6.75833125350771","","","",
